frame,det_id,x1,y1,x2,y2,conf,cls
10,0,1225.5,537.0,1306.5,630.0,0.79052734375,2
10,1,678.0,312.0,730.5,372.75,0.7744140625,2
10,2,851.25,276.0,909.75,338.625,0.70556640625,2
10,3,1468.5,8.625,1492.5,31.59375,0.63330078125,1
10,4,1040.25,194.625,1064.25,239.625,0.609375,2
10,5,1573.5,63.28125,1597.5,103.59375,0.552734375,2
10,6,1509.75,28.3125,1524.75,53.625,0.53515625,2
10,7,1338.0,53.015625,1356.0,79.6875,0.5078125,2
10,8,1767.0,487.5,1908.0,624.0,0.48046875,2
10,9,1175.25,94.78125,1232.25,138.09375,0.45703125,2
10,10,1551.0,22.875,1581.0,56.4375,0.447509765625,1
10,11,980.25,123.9375,1034.25,166.3125,0.43408203125,2
10,12,1032.0,258.0,1290.0,316.5,0.332763671875,1
10,13,849.0,277.125,888.0,337.5,0.306640625,2
10,14,1104.0,131.625,1164.0,169.3125,0.29345703125,2
10,15,1284.0,501.0,1314.0,531.0,0.29345703125,2
11,0,1225.5,537.0,1306.5,630.0,0.7890625,2
11,1,678.0,312.0,730.5,372.75,0.7744140625,2
11,2,851.25,276.0,909.75,338.625,0.70556640625,2
11,3,1468.5,8.5546875,1492.5,31.59375,0.63330078125,1
11,4,1040.25,194.625,1064.25,239.625,0.607421875,2
11,5,1573.5,63.1875,1597.5,103.6875,0.55078125,2
11,6,1509.75,28.3125,1524.75,53.625,0.537109375,2
11,7,1338.0,53.015625,1356.0,79.6875,0.5078125,2
11,8,1767.0,487.125,1908.0,624.375,0.4853515625,2
11,9,1175.25,94.78125,1232.25,138.09375,0.4580078125,2
11,10,1551.0,22.875,1581.0,56.4375,0.447509765625,1
11,11,849.0,276.75,894.0,338.25,0.435791015625,2
11,12,980.25,123.9375,1034.25,166.3125,0.43408203125,2
11,13,1032.0,257.8125,1290.0,316.3125,0.3251953125,1
11,14,1104.0,131.625,1164.0,169.125,0.294921875,2
11,15,1284.0,501.0,1314.0,531.0,0.29248046875,2
12,0,838.5,278.625,895.5,340.125,0.81396484375,2
12,1,1228.5,531.75,1312.5,629.25,0.77197265625,2
12,2,669.375,311.625,720.375,377.625,0.71240234375,2
12,3,1035.0,194.8125,1062.0,240.9375,0.68408203125,2
12,4,1467.0,8.90625,1491.0,31.59375,0.61865234375,1
12,5,1573.5,63.0,1597.5,103.875,0.56591796875,2
12,6,1509.0,27.375,1524.0,52.875,0.5546875,2
12,7,1767.0,487.125,1908.0,624.375,0.5390625,2
12,8,1338.0,54.140625,1356.0,81.1875,0.52734375,2
12,9,1174.5,95.0625,1231.5,138.1875,0.486328125,2
12,10,979.5,124.5,1033.5,166.6875,0.4765625,2
12,11,1551.0,22.40625,1581.0,56.53125,0.43017578125,1
12,12,1032.0,258.0,1290.0,316.5,0.36572265625,1
12,13,1102.5,130.875,1165.5,169.5,0.361083984375,2
12,14,1579.5,738.75,1648.5,863.25,0.30908203125,2
12,15,1767.0,517.125,1881.0,623.625,0.2705078125,2
12,16,1296.0,505.5,1326.0,580.5,0.2666015625,2
13,0,834.0,277.875,894.0,341.625,0.7705078125,2
13,1,1230.0,531.0,1305.0,628.5,0.7607421875,2
13,2,665.25,314.25,714.75,378.0,0.7431640625,2
13,3,1033.5,192.75,1060.5,241.875,0.6689453125,2
13,4,1573.5,63.1875,1597.5,103.6875,0.56591796875,2
13,5,1508.25,26.71875,1524.75,52.21875,0.546875,2
13,6,1767.0,487.5,1908.0,624.75,0.5380859375,2
13,7,1338.0,54.328125,1356.0,81.75,0.48828125,2
13,8,1168.5,97.5,1228.5,141.9375,0.474609375,2
13,9,979.5,125.4375,1033.5,167.25,0.462890625,2
13,10,1551.0,22.40625,1581.0,56.53125,0.447509765625,1
13,11,1030.5,258.0,1288.5,316.125,0.42431640625,1
13,12,1102.5,130.875,1165.5,169.125,0.34326171875,2
13,13,1767.0,517.125,1881.0,623.625,0.267333984375,2
13,14,1466.25,11.7421875,1487.25,33.09375,0.259765625,1
14,0,834.0,277.875,894.0,341.625,0.76904296875,2
14,1,1230.0,531.0,1305.0,628.5,0.75927734375,2
14,2,665.25,314.625,714.75,378.0,0.7431640625,2
14,3,1033.5,192.75,1060.5,241.875,0.6689453125,2
14,4,1573.5,63.1875,1597.5,103.6875,0.56591796875,2
14,5,1508.25,26.71875,1524.75,52.125,0.544921875,2
14,6,1767.0,487.5,1908.0,624.75,0.54296875,2
14,7,1338.0,54.28125,1356.0,81.84375,0.48828125,2
14,8,1168.5,97.5,1228.5,141.75,0.474609375,2
14,9,979.5,125.4375,1033.5,167.25,0.462890625,2
14,10,1551.0,22.40625,1581.0,56.53125,0.447509765625,1
14,11,1030.5,258.1875,1288.5,316.3125,0.42333984375,1
14,12,1102.5,130.875,1165.5,169.125,0.34326171875,2
14,13,1767.0,516.75,1881.0,623.25,0.267333984375,2
14,14,1466.25,11.7421875,1487.25,33.09375,0.260498046875,1
15,0,828.0,279.0,885.0,343.5,0.7646484375,2
15,1,1230.75,530.25,1307.25,626.25,0.763671875,2
15,2,661.875,317.0625,708.375,380.25,0.75048828125,2
15,3,1029.0,196.125,1059.0,242.625,0.732421875,2
15,4,1508.25,26.484375,1524.75,51.609375,0.56396484375,2
15,5,1573.5,63.375,1597.5,103.875,0.56201171875,2
15,6,1767.0,486.75,1908.0,624.75,0.5546875,2
15,7,1031.25,258.0,1289.25,315.75,0.5302734375,1
15,8,1167.0,99.0,1227.0,142.125,0.47265625,2
15,9,1551.0,22.125,1581.0,56.4375,0.46875,1
15,10,1174.5,95.25,1231.5,137.8125,0.4609375,2
15,11,1336.5,54.5625,1356.0,82.5,0.453369140625,2
15,12,979.5,126.9375,1036.5,166.3125,0.43408203125,2
15,13,1102.5,131.0625,1165.5,169.3125,0.414794921875,2
15,14,1464.0,9.84375,1486.5,31.96875,0.38671875,1
15,15,1290.0,496.5,1317.0,516.0,0.303955078125,2
15,16,1296.0,501.0,1323.0,570.0,0.271240234375,2
15,17,1380.0,34.3125,1399.5,55.3125,0.2705078125,2
15,18,1767.0,517.5,1881.0,624.0,0.2666015625,2
16,0,1231.5,528.75,1312.5,626.25,0.74169921875,2
16,1,659.25,318.5625,701.25,381.75,0.740234375,2
16,2,1027.5,195.75,1054.5,243.0,0.72802734375,2
16,3,825.0,279.0,879.0,345.375,0.68408203125,2
16,4,1508.25,26.578125,1524.75,51.609375,0.56591796875,2
16,5,1573.5,63.375,1597.5,103.875,0.56396484375,2
16,6,1767.0,486.75,1908.0,624.75,0.5546875,2
16,7,1030.5,258.0,1288.5,315.75,0.486328125,1
16,8,1551.0,21.84375,1581.0,56.34375,0.47265625,1
16,9,1174.5,95.0625,1231.5,137.8125,0.454345703125,2
16,10,1102.5,130.875,1165.5,169.6875,0.392333984375,2
16,11,1335.0,54.5625,1356.0,82.875,0.385009765625,2
16,12,980.25,126.5625,1037.25,166.3125,0.320068359375,2
16,13,1290.0,496.5,1317.0,514.5,0.31396484375,2
17,0,1231.5,528.75,1312.5,626.25,0.74169921875,2
17,1,659.25,318.75,701.25,381.75,0.73876953125,2
17,2,1027.5,195.75,1054.5,243.0,0.72802734375,2
17,3,825.75,279.0,878.25,345.375,0.68408203125,2
17,4,1508.25,26.625,1524.75,51.5625,0.56396484375,2
17,5,1573.5,63.46875,1597.5,103.78125,0.56201171875,2
17,6,1767.0,486.75,1908.0,624.75,0.5537109375,2
17,7,1030.5,258.1875,1288.5,315.9375,0.48828125,1
17,8,1551.0,21.84375,1581.0,56.34375,0.47265625,1
17,9,1174.5,95.0625,1231.5,137.8125,0.452392578125,2
17,10,1102.5,130.875,1165.5,169.6875,0.39599609375,2
17,11,1335.0,54.46875,1356.0,82.78125,0.385009765625,2
17,12,980.25,126.75,1037.25,166.3125,0.320068359375,2
17,13,1290.0,496.5,1317.0,514.5,0.315673828125,2
18,0,654.0,320.25,696.0,386.25,0.78271484375,2
18,1,817.5,281.625,868.5,346.875,0.767578125,2
18,2,1024.5,197.625,1051.5,243.375,0.7138671875,2
18,3,1235.25,526.5,1316.25,624.0,0.69921875,2
18,4,1573.5,63.1875,1597.5,103.6875,0.57373046875,2
18,5,1764.0,487.5,1908.0,624.75,0.57373046875,2
18,6,1507.5,25.875,1524.0,50.8125,0.556640625,2
18,7,1551.0,21.84375,1581.0,56.34375,0.46875,1
18,8,1030.5,258.1875,1288.5,315.9375,0.46875,1
18,9,1332.0,54.703125,1353.0,84.75,0.451416015625,2
18,10,1171.5,97.59375,1231.5,139.96875,0.405517578125,2
18,11,1102.5,129.75,1165.5,169.5,0.394287109375,2
18,12,980.25,125.625,1034.25,167.0625,0.3486328125,2
18,13,1765.5,514.5,1885.5,624.0,0.318359375,2
18,14,1293.0,495.75,1317.0,512.25,0.291015625,2
19,0,815.25,282.75,866.25,348.75,0.76611328125,2
19,1,649.875,322.125,692.625,388.875,0.7646484375,2
19,2,1023.75,198.5625,1046.25,245.8125,0.6875,2
19,3,1237.5,531.75,1303.5,621.0,0.60400390625,2
19,4,1573.5,63.28125,1597.5,103.78125,0.57177734375,2
19,5,1764.0,488.25,1908.0,624.75,0.56787109375,2
19,6,1508.25,25.5,1524.75,50.4375,0.53515625,2
19,7,1332.0,55.125,1351.5,84.9375,0.5078125,2
19,8,1030.5,258.375,1288.5,316.125,0.486328125,1
19,9,1551.0,21.65625,1581.0,56.34375,0.46875,1
19,10,1171.5,97.6875,1231.5,140.0625,0.4072265625,2
19,11,1335.0,54.609375,1356.0,83.0625,0.36474609375,2
19,12,1102.5,130.6875,1165.5,169.3125,0.361083984375,2
19,13,980.25,124.6875,1034.25,167.25,0.33984375,2
19,14,1765.5,514.5,1885.5,624.0,0.329345703125,2
19,15,1297.5,495.0,1318.5,511.5,0.259765625,2
20,0,815.25,282.75,866.25,348.75,0.76611328125,2
20,1,649.875,322.125,692.625,388.875,0.76611328125,2
20,2,1023.75,198.375,1046.25,245.625,0.68408203125,2
20,3,1237.5,531.75,1305.0,621.0,0.60400390625,2
20,4,1573.5,63.28125,1597.5,103.78125,0.56982421875,2
20,5,1764.0,488.25,1908.0,624.75,0.56689453125,2
20,6,1237.5,532.125,1285.5,619.125,0.541015625,2
20,7,1508.25,25.546875,1524.75,50.390625,0.533203125,2
20,8,1332.0,55.125,1351.5,84.9375,0.505859375,2
20,9,1030.5,258.375,1288.5,316.125,0.4814453125,1
20,10,1551.0,21.65625,1581.0,56.34375,0.47265625,1
20,11,1171.5,97.5,1231.5,139.875,0.405517578125,2
20,12,1102.5,130.5,1165.5,169.125,0.375732421875,2
20,13,1335.0,54.65625,1356.0,82.96875,0.36669921875,2
20,14,980.25,124.6875,1034.25,167.25,0.34521484375,2
20,15,1765.5,514.5,1885.5,624.0,0.3310546875,2
20,16,1296.0,495.0,1318.5,511.5,0.2568359375,2
21,0,646.125,325.125,688.875,391.125,0.77978515625,2
21,1,811.5,284.625,861.0,350.625,0.73583984375,2
21,2,1242.75,523.125,1320.75,620.625,0.6689453125,2
21,3,1021.5,197.625,1045.5,245.625,0.6689453125,2
21,4,1573.5,63.5625,1597.5,103.6875,0.56787109375,2
21,5,1239.0,528.0,1294.5,618.0,0.556640625,2
21,6,1332.0,54.890625,1350.0,84.5625,0.552734375,2
21,7,1765.5,488.25,1906.5,624.75,0.544921875,2
21,8,1508.25,25.5,1524.75,50.0625,0.509765625,2
21,9,1551.0,22.21875,1581.0,56.34375,0.478515625,1
21,10,1030.5,258.0,1288.5,315.75,0.43505859375,1
21,11,1177.5,94.40625,1231.5,137.34375,0.405517578125,2
21,12,1169.25,97.5,1226.25,141.375,0.39697265625,2
21,13,1102.5,129.1875,1164.0,169.125,0.390380859375,2
21,14,1765.5,515.25,1885.5,624.0,0.352294921875,2
21,15,1335.0,54.46875,1356.0,82.78125,0.338134765625,2
21,16,1579.5,738.0,1645.5,864.0,0.277587890625,2
21,17,979.5,124.875,1033.5,166.5,0.2744140625,2
21,18,1379.25,32.34375,1397.25,53.71875,0.26806640625,2
22,0,642.0,325.125,686.25,391.875,0.77734375,2
22,1,805.5,283.875,855.0,352.875,0.7646484375,2
22,2,1242.0,527.25,1321.5,618.75,0.7431640625,2
22,3,1020.0,199.125,1044.0,246.375,0.6875,2
22,4,1332.0,54.375,1350.0,84.375,0.5830078125,2
22,5,1573.5,63.46875,1597.5,103.78125,0.57568359375,2
22,6,1765.5,489.0,1906.5,625.5,0.533203125,2
22,7,1581.0,738.75,1647.0,855.75,0.48046875,2
22,8,1551.0,22.03125,1581.0,56.34375,0.462890625,1
22,9,1177.5,94.3125,1231.5,137.25,0.446533203125,2
22,10,1509.0,25.078125,1524.0,49.734375,0.445556640625,2
22,11,1508.25,21.65625,1521.75,47.71875,0.417724609375,2
22,12,1101.0,128.625,1164.0,168.375,0.405517578125,2
22,13,1030.5,258.0,1288.5,315.75,0.39794921875,1
22,14,1169.25,97.125,1226.25,141.1875,0.393310546875,2
22,15,1765.5,516.0,1885.5,624.0,0.33642578125,2
22,16,1333.5,53.953125,1356.0,82.5,0.318359375,2
22,17,1378.5,31.6875,1396.5,53.8125,0.306640625,2
23,0,642.0,324.9375,686.25,392.25,0.77587890625,2
23,1,805.5,283.875,855.0,353.25,0.7646484375,2
23,2,1242.0,527.25,1321.5,618.75,0.7431640625,2
23,3,1020.0,199.125,1044.0,246.375,0.6875,2
23,4,1332.0,54.28125,1350.0,84.46875,0.5908203125,2
23,5,1573.5,63.375,1597.5,103.875,0.57763671875,2
23,6,1765.5,489.0,1906.5,625.5,0.5283203125,2
23,7,1581.0,738.75,1647.0,855.75,0.47265625,2
23,8,1551.0,21.9375,1581.0,56.34375,0.45703125,1
23,9,1509.0,25.03125,1524.0,49.78125,0.449462890625,2
23,10,1177.5,94.3125,1231.5,137.4375,0.448486328125,2
23,11,1508.25,21.609375,1521.75,47.765625,0.418701171875,2
23,12,1101.0,128.25,1164.0,168.375,0.4072265625,2
23,13,1032.0,258.0,1288.5,315.75,0.400634765625,1
23,14,1169.25,96.9375,1226.25,141.1875,0.392333984375,2
23,15,1765.5,516.0,1885.5,624.0,0.33642578125,2
23,16,1333.5,54.046875,1356.0,82.875,0.3115234375,2
23,17,1378.5,31.6875,1396.5,53.8125,0.29736328125,2
24,0,801.0,285.75,846.0,354.75,0.7744140625,2
24,1,1246.5,516.0,1327.5,616.5,0.7373046875,2
24,2,1015.5,197.625,1041.0,247.125,0.71240234375,2
24,3,636.0,327.1875,676.5,396.0,0.689453125,2
24,4,1331.25,54.9375,1350.75,85.3125,0.642578125,2
24,5,1581.0,738.75,1659.0,846.75,0.640625,2
24,6,1573.5,63.0,1597.5,103.875,0.57958984375,2
24,7,1764.0,489.75,1902.0,624.75,0.5390625,2
24,8,1508.25,24.65625,1524.75,49.96875,0.47265625,2
24,9,1177.5,93.9375,1231.5,137.4375,0.462890625,2
24,10,1507.5,20.8125,1522.5,48.46875,0.444580078125,2
24,11,1380.0,30.84375,1395.0,54.28125,0.420654296875,2
24,12,1551.0,21.75,1581.0,56.4375,0.414794921875,1
24,13,1101.75,128.0625,1163.25,168.5625,0.405517578125,2
24,14,979.5,125.4375,1033.5,166.125,0.394287109375,2
24,15,1764.0,517.5,1884.0,624.0,0.394287109375,2
24,16,1446.0,11.0859375,1465.5,34.6875,0.390380859375,1
24,17,1030.5,257.8125,1288.5,315.9375,0.3251953125,1
25,0,798.0,288.0,843.0,357.0,0.77880859375,2
25,1,1248.0,495.75,1332.0,616.5,0.7705078125,2
25,2,634.5,328.3125,675.0,397.5,0.716796875,2
25,3,1014.0,200.25,1042.5,248.25,0.68603515625,2
25,4,1331.25,55.6875,1350.75,86.25,0.64794921875,2
25,5,1573.5,62.90625,1597.5,103.78125,0.5830078125,2
25,6,1764.0,489.75,1902.0,624.75,0.529296875,2
25,7,1179.0,93.9375,1231.5,137.4375,0.484375,2
25,8,1509.0,24.375,1524.0,50.0625,0.478515625,2
25,9,1378.5,31.265625,1393.5,55.078125,0.46875,2
25,10,1581.0,739.5,1680.0,841.5,0.462890625,2
25,11,981.0,126.375,1033.5,165.75,0.414794921875,2
25,12,1102.5,128.625,1162.5,168.75,0.4091796875,2
25,13,1551.0,21.5625,1581.0,56.4375,0.403564453125,1
25,14,1765.5,517.125,1882.5,624.375,0.39990234375,2
25,15,1169.25,96.84375,1226.25,141.28125,0.388671875,2
25,16,1579.5,735.75,1651.5,843.75,0.373779296875,2
25,17,1030.5,257.8125,1288.5,315.9375,0.345947265625,1
25,18,1445.25,11.0390625,1464.75,34.875,0.3115234375,1
25,19,1689.0,486.0,1767.0,578.25,0.253173828125,2
26,0,798.0,288.375,843.0,356.625,0.77880859375,2
26,1,1248.0,495.75,1332.0,616.5,0.76904296875,2
26,2,634.125,328.3125,675.375,397.5,0.71533203125,2
26,3,1014.0,200.25,1042.5,248.25,0.68603515625,2
26,4,1331.25,55.265625,1350.75,85.6875,0.64794921875,2
26,5,1573.5,62.90625,1597.5,103.78125,0.58154296875,2
26,6,1767.0,491.25,1899.0,624.75,0.5390625,2
26,7,1177.5,94.03125,1231.5,137.53125,0.48828125,2
26,8,1509.0,24.421875,1524.0,50.015625,0.474609375,2
26,9,1378.5,31.21875,1393.5,55.03125,0.46875,2
26,10,1581.0,738.0,1683.0,841.5,0.4609375,2
26,11,981.0,126.375,1033.5,165.75,0.4072265625,2
26,12,1551.0,21.609375,1581.0,56.484375,0.403564453125,1
26,13,1765.5,517.125,1882.5,624.375,0.403564453125,2
26,14,1169.25,96.75,1226.25,141.375,0.39501953125,2
26,15,1581.0,735.75,1653.0,843.75,0.37744140625,2
26,16,1102.5,128.4375,1162.5,168.5625,0.36669921875,2
26,17,1030.5,258.0,1288.5,315.75,0.34423828125,1
26,18,1445.25,11.0390625,1464.75,34.875,0.313232421875,1
26,19,1689.0,486.0,1767.0,578.25,0.25390625,2
27,0,793.5,289.125,841.5,359.625,0.80419921875,2
27,1,1251.0,518.625,1329.0,613.875,0.76611328125,2
27,2,1014.75,204.9375,1040.25,248.4375,0.708984375,2
27,3,631.5,329.25,672.0,399.75,0.67724609375,2
27,4,1332.0,55.546875,1350.0,86.25,0.65673828125,2
27,5,1573.5,62.90625,1597.5,103.78125,0.58154296875,2
27,6,1765.5,490.5,1900.5,625.5,0.5498046875,2
27,7,1179.0,93.84375,1231.5,137.53125,0.4921875,2
27,8,1508.25,24.5625,1524.75,50.0625,0.490234375,2
27,9,1378.5,31.921875,1393.5,55.453125,0.470703125,2
27,10,1509.0,21.09375,1522.5,48.75,0.447509765625,2
27,11,1551.0,21.703125,1581.0,56.484375,0.4130859375,1
27,12,1103.25,129.0,1163.25,168.375,0.4072265625,2
27,13,1764.0,516.375,1884.0,624.375,0.39990234375,2
27,14,979.5,125.625,1033.5,165.375,0.37744140625,2
27,15,1169.25,96.375,1226.25,141.1875,0.37744140625,2
27,16,1579.5,735.0,1696.5,831.0,0.355712890625,2
27,17,1446.0,11.7890625,1464.0,34.5,0.33642578125,2
27,18,1030.5,257.625,1288.5,316.125,0.32763671875,1
27,19,1689.0,485.25,1767.0,578.25,0.271240234375,2
28,0,1011.0,202.5,1036.5,249.0,0.80908203125,2
28,1,792.0,295.5,837.0,362.25,0.80419921875,2
28,2,1252.5,500.25,1336.5,612.75,0.77978515625,2
28,3,628.5,332.8125,670.5,402.0,0.6943359375,2
28,4,1332.0,55.6875,1350.0,86.25,0.67919921875,2
28,5,1573.5,63.09375,1597.5,103.78125,0.57763671875,2
28,6,1765.5,490.5,1897.5,625.5,0.56591796875,2
28,7,1179.0,93.5625,1231.5,137.8125,0.509765625,2
28,8,1508.25,24.46875,1524.75,50.0625,0.474609375,2
28,9,1509.0,21.09375,1522.5,48.65625,0.4638671875,2
28,10,1378.5,32.15625,1393.5,55.6875,0.462890625,2
28,11,1551.0,21.46875,1581.0,56.53125,0.42822265625,1
28,12,1103.25,128.8125,1163.25,168.9375,0.42431640625,2
28,13,1170.0,96.0,1227.0,141.0,0.382080078125,2
28,14,980.25,124.3125,1032.75,165.5625,0.37744140625,2
28,15,1767.0,518.25,1881.0,624.75,0.36669921875,2
28,16,1030.5,257.625,1288.5,316.5,0.309814453125,1
28,17,1443.0,11.765625,1462.5,35.203125,0.2783203125,1
28,18,1689.0,485.25,1767.0,578.25,0.272705078125,2
29,0,1011.0,202.5,1036.5,249.0,0.80908203125,2
29,1,792.0,295.5,837.0,362.25,0.80419921875,2
29,2,1252.5,500.25,1336.5,612.75,0.7841796875,2
29,3,628.5,332.8125,670.5,402.0,0.69287109375,2
29,4,1332.0,55.734375,1350.0,86.4375,0.67919921875,2
29,5,1573.5,63.09375,1597.5,103.78125,0.57763671875,2
29,6,1765.5,490.5,1897.5,625.5,0.57080078125,2
29,7,1179.0,93.5625,1231.5,137.625,0.5087890625,2
29,8,1508.25,24.46875,1524.75,50.0625,0.474609375,2
29,9,1378.5,32.0625,1393.5,55.6875,0.46484375,2
29,10,1509.0,21.0,1522.5,48.75,0.4638671875,2
29,11,1551.0,21.46875,1581.0,56.53125,0.42626953125,1
29,12,1103.25,128.625,1163.25,168.9375,0.42626953125,2
29,13,1170.0,96.0,1227.0,141.0,0.37939453125,2
29,14,981.0,124.3125,1032.0,165.5625,0.37744140625,2
29,15,1767.0,517.875,1881.0,624.375,0.36669921875,2
29,16,1030.5,257.625,1288.5,316.5,0.310791015625,1
29,17,1443.0,11.765625,1462.5,35.203125,0.2783203125,1
29,18,1689.0,485.25,1767.0,578.25,0.276611328125,2
30,0,1006.5,205.125,1036.5,252.375,0.82421875,2
30,1,1258.5,501.75,1339.5,608.25,0.8154296875,2
30,2,783.75,294.75,830.25,364.5,0.79931640625,2
30,3,624.0,335.625,663.75,405.375,0.708984375,2
30,4,1331.25,56.53125,1349.25,86.90625,0.6875,2
30,5,1765.5,489.75,1903.5,625.5,0.6318359375,2
30,6,1573.5,63.28125,1597.5,103.78125,0.57568359375,2
30,7,1378.5,33.84375,1390.5,57.09375,0.513671875,2
30,8,981.0,125.0625,1033.5,165.5625,0.513671875,2
30,9,1177.5,93.5625,1231.5,137.4375,0.505859375,2
30,10,1507.5,21.5625,1522.5,48.75,0.48046875,2
30,11,1765.5,516.0,1885.5,624.0,0.453369140625,2
30,12,1104.0,129.0,1164.0,168.375,0.447509765625,2
30,13,1551.0,21.65625,1581.0,56.53125,0.43017578125,1
30,14,1689.0,484.5,1767.0,579.0,0.405517578125,2
30,15,1030.5,258.0,1288.5,316.5,0.35498046875,1
30,16,1440.0,11.765625,1461.0,35.484375,0.352294921875,1
31,0,1260.0,501.75,1341.0,606.75,0.8447265625,2
31,1,1003.5,205.5,1035.0,254.25,0.81396484375,2
31,2,781.5,294.375,826.5,366.375,0.80908203125,2
31,3,621.75,337.5,663.0,407.25,0.7138671875,2
31,4,1331.25,56.8125,1349.25,87.0,0.68408203125,2
31,5,1767.0,489.0,1905.0,625.5,0.64892578125,2
31,6,1573.5,63.375,1597.5,103.6875,0.57373046875,2
31,7,1378.5,34.5,1390.5,57.75,0.537109375,2
31,8,1177.5,93.5625,1231.5,137.8125,0.521484375,2
31,9,1508.25,21.375,1521.75,47.90625,0.5009765625,2
31,10,1104.0,128.625,1162.5,168.375,0.48828125,2
31,11,1551.0,22.125,1581.0,56.4375,0.42822265625,1
31,12,1507.5,24.5625,1525.5,49.5,0.42431640625,2
31,13,1767.0,516.0,1887.0,624.0,0.418701171875,2
31,14,981.0,123.5625,1032.0,164.625,0.4111328125,2
31,15,1689.0,486.0,1767.0,578.25,0.4072265625,2
31,16,1030.5,257.625,1288.5,316.125,0.3583984375,1
31,17,1438.5,12.09375,1456.5,34.21875,0.273681640625,1
31,18,1397.25,14.71875,1413.75,36.65625,0.259765625,2
31,19,1578.0,729.0,1698.0,829.5,0.254638671875,2
32,0,1260.0,501.75,1341.0,606.75,0.84375,2
32,1,1003.5,205.5,1035.0,254.25,0.81396484375,2
32,2,781.5,294.375,826.5,366.375,0.80908203125,2
32,3,621.75,337.5,663.0,407.25,0.7138671875,2
32,4,1331.25,56.859375,1349.25,87.1875,0.67919921875,2
32,5,1767.0,489.0,1905.0,625.5,0.6494140625,2
32,6,1573.5,63.1875,1597.5,103.6875,0.57568359375,2
32,7,1378.5,34.59375,1390.5,57.84375,0.537109375,2
32,8,1177.5,93.65625,1231.5,137.71875,0.517578125,2
32,9,1508.25,21.375,1521.75,48.0,0.5,2
32,10,1104.0,128.4375,1162.5,168.5625,0.482421875,2
32,11,1507.5,24.5625,1525.5,49.59375,0.42822265625,2
32,12,1551.0,22.125,1581.0,56.4375,0.420654296875,1
32,13,1767.0,516.0,1887.0,624.0,0.420654296875,2
32,14,981.0,123.75,1032.0,164.625,0.4091796875,2
32,15,1689.0,486.0,1767.0,578.25,0.405517578125,2
32,16,1030.5,257.625,1288.5,316.125,0.352294921875,1
32,17,1438.5,12.09375,1456.5,34.21875,0.27197265625,1
32,18,1397.25,14.625,1413.75,36.46875,0.26123046875,2
33,0,1263.0,500.25,1347.0,605.25,0.830078125,2
33,1,1000.5,205.5,1033.5,255.75,0.8173828125,2
33,2,780.0,294.375,822.0,368.625,0.810546875,2
33,3,618.375,337.125,661.875,409.875,0.7294921875,2
33,4,1331.25,57.09375,1349.25,87.28125,0.70068359375,2
33,5,1767.0,488.625,1908.0,625.125,0.66015625,2
33,6,1573.5,63.46875,1597.5,103.78125,0.57568359375,2
33,7,1377.75,34.875,1391.25,58.125,0.56201171875,2
33,8,1104.0,128.625,1162.5,168.1875,0.513671875,2
33,9,1177.5,93.65625,1231.5,137.53125,0.5,2
33,10,1508.25,21.375,1521.75,47.8125,0.4990234375,2
33,11,1507.5,24.5625,1525.5,49.59375,0.443603515625,2
33,12,981.0,124.125,1032.0,163.6875,0.437744140625,2
33,13,1551.0,21.9375,1581.0,56.4375,0.42626953125,1
33,14,1689.0,486.0,1767.0,579.0,0.418701171875,2
33,15,1767.0,515.25,1887.0,624.0,0.368408203125,2
33,16,1030.5,257.25,1288.5,316.5,0.3486328125,1
33,17,1437.0,12.375,1455.0,34.125,0.29833984375,2
33,18,1397.25,15.09375,1413.75,36.84375,0.272705078125,2
34,0,1000.5,207.375,1032.0,255.75,0.79833984375,2
34,1,778.5,295.875,820.5,370.125,0.79296875,2
34,2,1267.5,501.75,1348.5,603.75,0.77880859375,2
34,3,615.0,338.25,658.5,411.0,0.74169921875,2
34,4,1330.5,57.5625,1348.5,87.375,0.6875,2
34,5,1764.0,489.0,1908.0,625.5,0.6396484375,2
34,6,1377.0,35.015625,1390.5,58.078125,0.57373046875,2
34,7,1573.5,63.65625,1597.5,103.78125,0.57373046875,2
34,8,1438.5,14.0625,1453.5,33.9375,0.56982421875,2
34,9,1507.5,21.65625,1521.0,47.90625,0.5107421875,2
34,10,1104.0,128.8125,1162.5,168.0,0.466796875,2
34,11,1176.0,93.5625,1230.0,138.1875,0.46484375,2
34,12,1507.5,24.703125,1524.0,49.453125,0.439697265625,2
34,13,1551.0,22.21875,1581.0,56.4375,0.42431640625,1
34,14,1689.0,486.0,1767.0,579.0,0.3701171875,2
34,15,1767.0,515.25,1887.0,624.0,0.363037109375,2
34,16,982.5,124.3125,1030.5,162.75,0.359375,2
34,17,1030.5,257.25,1288.5,316.5,0.315673828125,1
34,18,1398.0,15.84375,1414.5,37.5,0.26904296875,2
35,0,1000.5,207.375,1032.0,255.75,0.79833984375,2
35,1,778.5,296.25,820.5,370.5,0.79052734375,2
35,2,1267.5,501.75,1348.5,603.75,0.77880859375,2
35,3,615.0,338.25,658.5,411.0,0.74169921875,2
35,4,1330.5,57.703125,1348.5,87.375,0.6875,2
35,5,1767.0,489.0,1908.0,625.5,0.640625,2
35,6,1377.0,35.0625,1390.5,58.125,0.57373046875,2
35,7,1573.5,63.65625,1597.5,103.78125,0.57373046875,2
35,8,1438.5,14.0625,1453.5,33.9375,0.56982421875,2
35,9,1507.5,21.65625,1522.5,47.90625,0.509765625,2
35,10,1176.0,93.5625,1230.0,138.1875,0.466796875,2
35,11,1104.0,128.8125,1162.5,168.0,0.462890625,2
35,12,1551.0,22.125,1581.0,56.4375,0.42626953125,1
35,13,1689.0,486.0,1767.0,579.0,0.3701171875,2
35,14,1767.0,515.25,1887.0,624.0,0.36474609375,2
35,15,982.5,124.3125,1030.5,162.9375,0.3486328125,2
35,16,1030.5,257.625,1288.5,316.5,0.315673828125,1
35,17,1398.0,15.84375,1414.5,37.5,0.267333984375,2
36,0,772.5,303.0,816.0,373.5,0.76611328125,2
36,1,996.75,208.125,1025.25,257.625,0.7646484375,2
36,2,1272.0,490.875,1353.0,602.625,0.7607421875,2
36,3,609.75,341.625,653.25,416.625,0.73876953125,2
36,4,1331.25,58.03125,1347.75,87.28125,0.68408203125,2
36,5,1767.0,487.5,1908.0,625.5,0.6669921875,2
36,6,1437.0,12.703125,1452.0,32.953125,0.611328125,2
36,7,1376.25,35.0625,1389.75,57.9375,0.60595703125,2
36,8,1573.5,63.5625,1597.5,103.6875,0.56396484375,2
36,9,1507.5,21.84375,1521.0,47.8125,0.498046875,2
36,10,1176.0,94.03125,1230.0,138.09375,0.46875,2
36,11,1104.0,129.375,1162.5,168.0,0.443603515625,2
36,12,1551.0,22.21875,1581.0,56.53125,0.42822265625,1
36,13,1506.0,24.9375,1524.0,49.5,0.420654296875,2
36,14,1689.0,484.5,1767.0,579.0,0.385009765625,2
36,15,1029.75,257.625,1287.75,316.875,0.37109375,1
36,16,982.5,126.5625,1030.5,163.125,0.32421875,2
36,17,1764.0,513.0,1890.0,624.0,0.2705078125,2
37,0,1275.0,494.625,1356.0,600.375,0.7734375,2
37,1,771.0,302.25,813.0,374.25,0.7578125,2
37,2,608.25,343.3125,651.0,418.5,0.71044921875,2
37,3,994.5,206.4375,1024.5,258.1875,0.70068359375,2
37,4,1330.5,58.78125,1347.0,87.09375,0.6826171875,2
37,5,1767.0,487.125,1908.0,625.125,0.6494140625,2
37,6,1375.5,35.71875,1389.0,57.9375,0.5908203125,2
37,7,1573.5,63.84375,1597.5,103.59375,0.55078125,2
37,8,1435.5,14.8125,1452.0,34.875,0.509765625,2
37,9,1507.5,22.875,1521.0,48.5625,0.501953125,2
37,10,1551.0,22.125,1581.0,56.53125,0.443603515625,1
37,11,1506.0,25.171875,1524.0,49.640625,0.441650390625,2
37,12,1104.0,129.5625,1162.5,168.375,0.4130859375,2
37,13,1029.75,257.625,1287.75,316.875,0.406494140625,1
37,14,1689.0,484.5,1767.0,579.0,0.394287109375,2
37,15,1168.5,97.875,1224.0,141.375,0.393310546875,2
37,16,982.5,126.75,1030.5,163.125,0.381103515625,2
37,17,1176.0,93.5625,1230.0,138.0,0.373779296875,2
37,18,1578.0,737.25,1644.0,849.75,0.25830078125,2
38,0,1275.0,494.25,1356.0,600.75,0.7734375,2
38,1,771.0,302.25,813.0,374.25,0.75927734375,2
38,2,608.25,343.3125,651.0,418.5,0.71240234375,2
38,3,994.5,206.4375,1024.5,258.1875,0.69921875,2
38,4,1330.5,58.78125,1347.0,87.09375,0.6826171875,2
38,5,1767.0,486.75,1908.0,624.75,0.65673828125,2
38,6,1375.5,35.71875,1389.0,57.9375,0.5908203125,2
38,7,1573.5,63.9375,1597.5,103.6875,0.55078125,2
38,8,1435.5,14.8125,1452.0,34.875,0.5078125,2
38,9,1507.5,22.875,1521.0,48.46875,0.5009765625,2
38,10,1551.0,22.125,1581.0,56.4375,0.439697265625,1
38,11,1506.0,25.21875,1524.0,49.59375,0.437744140625,2
38,12,1104.0,129.375,1162.5,168.375,0.4111328125,2
38,13,1029.75,257.625,1287.75,316.875,0.408203125,1
38,14,1689.0,484.5,1767.0,579.0,0.39794921875,2
38,15,1168.5,97.6875,1224.0,141.375,0.39501953125,2
38,16,981.75,126.75,1031.25,163.125,0.37939453125,2
38,17,1176.0,93.5625,1230.0,138.0,0.375732421875,2
39,0,1277.25,495.75,1355.25,597.75,0.79443359375,2
39,1,767.25,304.125,809.25,377.25,0.76220703125,2
39,2,606.0,345.375,648.75,419.625,0.75048828125,2
39,3,993.0,208.5,1020.0,258.75,0.7138671875,2
39,4,1579.5,738.0,1645.5,852.0,0.70556640625,2
39,5,1329.75,59.34375,1346.25,87.65625,0.69775390625,2
39,6,1767.0,487.5,1908.0,625.5,0.63623046875,2
39,7,1375.5,35.625,1387.5,57.75,0.5927734375,2
39,8,1573.5,64.21875,1597.5,103.59375,0.544921875,2
39,9,1507.5,23.53125,1521.0,48.75,0.501953125,2
39,10,1506.0,25.5,1524.0,49.6875,0.458984375,2
39,11,1551.0,22.40625,1581.0,56.53125,0.441650390625,1
39,12,1029.75,258.0,1287.75,316.5,0.4111328125,1
39,13,1689.0,486.0,1767.0,579.0,0.394287109375,2
39,14,981.75,127.125,1031.25,163.125,0.388671875,2
39,15,1168.5,98.4375,1222.5,141.5625,0.388671875,2
39,16,1434.0,14.109375,1452.0,34.359375,0.381103515625,2
39,17,1105.5,129.9375,1162.5,167.8125,0.359375,2
39,18,1176.0,93.375,1230.0,137.8125,0.346923828125,2
40,0,1284.0,487.5,1359.0,594.0,0.7744140625,2
40,1,765.75,304.125,807.75,378.375,0.767578125,2
40,2,990.0,210.375,1017.0,259.875,0.73095703125,2
40,3,603.0,348.0,646.5,420.75,0.7294921875,2
40,4,1329.75,60.0,1346.25,88.5,0.70263671875,2
40,5,1578.0,739.5,1644.0,858.0,0.65673828125,2
40,6,1767.0,488.25,1908.0,624.75,0.60693359375,2
40,7,1375.5,35.25,1387.5,57.375,0.5947265625,2
40,8,1573.5,64.03125,1597.5,103.59375,0.55078125,2
40,9,1507.5,23.71875,1521.0,49.03125,0.5048828125,2
40,10,1506.0,25.3125,1524.0,49.875,0.48046875,2
40,11,981.0,128.0625,1032.0,164.0625,0.42822265625,2
40,12,1551.0,22.3125,1581.0,56.625,0.422607421875,1
40,13,1689.0,486.375,1767.0,578.625,0.390380859375,2
40,14,1168.5,99.65625,1218.0,141.84375,0.36474609375,2
40,15,1105.5,129.75,1162.5,166.875,0.341552734375,2
40,16,1177.5,93.1875,1230.0,137.625,0.33984375,2
40,17,1029.75,258.0,1287.75,316.875,0.33544921875,1
40,18,1432.5,13.125,1452.0,34.5,0.2509765625,2
41,0,1284.0,487.5,1359.0,594.0,0.77587890625,2
41,1,764.625,304.125,807.0,378.375,0.767578125,2
41,2,990.0,210.375,1017.0,259.875,0.7294921875,2
41,3,603.0,348.0,646.5,420.75,0.7294921875,2
41,4,1329.75,60.0,1346.25,88.5,0.70068359375,2
41,5,1578.0,739.5,1644.0,859.5,0.65673828125,2
41,6,1767.0,488.25,1908.0,624.75,0.60400390625,2
41,7,1375.5,35.25,1387.5,57.375,0.5947265625,2
41,8,1573.5,64.03125,1597.5,103.59375,0.55078125,2
41,9,1507.5,23.8125,1521.0,49.125,0.5048828125,2
41,10,1506.0,25.3125,1524.0,49.875,0.478515625,2
41,11,981.0,128.0625,1032.0,164.0625,0.43212890625,2
41,12,1551.0,22.3125,1581.0,56.53125,0.422607421875,1
41,13,1689.0,486.375,1767.0,578.625,0.394287109375,2
41,14,1168.5,99.65625,1218.0,141.84375,0.36669921875,2
41,15,1176.0,93.1875,1230.0,137.8125,0.33984375,2
41,16,1029.75,258.0,1287.75,316.875,0.33642578125,1
41,17,1105.5,129.9375,1162.5,167.0625,0.329345703125,2
42,0,597.75,354.75,639.75,425.25,0.77978515625,2
42,1,757.875,309.375,802.5,382.5,0.763671875,2
42,2,984.0,213.0,1014.0,261.0,0.75341796875,2
42,3,1290.0,477.75,1365.0,591.75,0.73876953125,2
42,4,1330.5,60.1875,1345.5,88.6875,0.70556640625,2
42,5,1374.0,35.8125,1386.0,58.3125,0.60205078125,2
42,6,1767.0,489.0,1908.0,625.5,0.57861328125,2
42,7,1573.5,63.9375,1597.5,103.6875,0.556640625,2
42,8,1509.0,23.25,1521.0,48.1875,0.4892578125,2
42,9,981.0,126.0,1032.0,164.4375,0.43017578125,2
42,10,1551.0,22.5,1581.0,56.625,0.39990234375,1
42,11,1506.0,25.078125,1524.0,49.453125,0.39794921875,2
42,12,1168.5,100.125,1219.5,141.75,0.34423828125,2
42,13,1578.0,738.0,1644.0,864.0,0.322509765625,2
42,14,1689.0,487.5,1767.0,579.0,0.32080078125,2
42,15,1176.75,93.28125,1229.25,137.71875,0.301513671875,2
42,16,1106.25,129.5625,1163.25,166.5,0.2705078125,2
42,17,1399.5,28.125,1411.5,51.9375,0.26123046875,2
42,18,1425.0,9.5625,1443.0,35.15625,0.259033203125,2
42,19,1029.75,258.0,1287.75,317.25,0.25244140625,1
43,0,597.375,358.5,637.875,426.0,0.7734375,2
43,1,757.875,312.0,799.5,383.625,0.76904296875,2
43,2,982.5,213.375,1012.5,262.125,0.72021484375,2
43,3,1330.5,60.84375,1345.5,88.78125,0.67578125,2
43,4,1291.5,490.5,1365.0,588.0,0.67041015625,2
43,5,1374.0,36.0,1386.0,58.3125,0.57958984375,2
43,6,1767.0,489.0,1911.0,625.5,0.552734375,2
43,7,1573.5,64.3125,1597.5,103.6875,0.546875,2
43,8,1508.25,21.375,1520.25,45.75,0.47265625,2
43,9,981.0,124.6875,1032.0,163.125,0.45703125,2
43,10,1551.0,22.6875,1581.0,56.625,0.4072265625,1
43,11,1690.5,487.125,1765.5,578.625,0.33984375,2
43,12,1167.75,100.21875,1217.25,141.46875,0.338134765625,2
43,13,1177.5,93.0,1230.0,137.25,0.310791015625,2
43,14,1105.5,129.5625,1162.5,166.125,0.29833984375,2
43,15,1400.25,27.84375,1412.25,51.84375,0.29345703125,2
43,16,1030.5,257.8125,1288.5,316.3125,0.280517578125,1
43,17,1506.0,24.84375,1524.0,49.03125,0.276611328125,2
44,0,597.375,358.5,637.875,426.0,0.77197265625,2
44,1,757.875,312.0,799.5,383.625,0.76904296875,2
44,2,982.5,213.375,1012.5,262.125,0.72021484375,2
44,3,1330.5,60.9375,1345.5,88.875,0.673828125,2
44,4,1291.5,490.5,1365.0,588.0,0.673828125,2
44,5,1374.0,36.0,1386.0,58.3125,0.57763671875,2
44,6,1573.5,64.3125,1597.5,103.6875,0.546875,2
44,7,1767.0,489.75,1911.0,624.75,0.5361328125,2
44,8,1508.25,21.375,1520.25,45.75,0.4716796875,2
44,9,981.0,124.875,1032.0,163.125,0.4609375,2
44,10,1551.0,22.78125,1581.0,56.53125,0.4091796875,1
44,11,1689.0,487.5,1767.0,579.0,0.34521484375,2
44,12,1167.75,100.21875,1217.25,141.46875,0.33447265625,2
44,13,1105.5,129.375,1162.5,166.5,0.318359375,2
44,14,1400.25,27.9375,1412.25,51.84375,0.296630859375,2
44,15,1179.0,93.0,1230.0,137.25,0.296630859375,2
44,16,1506.0,24.84375,1524.0,49.03125,0.275146484375,2
44,17,1029.75,258.0,1287.75,316.5,0.26123046875,1
44,18,1181.25,91.5,1229.25,136.3125,0.260498046875,1
45,0,755.25,311.8125,797.25,387.0,0.7890625,2
45,1,595.125,358.5,637.125,428.25,0.78271484375,2
45,2,1294.5,489.75,1369.5,587.25,0.78271484375,2
45,3,981.0,215.625,1011.0,263.625,0.740234375,2
45,4,1330.5,60.65625,1345.5,88.78125,0.68408203125,2
45,5,1573.5,63.9375,1597.5,103.6875,0.5546875,2
45,6,1767.0,489.375,1911.0,625.125,0.546875,2
45,7,1508.25,21.75,1520.25,46.125,0.462890625,2
45,8,1374.0,36.375,1386.0,58.5,0.4609375,2
45,9,1399.5,27.75,1411.5,51.75,0.416748046875,2
45,10,1551.0,22.6875,1581.0,56.625,0.4091796875,1
45,11,981.0,125.625,1032.0,163.875,0.403564453125,2
45,12,1690.5,486.0,1765.5,579.0,0.34521484375,2
45,13,1105.5,128.625,1162.5,166.875,0.325927734375,2
45,14,1168.5,98.625,1219.5,140.8125,0.303955078125,2
45,15,1178.25,92.53125,1229.25,137.15625,0.301513671875,2
45,16,1506.0,24.9375,1524.0,49.125,0.280517578125,2
45,17,1182.0,91.125,1230.0,136.3125,0.253173828125,1
45,18,1420.5,9.609375,1440.0,35.953125,0.251708984375,1
46,0,1296.75,483.0,1370.25,585.75,0.806640625,2
46,1,751.5,313.6875,795.0,390.0,0.78271484375,2
46,2,591.75,360.0,636.75,431.25,0.78125,2
46,3,978.0,216.375,1008.0,264.375,0.76220703125,2
46,4,1329.0,61.5,1344.0,89.0625,0.67919921875,2
46,5,1573.5,64.125,1597.5,103.5,0.548828125,2
46,6,1767.0,489.75,1911.0,624.75,0.5244140625,2
46,7,1507.5,22.6875,1519.5,46.875,0.449462890625,2
46,8,1400.25,26.578125,1412.25,50.859375,0.418701171875,2
46,9,1551.0,22.78125,1581.0,56.53125,0.383056640625,1
46,10,1167.75,99.75,1215.75,141.375,0.37841796875,2
46,11,1372.5,36.9375,1384.5,58.40625,0.33447265625,2
46,12,1177.5,92.625,1228.5,137.25,0.33447265625,2
46,13,981.0,126.375,1032.0,164.25,0.32080078125,2
46,14,1105.5,129.0,1162.5,166.6875,0.319091796875,2
46,15,1506.0,25.3125,1524.0,49.3125,0.294189453125,2
46,16,1689.0,486.0,1767.0,579.0,0.267333984375,2
46,17,1182.0,91.3125,1230.0,136.3125,0.256103515625,1
47,0,1296.75,483.75,1370.25,585.75,0.8056640625,2
47,1,751.5,313.6875,795.0,390.0,0.7841796875,2
47,2,591.75,360.0,636.75,431.25,0.77978515625,2
47,3,978.0,216.375,1008.0,264.375,0.7607421875,2
47,4,1329.0,61.5,1344.0,89.0625,0.67919921875,2
47,5,1573.5,64.125,1597.5,103.6875,0.548828125,2
47,6,1767.0,489.75,1911.0,624.75,0.5224609375,2
47,7,1507.5,22.6875,1519.5,46.875,0.449462890625,2
47,8,1400.25,26.625,1412.25,50.8125,0.418701171875,2
47,9,1551.0,22.78125,1581.0,56.53125,0.383056640625,1
47,10,1167.75,99.75,1215.75,141.375,0.376708984375,2
47,11,1178.25,92.625,1229.25,137.25,0.33642578125,2
47,12,1372.5,36.84375,1384.5,58.40625,0.332763671875,2
47,13,981.0,126.375,1032.0,164.25,0.32080078125,2
47,14,1105.5,129.0,1162.5,166.6875,0.3173828125,2
47,15,1506.0,25.3125,1524.0,49.3125,0.29248046875,2
47,16,1689.0,486.0,1767.0,579.0,0.259033203125,2
47,17,1182.0,91.3125,1230.0,136.3125,0.25244140625,1
48,0,1300.5,480.75,1375.5,582.75,0.78515625,2
48,1,585.75,361.5,630.75,435.0,0.77880859375,2
48,2,746.25,321.75,788.25,393.75,0.75927734375,2
48,3,972.75,222.5625,1004.25,266.4375,0.75341796875,2
48,4,1328.25,63.65625,1343.25,89.53125,0.69775390625,2
48,5,1573.5,64.125,1597.5,103.5,0.546875,2
48,6,1507.5,22.875,1519.5,46.78125,0.4775390625,2
48,7,1767.0,490.5,1911.0,625.5,0.46875,2
48,8,1401.0,25.40625,1413.0,49.78125,0.43408203125,2
48,9,1167.0,99.9375,1215.0,141.1875,0.39697265625,2
48,10,981.0,128.0625,1032.0,165.9375,0.346923828125,2
48,11,1551.0,22.875,1581.0,56.4375,0.33642578125,1
48,12,1371.0,40.59375,1383.0,62.53125,0.325927734375,2
48,13,1105.5,128.8125,1162.5,166.6875,0.32080078125,2
48,14,1177.5,92.25,1228.5,136.875,0.313232421875,2
48,15,1506.0,25.40625,1524.0,49.21875,0.291015625,2
48,16,1182.0,90.9375,1230.0,135.9375,0.2861328125,1
48,17,1029.75,257.625,1287.75,316.875,0.259765625,1
49,0,1305.0,473.25,1383.0,579.75,0.81640625,2
49,1,744.0,323.25,786.0,395.25,0.763671875,2
49,2,584.625,363.75,629.625,437.25,0.7578125,2
49,3,1327.5,64.125,1342.5,90.0,0.69287109375,2
49,4,970.5,222.0,1003.5,267.75,0.69091796875,2
49,5,1573.5,63.9375,1597.5,103.6875,0.55078125,2
49,6,1767.0,489.75,1911.0,624.75,0.4833984375,2
49,7,1507.5,21.75,1519.5,45.5625,0.458984375,2
49,8,1401.0,24.890625,1413.0,49.359375,0.4091796875,2
49,9,1167.0,100.78125,1212.0,141.65625,0.4072265625,2
49,10,1369.5,41.25,1381.5,63.9375,0.390380859375,2
49,11,1182.0,90.9375,1230.0,135.9375,0.315673828125,1
49,12,1551.0,22.921875,1581.0,56.484375,0.31396484375,1
49,13,1105.5,129.0,1162.5,166.5,0.30322265625,2
49,14,1168.5,99.375,1225.5,139.875,0.30078125,2
49,15,1178.25,92.4375,1229.25,136.875,0.2998046875,2
49,16,981.0,128.0625,1032.0,165.0,0.269775390625,2
49,17,1507.5,25.3125,1524.0,49.125,0.25830078125,2
50,0,1305.0,473.25,1383.0,579.75,0.8154296875,2
50,1,744.0,323.25,786.0,395.25,0.76220703125,2
50,2,584.625,363.75,629.625,437.25,0.7607421875,2
50,3,1327.5,64.125,1342.5,90.0,0.69287109375,2
50,4,970.5,222.0,1003.5,267.75,0.69091796875,2
50,5,1573.5,64.03125,1597.5,103.78125,0.55078125,2
50,6,1767.0,489.375,1911.0,625.125,0.4765625,2
50,7,1507.5,21.84375,1519.5,45.5625,0.4580078125,2
50,8,1401.0,24.84375,1413.0,49.40625,0.4091796875,2
50,9,1167.0,100.59375,1212.0,141.65625,0.402587890625,2
50,10,1369.5,41.25,1381.5,64.03125,0.388671875,2
50,11,1182.0,90.9375,1230.0,135.9375,0.32080078125,1
50,12,1105.5,129.0,1162.5,166.5,0.30810546875,2
50,13,1168.5,99.1875,1227.0,139.875,0.296630859375,2
50,14,1178.25,92.25,1229.25,136.875,0.2958984375,2
50,15,1551.0,22.921875,1581.0,56.484375,0.294189453125,1
50,16,981.0,127.875,1032.0,165.0,0.26904296875,2
50,17,1507.5,25.3125,1524.0,49.125,0.260498046875,2
51,0,1309.5,474.0,1384.5,578.25,0.80908203125,2
51,1,583.5,364.5,627.0,439.5,0.77197265625,2
51,2,741.75,324.0,783.75,397.5,0.74755859375,2
51,3,1327.5,64.78125,1342.5,90.65625,0.67236328125,2
51,4,967.5,222.0,997.5,269.25,0.662109375,2
51,5,1573.5,63.9375,1597.5,103.6875,0.546875,2
51,6,1507.5,22.125,1519.5,45.75,0.4580078125,2
51,7,1767.0,489.75,1911.0,624.75,0.440673828125,2
51,8,1182.0,90.9375,1230.0,136.3125,0.381103515625,1
51,9,1168.5,99.375,1216.5,141.75,0.375732421875,2
51,10,1368.0,42.65625,1381.5,65.15625,0.36669921875,2
51,11,1401.0,24.75,1413.0,49.3125,0.341552734375,2
51,12,1551.0,22.78125,1581.0,56.53125,0.289306640625,1
51,13,1507.5,25.359375,1524.0,49.171875,0.27197265625,2
52,0,1314.0,474.75,1386.0,575.25,0.77978515625,2
52,1,582.375,366.0,625.875,441.0,0.7734375,2
52,2,737.25,325.5,781.5,399.0,0.73583984375,2
52,3,966.0,223.875,996.0,270.0,0.69775390625,2
52,4,1326.0,64.6875,1341.0,90.9375,0.6826171875,2
52,5,1573.5,63.9375,1597.5,103.6875,0.544921875,2
52,6,1507.5,23.0625,1519.5,46.6875,0.43310546875,2
52,7,1767.0,489.75,1911.0,624.75,0.408203125,2
52,8,1167.75,99.5625,1218.75,141.5625,0.39501953125,2
52,9,1368.0,43.125,1381.5,65.71875,0.385009765625,2
52,10,1180.5,91.5,1230.0,136.5,0.32763671875,1
52,11,1507.5,25.6875,1524.0,49.3125,0.30078125,2
52,12,1402.5,24.328125,1414.5,49.078125,0.281494140625,2
52,13,1177.5,92.8125,1230.0,137.25,0.281494140625,2
52,14,1551.0,22.78125,1581.0,56.53125,0.275146484375,1
52,15,1404.0,18.75,1422.0,41.71875,0.26513671875,2
52,16,1366.5,460.875,1384.5,481.875,0.25537109375,2
52,17,1105.5,129.0,1162.5,166.5,0.25244140625,2
53,0,1314.0,475.125,1386.0,575.625,0.78125,2
53,1,582.375,366.0,625.875,441.0,0.77197265625,2
53,2,737.25,325.5,781.5,399.0,0.73388671875,2
53,3,966.0,223.875,996.0,270.0,0.69921875,2
53,4,1326.0,64.6875,1341.0,90.9375,0.68408203125,2
53,5,1573.5,63.9375,1597.5,103.6875,0.544921875,2
53,6,1507.5,23.15625,1519.5,46.6875,0.43505859375,2
53,7,1767.0,490.125,1911.0,625.125,0.39892578125,2
53,8,1167.75,99.375,1218.75,141.75,0.3896484375,2
53,9,1368.0,43.125,1381.5,65.625,0.38671875,2
53,10,1180.5,91.5,1230.0,136.5,0.33984375,1
53,11,1507.5,25.6875,1524.0,49.3125,0.304931640625,2
53,12,1402.5,24.328125,1414.5,49.078125,0.2861328125,2
53,13,1551.0,22.78125,1581.0,56.53125,0.267333984375,1
53,14,1404.0,18.75,1422.0,41.8125,0.26513671875,2
53,15,1366.5,460.875,1384.5,481.875,0.25537109375,2
53,16,981.0,130.3125,1032.0,167.0625,0.2509765625,2
54,0,576.75,368.25,624.75,444.0,0.80322265625,2
54,1,1319.25,478.125,1386.75,571.125,0.79052734375,2
54,2,730.5,326.25,778.5,403.5,0.74462890625,2
54,3,958.5,226.5,988.5,271.5,0.7265625,2
54,4,1324.5,67.5,1342.5,93.0,0.71044921875,2
54,5,1573.5,64.21875,1597.5,103.78125,0.5390625,2
54,6,1366.5,42.75,1381.5,65.0625,0.474609375,2
54,7,1509.0,25.359375,1519.5,48.421875,0.4658203125,2
54,8,1404.0,19.59375,1422.0,42.375,0.374755859375,2
54,9,1179.0,91.125,1230.0,136.875,0.36474609375,1
54,10,1507.5,25.875,1524.0,49.40625,0.361083984375,2
54,11,1768.5,492.0,1909.5,624.75,0.3486328125,2
54,12,1402.5,24.46875,1414.5,49.03125,0.34521484375,2
54,13,1167.75,98.25,1223.25,141.1875,0.34521484375,2
54,14,981.0,130.3125,1032.0,168.1875,0.3310546875,2
54,15,1551.0,23.15625,1581.0,56.53125,0.26123046875,1
55,0,1323.0,476.625,1389.0,569.625,0.830078125,2
55,1,573.75,370.875,620.25,448.125,0.78515625,2
55,2,955.5,227.25,988.5,272.25,0.73095703125,2
55,3,1323.75,67.21875,1341.75,92.90625,0.70751953125,2
55,4,728.25,330.0,774.75,405.0,0.70751953125,2
55,5,1365.75,42.1875,1380.75,64.03125,0.53125,2
55,6,1573.5,64.6875,1597.5,103.6875,0.525390625,2
55,7,1179.0,90.75,1230.0,136.875,0.441650390625,1
55,8,1508.25,26.53125,1518.75,48.75,0.435791015625,2
55,9,1767.0,491.25,1911.0,624.75,0.406494140625,2
55,10,1402.5,24.796875,1414.5,49.078125,0.385009765625,2
55,11,1404.0,20.34375,1422.0,43.125,0.37109375,2
55,12,1507.5,26.484375,1524.0,49.546875,0.357666015625,2
55,13,1168.5,98.34375,1222.5,141.09375,0.333740234375,2
55,14,980.25,130.3125,1032.75,168.1875,0.3115234375,2
55,15,1551.0,23.25,1581.0,56.625,0.27197265625,1
55,16,1319.25,64.3125,1340.25,91.3125,0.26513671875,2
56,0,1323.0,477.0,1389.0,570.0,0.830078125,2
56,1,573.75,370.875,620.25,448.125,0.78515625,2
56,2,955.5,227.25,988.5,272.25,0.7294921875,2
56,3,1323.75,67.3125,1341.75,92.8125,0.708984375,2
56,4,728.25,330.0,774.75,405.0,0.70751953125,2
56,5,1366.5,42.28125,1381.5,64.03125,0.53125,2
56,6,1573.5,64.6875,1597.5,103.6875,0.525390625,2
56,7,1508.25,26.53125,1518.75,48.75,0.435791015625,2
56,8,1179.0,90.75,1230.0,136.875,0.43408203125,1
56,9,1768.5,491.25,1909.5,624.75,0.4111328125,2
56,10,1402.5,24.796875,1414.5,49.078125,0.385009765625,2
56,11,1404.0,20.34375,1422.0,43.125,0.3701171875,2
56,12,1507.5,26.484375,1524.0,49.546875,0.357666015625,2
56,13,1168.5,98.25,1222.5,141.0,0.33642578125,2
56,14,980.25,130.3125,1032.75,168.1875,0.310791015625,2
56,15,1551.0,23.25,1581.0,56.625,0.27197265625,1
56,16,1319.25,64.40625,1340.25,91.21875,0.265869140625,2
57,0,572.25,372.0,619.5,450.0,0.79833984375,2
57,1,1324.5,473.25,1392.0,567.0,0.7841796875,2
57,2,954.0,226.875,987.0,272.25,0.7578125,2
57,3,726.0,332.4375,771.0,407.25,0.73876953125,2
57,4,1323.0,66.9375,1341.0,92.8125,0.67236328125,2
57,5,1573.5,64.5,1597.5,103.5,0.51953125,2
57,6,1365.75,42.75,1380.75,64.5,0.513671875,2
57,7,1508.25,26.25,1518.75,49.125,0.4609375,2
57,8,1402.5,24.796875,1414.5,49.171875,0.42626953125,2
57,9,1180.5,91.3125,1231.5,136.6875,0.4130859375,1
57,10,1767.0,490.875,1911.0,625.125,0.39697265625,2
57,11,1507.5,26.34375,1524.0,49.59375,0.38671875,2
57,12,1167.0,99.75,1221.0,141.375,0.36474609375,2
57,13,1404.0,20.671875,1419.0,43.171875,0.361083984375,2
57,14,1551.0,23.25,1581.0,56.8125,0.2822265625,1
57,15,1318.5,64.875,1339.5,91.5,0.272705078125,2
58,0,951.0,225.75,984.0,273.75,0.78515625,2
58,1,721.5,333.75,769.5,408.75,0.78125,2
58,2,569.625,375.0,618.375,453.0,0.77880859375,2
58,3,1328.25,468.375,1394.25,564.375,0.7734375,2
58,4,1324.5,67.03125,1341.0,93.84375,0.60595703125,2
58,5,1573.5,64.875,1597.5,103.5,0.51953125,2
58,6,1365.0,43.3125,1380.0,64.875,0.48046875,2
58,7,1402.5,25.21875,1414.5,49.40625,0.478515625,2
58,8,1508.25,27.234375,1518.75,49.828125,0.4638671875,2
58,9,1767.0,490.5,1911.0,625.5,0.416748046875,2
58,10,1180.5,91.21875,1231.5,136.96875,0.4072265625,1
58,11,1507.5,26.53125,1524.0,49.6875,0.39990234375,2
58,12,1404.75,22.5,1418.25,45.65625,0.382080078125,2
58,13,1167.0,99.75,1219.5,141.375,0.356689453125,2
58,14,1551.0,23.484375,1581.0,56.765625,0.279052734375,1
58,15,1401.75,19.125,1418.25,44.25,0.2666015625,2
59,0,951.0,225.75,984.0,273.75,0.78662109375,2
59,1,720.75,333.75,768.75,408.75,0.78271484375,2
59,2,570.0,375.0,618.0,453.0,0.77734375,2
59,3,1327.5,468.375,1393.5,564.375,0.7744140625,2
59,4,1324.5,67.125,1341.0,93.75,0.60595703125,2
59,5,1573.5,64.875,1597.5,103.5,0.515625,2
59,6,1402.5,25.21875,1414.5,49.40625,0.482421875,2
59,7,1365.0,43.3125,1380.0,64.875,0.478515625,2
59,8,1508.25,27.234375,1518.75,49.828125,0.46484375,2
59,9,1767.0,490.5,1911.0,625.5,0.422607421875,2
59,10,1180.5,91.125,1231.5,136.875,0.420654296875,1
59,11,1507.5,26.53125,1524.0,49.59375,0.39794921875,2
59,12,1404.75,22.5,1418.25,45.75,0.382080078125,2
59,13,1167.0,99.75,1219.5,141.375,0.35498046875,2
59,14,1551.0,23.4375,1581.0,56.8125,0.28369140625,1
59,15,1401.75,19.125,1418.25,44.34375,0.2666015625,2
60,0,567.0,377.25,615.0,458.25,0.79443359375,2
60,1,717.0,340.3125,763.5,414.0,0.7841796875,2
60,2,1336.5,462.0,1398.0,560.25,0.75341796875,2
60,3,945.0,226.875,976.5,276.375,0.642578125,2
60,4,1321.5,67.96875,1339.5,94.96875,0.5849609375,2
60,5,1573.5,65.25,1597.5,103.5,0.533203125,2
60,6,1401.75,25.96875,1413.75,49.59375,0.52734375,2
60,7,1508.25,26.953125,1518.75,49.828125,0.47265625,2
60,8,1365.0,44.53125,1380.0,65.8125,0.455078125,2
60,9,1176.0,93.1875,1231.5,138.1875,0.401611328125,2
60,10,1167.0,99.1875,1227.0,141.5625,0.39990234375,2
60,11,1507.5,26.0625,1524.0,49.6875,0.39599609375,2
60,12,1402.5,23.34375,1417.5,46.125,0.36572265625,2
60,13,1027.5,257.625,1287.0,317.625,0.29736328125,1
60,14,1767.0,491.25,1911.0,624.75,0.294189453125,2
60,15,1399.5,18.84375,1416.0,41.90625,0.26513671875,2
61,0,564.75,381.0,614.25,459.0,0.79931640625,2
61,1,712.875,343.125,760.125,416.625,0.78271484375,2
61,2,1339.5,459.0,1402.5,556.5,0.75927734375,2
61,3,945.0,228.375,972.0,277.875,0.6533203125,2
61,4,1321.5,67.6875,1339.5,95.4375,0.546875,2
61,5,1573.5,64.875,1597.5,103.5,0.53515625,2
61,6,1402.5,25.875,1414.5,49.6875,0.509765625,2
61,7,1507.5,26.34375,1519.5,49.6875,0.482421875,2
61,8,1365.0,44.71875,1380.0,66.28125,0.42822265625,2
61,9,1177.5,93.0,1231.5,138.375,0.422607421875,2
61,10,1167.75,98.8125,1226.25,141.5625,0.3876953125,2
61,11,1318.5,66.75,1336.5,95.25,0.356689453125,2
61,12,1402.5,22.59375,1417.5,45.28125,0.341552734375,2
61,13,1767.0,489.75,1911.0,624.75,0.315673828125,2
61,14,1398.0,17.0625,1416.0,39.0,0.28369140625,2
61,15,1027.5,257.625,1287.0,317.625,0.2744140625,1
62,0,564.75,381.0,614.25,459.75,0.79931640625,2
62,1,712.875,343.125,760.125,416.625,0.78271484375,2
62,2,1339.5,459.0,1402.5,556.5,0.75927734375,2
62,3,945.0,228.375,972.0,277.875,0.6513671875,2
62,4,1321.5,67.6875,1339.5,95.4375,0.54296875,2
62,5,1573.5,64.875,1597.5,103.5,0.533203125,2
62,6,1402.5,25.875,1414.5,49.6875,0.509765625,2
62,7,1507.5,26.34375,1519.5,49.6875,0.4833984375,2
62,8,1365.0,44.71875,1380.0,66.28125,0.42626953125,2
62,9,1177.5,92.90625,1231.5,138.28125,0.4111328125,2
62,10,1167.75,98.71875,1226.25,141.65625,0.384033203125,2
62,11,1318.5,66.75,1336.5,95.4375,0.35498046875,2
62,12,1402.5,22.59375,1417.5,45.28125,0.341552734375,2
62,13,1767.0,489.75,1911.0,624.75,0.32177734375,2
62,14,1398.0,17.0625,1416.0,39.0,0.28369140625,2
62,15,1027.5,257.625,1287.0,317.625,0.267333984375,1
63,0,1344.0,453.0,1408.5,555.0,0.80322265625,2
63,1,562.5,382.5,614.25,462.75,0.79296875,2
63,2,709.5,344.0625,759.0,419.25,0.7734375,2
63,3,942.0,227.4375,972.0,278.8125,0.732421875,2
63,4,1320.75,67.21875,1338.75,94.96875,0.57568359375,2
63,5,1573.5,64.5,1597.5,103.5,0.5390625,2
63,6,1401.75,25.78125,1413.75,49.6875,0.498046875,2
63,7,1507.5,25.734375,1519.5,49.453125,0.48046875,2
63,8,1365.0,43.96875,1380.0,65.90625,0.422607421875,2
63,9,1177.5,92.90625,1231.5,138.28125,0.420654296875,2
63,10,1168.5,99.0,1225.5,141.9375,0.37109375,2
63,11,1403.25,22.875,1416.75,46.125,0.318359375,2
63,12,1027.5,257.625,1287.0,317.625,0.291015625,1
63,13,1398.0,17.34375,1416.0,39.65625,0.287841796875,2
63,14,1767.0,489.75,1911.0,624.75,0.2861328125,2
64,0,1346.25,454.5,1407.75,554.25,0.81640625,2
64,1,561.0,385.5,610.5,463.5,0.7880859375,2
64,2,706.875,343.875,754.875,421.125,0.7607421875,2
64,3,939.0,231.375,966.0,280.125,0.74169921875,2
64,4,1320.0,67.21875,1338.0,94.40625,0.60205078125,2
64,5,1401.75,25.78125,1413.75,49.59375,0.552734375,2
64,6,1573.5,64.3125,1597.5,103.5,0.544921875,2
64,7,1506.75,25.03125,1518.75,49.03125,0.48046875,2
64,8,1365.0,43.21875,1380.0,65.90625,0.42431640625,2
64,9,1177.5,92.8125,1231.5,138.1875,0.403564453125,2
64,10,1403.25,23.71875,1416.75,47.34375,0.361083984375,2
64,11,1168.5,99.1875,1225.5,141.9375,0.352294921875,2
64,12,1507.5,25.40625,1524.0,49.59375,0.322509765625,2
64,13,1767.0,489.0,1911.0,624.75,0.29833984375,2
64,14,1027.5,257.625,1287.0,317.625,0.29736328125,1
64,15,1689.0,489.0,1767.0,579.0,0.272705078125,2
65,0,1346.25,454.5,1407.75,554.25,0.81640625,2
65,1,561.0,385.5,610.5,463.5,0.78662109375,2
65,2,707.25,343.875,755.25,421.125,0.7607421875,2
65,3,939.0,231.375,966.0,280.125,0.7431640625,2
65,4,1320.0,67.3125,1338.0,94.3125,0.60205078125,2
65,5,1401.75,25.875,1413.75,49.6875,0.556640625,2
65,6,1573.5,64.5,1597.5,103.5,0.54296875,2
65,7,1506.75,25.171875,1518.75,48.984375,0.4814453125,2
65,8,1365.0,43.3125,1380.0,65.71875,0.435791015625,2
65,9,1177.5,92.90625,1231.5,138.28125,0.4091796875,2
65,10,1403.25,23.8125,1416.75,47.4375,0.361083984375,2
65,11,1168.5,99.375,1225.5,142.125,0.350341796875,2
65,12,1507.5,25.40625,1524.0,49.59375,0.32080078125,2
65,13,1767.0,489.0,1911.0,624.75,0.301513671875,2
65,14,1027.5,257.625,1287.0,317.625,0.30078125,1
65,15,1689.0,489.0,1767.0,579.0,0.27978515625,2
66,0,1351.5,453.75,1405.5,548.25,0.74609375,2
66,1,558.75,385.875,606.75,467.625,0.74462890625,2
66,2,699.0,350.25,748.5,425.25,0.7373046875,2
66,3,933.0,232.5,963.0,282.75,0.7294921875,2
66,4,1573.5,64.5,1597.5,103.5,0.541015625,2
66,5,1317.75,68.4375,1337.25,95.8125,0.525390625,2
66,6,1398.75,25.40625,1412.25,49.40625,0.51171875,2
66,7,1507.5,23.25,1519.5,47.25,0.439697265625,2
66,8,1365.0,43.875,1380.0,66.1875,0.357666015625,2
66,9,1180.5,93.0,1231.5,138.375,0.35400390625,2
66,10,1767.0,489.75,1911.0,624.75,0.35302734375,2
66,11,1689.0,489.75,1767.0,579.0,0.30908203125,2
66,12,1027.5,257.625,1287.0,318.0,0.286865234375,1
66,13,1401.0,23.390625,1416.0,46.078125,0.27197265625,2
66,14,1399.5,20.4375,1414.5,44.25,0.26904296875,2
66,15,1400.25,436.875,1416.75,458.625,0.265869140625,2
66,16,1169.25,99.1875,1226.25,141.75,0.259033203125,2
67,0,555.75,388.875,605.25,470.625,0.79443359375,2
67,1,1356.0,450.375,1407.0,545.625,0.7490234375,2
67,2,696.75,349.5,744.75,427.5,0.70751953125,2
67,3,933.0,234.0,960.0,284.25,0.67919921875,2
67,4,1573.5,64.5,1597.5,103.5,0.54296875,2
67,5,1317.75,68.4375,1335.75,95.4375,0.517578125,2
67,6,1398.0,25.21875,1413.0,49.125,0.453369140625,2
67,7,1180.5,93.375,1231.5,138.1875,0.418701171875,2
67,8,1507.5,22.640625,1519.5,46.359375,0.403564453125,2
67,9,1767.0,489.375,1911.0,624.375,0.352294921875,2
67,10,1689.0,489.0,1767.0,579.0,0.33984375,2
67,11,1027.5,257.8125,1287.0,317.8125,0.33984375,1
67,12,1365.0,45.1875,1380.0,67.3125,0.32763671875,2
67,13,1398.0,20.4375,1414.5,43.5,0.3115234375,2
67,14,1169.25,99.375,1226.25,141.75,0.263671875,2
67,15,1401.0,22.78125,1416.0,44.25,0.25830078125,2
67,16,1794.0,160.125,1854.0,206.25,0.25244140625,2
68,0,555.75,388.875,605.25,470.625,0.79296875,2
68,1,1356.0,450.375,1407.0,545.625,0.75048828125,2
68,2,696.75,349.5,744.75,427.5,0.70751953125,2
68,3,933.0,233.625,960.0,284.25,0.673828125,2
68,4,1573.5,64.5,1597.5,103.5,0.54296875,2
68,5,1317.75,68.53125,1335.75,95.53125,0.515625,2
68,6,1398.0,25.125,1413.0,49.125,0.447509765625,2
68,7,1507.5,22.640625,1519.5,46.453125,0.403564453125,2
68,8,1180.5,93.1875,1231.5,138.1875,0.394287109375,2
68,9,1767.0,489.0,1911.0,624.0,0.349609375,2
68,10,1027.5,258.0,1287.0,318.0,0.33642578125,1
68,11,1689.0,489.0,1767.0,579.0,0.3310546875,2
68,12,1365.0,45.28125,1380.0,67.40625,0.32080078125,2
68,13,1398.0,20.34375,1414.5,43.21875,0.313232421875,2
68,14,1169.25,99.375,1226.25,141.75,0.257568359375,2
68,15,1401.0,22.6875,1416.0,44.0625,0.256103515625,2
69,0,554.25,391.5,603.75,472.5,0.76220703125,2
69,1,1359.0,450.0,1410.0,542.25,0.7431640625,2
69,2,693.75,354.0,740.25,429.0,0.708984375,2
69,3,930.75,232.875,957.75,284.625,0.69091796875,2
69,4,1317.0,72.0,1332.0,97.6875,0.533203125,2
69,5,1573.5,65.25,1597.5,103.5,0.529296875,2
69,6,1179.0,93.84375,1231.5,138.09375,0.443603515625,2
69,7,1398.0,25.40625,1411.5,49.125,0.439697265625,2
69,8,1507.5,22.5,1519.5,45.75,0.381103515625,2
69,9,1767.0,489.75,1911.0,624.75,0.34423828125,2
69,10,1363.5,46.03125,1380.0,68.25,0.34326171875,2
69,11,1027.5,258.0,1287.0,317.625,0.285400390625,1
69,12,1575.0,731.625,1677.0,846.0,0.28369140625,2
69,13,1398.0,20.71875,1413.0,43.59375,0.262939453125,2
69,14,1168.5,99.9375,1225.5,141.5625,0.25830078125,2
69,15,1689.0,490.5,1767.0,579.0,0.25244140625,2
70,0,1362.0,443.25,1422.0,540.75,0.75341796875,2
70,1,552.75,393.375,600.75,475.125,0.72314453125,2
70,2,690.0,358.5,738.0,432.0,0.69921875,2
70,3,927.0,235.6875,954.0,285.5625,0.6826171875,2
70,4,1316.25,72.375,1332.75,97.875,0.56591796875,2
70,5,1573.5,65.0625,1597.5,103.3125,0.51953125,2
70,6,1179.0,94.125,1231.5,138.0,0.49609375,2
70,7,1397.25,26.0625,1410.75,49.5,0.455078125,2
70,8,1768.5,489.0,1909.5,624.0,0.39892578125,2
70,9,1506.0,22.21875,1518.0,45.09375,0.374755859375,2
70,10,1362.0,46.03125,1380.0,68.71875,0.312255859375,2
70,11,1027.5,257.625,1285.5,317.625,0.30908203125,1
70,12,1169.25,99.9375,1226.25,141.5625,0.2783203125,2
70,13,1413.0,429.75,1431.0,450.75,0.269775390625,2
71,0,1362.0,443.25,1422.0,540.75,0.75341796875,2
71,1,552.75,393.75,600.75,474.75,0.7216796875,2
71,2,690.0,358.5,737.25,432.0,0.69287109375,2
71,3,926.25,235.6875,953.25,285.5625,0.6826171875,2
71,4,1316.25,72.375,1332.75,97.875,0.56201171875,2
71,5,1573.5,65.0625,1597.5,103.3125,0.51953125,2
71,6,1179.0,94.125,1231.5,138.0,0.494140625,2
71,7,1397.25,26.015625,1410.75,49.453125,0.447509765625,2
71,8,1768.5,489.0,1909.5,624.0,0.39892578125,2
71,9,1506.0,22.125,1518.0,45.1875,0.376708984375,2
71,10,1027.5,258.0,1285.5,318.0,0.30322265625,1
71,11,1362.0,46.03125,1380.0,68.90625,0.29833984375,2
71,12,1169.25,99.75,1226.25,141.5625,0.282958984375,2
71,13,1413.0,429.75,1431.0,450.75,0.271240234375,2
72,0,549.0,400.5,594.75,481.5,0.76611328125,2
72,1,683.625,361.5,733.875,437.25,0.7578125,2
72,2,921.0,243.5625,951.0,289.3125,0.689453125,2
72,3,1368.0,445.5,1431.0,537.75,0.6875,2
72,4,1317.0,73.3125,1332.0,99.1875,0.61669921875,2
72,5,1396.5,27.09375,1408.5,49.96875,0.5390625,2
72,6,1573.5,65.4375,1597.5,103.3125,0.51171875,2
72,7,1179.0,94.03125,1230.0,138.09375,0.443603515625,2
72,8,1770.0,488.25,1911.0,624.75,0.367431640625,2
72,9,1507.5,21.5625,1519.5,43.875,0.36669921875,2
72,10,1027.5,257.625,1287.0,318.375,0.26123046875,1
72,11,1169.25,99.1875,1226.25,141.375,0.25244140625,2
72,12,1552.5,23.484375,1582.5,56.859375,0.250244140625,1
73,0,680.25,361.5,729.75,439.5,0.822265625,2
73,1,546.375,401.25,592.875,483.0,0.7744140625,2
73,2,1371.75,443.25,1434.75,535.5,0.70751953125,2
73,3,920.25,244.875,948.75,290.625,0.6806640625,2
73,4,1314.0,73.59375,1332.0,99.65625,0.57763671875,2
73,5,1396.5,27.1875,1408.5,50.0625,0.53515625,2
73,6,1178.25,94.78125,1230.75,138.28125,0.517578125,2
73,7,1573.5,65.25,1597.5,103.5,0.515625,2
73,8,1770.0,487.5,1908.0,625.5,0.39794921875,2
73,9,1168.5,101.0625,1225.5,141.9375,0.345947265625,2
73,10,1507.5,21.1875,1519.5,43.5,0.34326171875,2
73,11,1029.0,257.625,1287.0,318.375,0.260498046875,1
74,0,679.875,361.5,729.375,439.5,0.8232421875,2
74,1,546.0,401.625,593.25,483.375,0.7734375,2
74,2,1371.75,443.25,1434.75,535.5,0.708984375,2
74,3,920.25,244.875,948.75,290.625,0.67919921875,2
74,4,1314.0,73.5,1332.0,99.75,0.57763671875,2
74,5,1396.5,27.1875,1408.5,50.15625,0.53515625,2
74,6,1573.5,65.25,1597.5,103.5,0.513671875,2
74,7,1178.25,94.78125,1230.75,138.28125,0.509765625,2
74,8,1770.0,487.5,1908.0,625.5,0.400634765625,2
74,9,1507.5,21.28125,1518.0,43.5,0.34326171875,2
74,10,1168.5,101.0625,1225.5,141.9375,0.342529296875,2
74,11,1029.0,257.625,1287.0,318.375,0.262939453125,1
75,0,675.75,362.25,726.75,441.75,0.8154296875,2
75,1,543.75,405.375,591.75,484.875,0.74755859375,2
75,2,1375.5,443.25,1434.0,534.75,0.68603515625,2
75,3,915.75,246.9375,948.75,291.5625,0.6826171875,2
75,4,1178.25,94.6875,1230.75,138.5625,0.59619140625,2
75,5,1395.0,27.0,1407.0,50.4375,0.541015625,2
75,6,1314.0,71.0625,1329.0,99.1875,0.5302734375,2
75,7,1573.5,64.96875,1597.5,103.40625,0.51953125,2
75,8,1770.0,486.75,1911.0,624.75,0.400634765625,2
75,9,1168.5,100.5,1225.5,142.125,0.367431640625,2
75,10,1507.5,20.578125,1519.5,42.703125,0.35302734375,2
75,11,1029.0,257.625,1287.0,318.375,0.289306640625,1
75,12,1507.5,18.75,1524.0,40.5,0.27587890625,2
76,0,1380.0,438.375,1443.0,531.375,0.7890625,2
76,1,672.75,363.75,722.25,444.75,0.77978515625,2
76,2,540.75,406.5,590.25,487.5,0.74609375,2
76,3,912.0,244.125,939.0,292.875,0.73388671875,2
76,4,1177.5,95.0625,1231.5,138.5625,0.6318359375,2
76,5,1394.25,27.09375,1407.75,50.625,0.57958984375,2
76,6,1312.5,71.625,1327.5,100.125,0.556640625,2
76,7,1573.5,64.78125,1597.5,103.40625,0.5234375,2
76,8,1168.5,99.375,1227.0,141.75,0.39599609375,2
76,9,1770.0,486.75,1908.0,624.75,0.37939453125,2
76,10,1507.5,20.4375,1519.5,42.75,0.3603515625,2
76,11,1507.5,18.65625,1524.0,40.40625,0.281494140625,2
76,12,1308.0,72.75,1329.0,100.125,0.281494140625,2
76,13,1686.0,689.25,1701.0,707.25,0.26806640625,2
76,14,1578.0,664.125,1620.0,692.625,0.26220703125,2
76,15,1311.0,69.9375,1332.0,98.8125,0.260498046875,2
77,0,1380.0,438.375,1443.0,531.375,0.79052734375,2
77,1,672.75,363.75,722.25,444.75,0.77587890625,2
77,2,540.75,406.5,590.25,487.5,0.74609375,2
77,3,912.0,244.125,939.0,292.875,0.732421875,2
77,4,1176.75,95.0625,1230.75,138.5625,0.6318359375,2
77,5,1394.25,27.09375,1407.75,50.71875,0.57958984375,2
77,6,1312.5,71.625,1327.5,100.125,0.556640625,2
77,7,1573.5,64.875,1597.5,103.5,0.5234375,2
77,8,1168.5,99.375,1227.0,141.75,0.39697265625,2
77,9,1770.0,486.75,1908.0,624.75,0.3896484375,2
77,10,1507.5,20.4375,1519.5,42.75,0.3603515625,2
77,11,1308.0,72.75,1329.0,100.125,0.281494140625,2
77,12,1507.5,18.65625,1524.0,40.40625,0.280517578125,2
77,13,1686.0,689.25,1701.0,707.25,0.2666015625,2
77,14,1311.0,69.75,1332.0,98.8125,0.26123046875,2
77,15,1578.0,664.125,1620.0,692.625,0.260498046875,2
78,0,668.25,370.125,717.75,448.875,0.80908203125,2
78,1,1388.25,430.875,1452.75,527.625,0.76904296875,2
78,2,906.0,244.875,936.0,295.875,0.7373046875,2
78,3,535.875,411.0,586.125,492.0,0.67724609375,2
78,4,1177.5,94.40625,1231.5,138.46875,0.5947265625,2
78,5,1312.5,73.3125,1327.5,101.4375,0.55712890625,2
78,6,1392.75,27.9375,1406.25,51.0,0.5546875,2
78,7,1311.0,73.5,1332.0,100.125,0.53125,2
78,8,1573.5,64.6875,1597.5,103.3125,0.525390625,2
78,9,1770.0,487.125,1908.0,625.125,0.416748046875,2
78,10,1575.0,727.5,1653.0,852.0,0.405517578125,2
78,11,1506.75,20.625,1518.75,43.125,0.39794921875,2
78,12,1168.5,98.625,1228.5,141.375,0.3876953125,2
78,13,1506.0,19.40625,1524.0,41.71875,0.29833984375,2
78,14,1554.0,629.625,1620.0,678.375,0.2958984375,2
79,0,663.0,371.25,715.5,452.25,0.8056640625,2
79,1,1390.5,429.375,1458.0,523.875,0.75634765625,2
79,2,902.25,246.75,935.25,296.625,0.75341796875,2
79,3,534.75,411.0,582.75,495.0,0.67041015625,2
79,4,1311.0,73.3125,1326.0,101.0625,0.56298828125,2
79,5,1177.5,93.75,1231.5,138.5625,0.55078125,2
79,6,1392.75,27.375,1406.25,50.34375,0.548828125,2
79,7,1573.5,64.59375,1597.5,103.40625,0.52734375,2
79,8,1311.0,73.5,1332.0,100.125,0.46875,2
79,9,1770.0,487.5,1908.0,625.5,0.42724609375,2
79,10,1506.75,20.53125,1518.75,43.21875,0.39501953125,2
79,11,1576.5,731.25,1657.5,866.25,0.367431640625,2
79,12,1506.0,19.3125,1524.0,41.8125,0.301513671875,2
79,13,1554.0,629.625,1620.0,678.375,0.299072265625,2
79,14,1029.0,257.25,1287.0,318.75,0.256103515625,1
80,0,662.25,371.25,715.5,452.25,0.806640625,2
80,1,902.25,246.75,935.25,296.625,0.7548828125,2
80,2,1390.5,429.375,1458.0,523.875,0.7548828125,2
80,3,534.75,410.625,582.75,494.625,0.67041015625,2
80,4,1311.0,73.3125,1326.0,101.0625,0.56298828125,2
80,5,1177.5,93.75,1231.5,138.5625,0.55078125,2
80,6,1392.75,27.46875,1406.25,50.34375,0.54296875,2
80,7,1573.5,64.59375,1597.5,103.40625,0.525390625,2
80,8,1311.0,73.5,1332.0,100.125,0.466796875,2
80,9,1770.0,487.5,1908.0,625.5,0.419677734375,2
80,10,1506.75,20.578125,1518.75,43.078125,0.394287109375,2
80,11,1576.5,734.25,1663.5,866.25,0.350341796875,2
80,12,1506.0,19.3125,1524.0,41.8125,0.2998046875,2
80,13,1554.0,629.625,1620.0,678.375,0.291748046875,2
80,14,1029.0,257.25,1287.0,318.75,0.26220703125,1
81,0,660.0,369.75,712.5,455.25,0.77197265625,2
81,1,1395.0,429.0,1461.0,521.25,0.76220703125,2
81,2,900.0,248.625,933.0,298.125,0.75634765625,2
81,3,531.75,415.125,580.5,497.625,0.75634765625,2
81,4,1311.0,73.6875,1326.0,101.4375,0.57861328125,2
81,5,1392.0,27.84375,1405.5,50.71875,0.53125,2
81,6,1573.5,64.59375,1597.5,103.40625,0.5234375,2
81,7,1177.5,93.5625,1231.5,138.5625,0.5078125,2
81,8,1506.0,20.53125,1518.0,43.21875,0.39599609375,2
81,9,1770.0,490.5,1908.0,624.0,0.39501953125,2
81,10,1168.5,97.875,1228.5,141.375,0.383056640625,2
81,11,1506.0,19.40625,1524.0,41.90625,0.29345703125,2
81,12,1356.0,42.09375,1368.0,64.40625,0.263671875,2
82,0,657.75,373.5,708.75,457.5,0.8017578125,2
82,1,1399.5,425.25,1462.5,521.25,0.751953125,2
82,2,527.625,415.875,579.375,500.625,0.7431640625,2
82,3,895.5,249.9375,927.0,299.4375,0.615234375,2
82,4,1308.0,74.0625,1326.0,103.125,0.5908203125,2
82,5,1176.0,93.75,1231.5,138.75,0.548828125,2
82,6,1390.5,30.28125,1405.5,52.78125,0.53125,2
82,7,1573.5,64.5,1597.5,103.5,0.513671875,2
82,8,1311.0,74.15625,1332.0,101.53125,0.418701171875,2
82,9,1767.0,490.5,1905.0,624.0,0.36572265625,2
82,10,1506.0,20.15625,1518.0,42.28125,0.355712890625,2
82,11,1506.0,18.9375,1524.0,41.25,0.29345703125,2
82,12,1356.0,43.78125,1368.0,66.84375,0.29345703125,2
83,0,657.75,373.5,708.75,457.5,0.8017578125,2
83,1,1399.5,425.25,1464.0,521.25,0.7490234375,2
83,2,527.625,415.5,579.375,501.0,0.74462890625,2
83,3,895.5,249.9375,928.5,299.4375,0.61669921875,2
83,4,1308.0,74.0625,1326.0,103.125,0.5908203125,2
83,5,1176.0,93.75,1231.5,138.75,0.5546875,2
83,6,1390.5,30.28125,1405.5,52.875,0.53125,2
83,7,1573.5,64.5,1597.5,103.5,0.515625,2
83,8,1311.0,74.25,1332.0,101.625,0.418701171875,2
83,9,1770.0,489.0,1908.0,625.5,0.3720703125,2
83,10,1506.0,20.25,1518.0,42.28125,0.356689453125,2
83,11,1506.0,18.9375,1524.0,41.25,0.294189453125,2
83,12,1356.0,43.78125,1368.0,66.84375,0.294189453125,2
84,0,648.375,381.0,703.125,462.75,0.83349609375,2
84,1,523.5,420.75,573.0,506.25,0.78271484375,2
84,2,892.5,248.625,922.5,302.625,0.7607421875,2
84,3,1407.0,428.25,1477.5,515.25,0.7431640625,2
84,4,1308.0,74.4375,1326.0,103.5,0.61328125,2
84,5,1573.5,64.3125,1597.5,103.3125,0.5078125,2
84,6,1177.5,93.28125,1231.5,138.84375,0.458984375,2
84,7,1389.75,32.15625,1404.75,54.46875,0.405517578125,2
84,8,1575.0,732.75,1659.0,857.25,0.357666015625,2
84,9,1770.0,490.125,1905.0,624.375,0.337158203125,2
84,10,1029.0,257.25,1287.0,319.5,0.29833984375,1
84,11,1356.0,52.78125,1371.0,75.84375,0.294189453125,2
84,12,1463.25,417.375,1482.75,435.375,0.294189453125,2
84,13,1507.5,18.0,1524.0,39.75,0.28857421875,2
84,14,1506.0,19.21875,1518.0,40.59375,0.26513671875,2
84,15,1309.5,74.25,1332.0,101.25,0.26123046875,2
85,0,646.125,382.5,699.375,465.0,0.8173828125,2
85,1,522.0,424.5,571.5,508.5,0.7890625,2
85,2,888.0,250.5,918.0,304.5,0.74609375,2
85,3,1412.25,429.0,1479.75,514.5,0.71044921875,2
85,4,1308.0,74.625,1324.5,103.6875,0.66552734375,2
85,5,1573.5,63.65625,1597.5,103.40625,0.5078125,2
85,6,1573.5,732.0,1660.5,858.0,0.45703125,2
85,7,1177.5,93.1875,1231.5,138.9375,0.439697265625,2
85,8,1168.5,97.875,1228.5,141.5625,0.382080078125,2
85,9,1389.0,31.03125,1404.0,53.53125,0.37744140625,2
85,10,1356.0,52.3125,1371.0,75.75,0.37744140625,2
85,11,1770.0,489.75,1908.0,624.75,0.32861328125,2
85,12,1508.25,16.78125,1524.75,38.71875,0.301513671875,2
85,13,1029.0,257.25,1287.0,319.5,0.294189453125,1
85,14,1355.25,44.90625,1367.25,69.84375,0.279052734375,2
86,0,645.75,382.5,699.75,465.0,0.81640625,2
86,1,522.0,424.5,571.5,508.5,0.7890625,2
86,2,888.0,250.5,918.0,304.5,0.74609375,2
86,3,1412.25,428.625,1479.75,514.125,0.71044921875,2
86,4,1308.0,74.4375,1324.5,103.6875,0.66552734375,2
86,5,1573.5,63.65625,1597.5,103.40625,0.5078125,2
86,6,1573.5,732.0,1660.5,858.0,0.453369140625,2
86,7,1177.5,93.1875,1231.5,138.9375,0.435791015625,2
86,8,1168.5,97.875,1228.5,141.5625,0.381103515625,2
86,9,1389.0,31.03125,1404.0,53.53125,0.375732421875,2
86,10,1356.0,52.3125,1371.0,75.75,0.375732421875,2
86,11,1770.0,489.75,1908.0,624.75,0.326904296875,2
86,12,1508.25,16.828125,1524.75,38.671875,0.301513671875,2
86,13,1029.0,257.25,1287.0,319.5,0.289306640625,1
86,14,1355.25,44.90625,1367.25,69.75,0.279052734375,2
87,0,643.5,386.625,696.0,468.375,0.83203125,2
87,1,519.0,425.25,569.25,511.5,0.8056640625,2
87,2,884.25,250.875,917.25,305.625,0.77734375,2
87,3,1308.0,74.8125,1323.0,103.6875,0.70068359375,2
87,4,1416.0,429.375,1485.0,511.875,0.67041015625,2
87,5,1575.0,729.75,1656.0,860.25,0.5927734375,2
87,6,1573.5,63.9375,1597.5,103.3125,0.49609375,2
87,7,1389.0,29.71875,1404.0,52.59375,0.443603515625,2
87,8,1356.0,51.84375,1369.5,75.46875,0.385009765625,2
87,9,1177.5,92.8125,1231.5,138.9375,0.350341796875,2
87,10,1029.0,257.25,1287.0,319.5,0.312255859375,1
87,11,1354.5,45.28125,1366.5,70.40625,0.296630859375,2
87,12,1508.25,16.78125,1524.75,38.25,0.27978515625,2
88,0,641.25,387.75,693.75,471.75,0.8115234375,2
88,1,517.5,426.75,568.5,513.75,0.7919921875,2
88,2,882.75,251.625,915.75,307.875,0.78515625,2
88,3,1308.0,74.4375,1323.0,103.6875,0.67236328125,2
88,4,1422.0,424.5,1491.0,511.5,0.642578125,2
88,5,1575.0,726.0,1656.0,858.0,0.529296875,2
88,6,1573.5,64.125,1597.5,103.3125,0.484375,2
88,7,1389.75,29.8125,1404.75,52.5,0.420654296875,2
88,8,1356.0,51.0,1369.5,75.0,0.383056640625,2
88,9,1168.5,97.3125,1228.5,141.375,0.333740234375,2
88,10,1029.0,257.4375,1287.0,319.6875,0.320068359375,1
88,11,1354.5,45.46875,1366.5,70.5,0.318359375,2
88,12,1508.25,17.015625,1524.75,38.203125,0.256103515625,2
89,0,641.25,387.75,693.75,471.75,0.810546875,2
89,1,517.5,426.75,568.5,513.75,0.7919921875,2
89,2,882.75,251.625,915.75,307.875,0.78662109375,2
89,3,1308.0,74.4375,1323.0,103.6875,0.67236328125,2
89,4,1422.0,424.5,1491.0,511.5,0.64404296875,2
89,5,1575.0,726.375,1656.0,858.0,0.53515625,2
89,6,1573.5,63.9375,1597.5,103.3125,0.48828125,2
89,7,1389.75,29.8125,1404.75,52.6875,0.42431640625,2
89,8,1356.0,50.765625,1368.0,74.8125,0.39599609375,2
89,9,1354.5,45.46875,1366.5,70.59375,0.338134765625,2
89,10,1168.5,97.125,1230.0,141.375,0.333740234375,2
89,11,1029.0,257.4375,1287.0,319.6875,0.32177734375,1
89,12,1508.25,17.015625,1524.75,38.203125,0.257568359375,2
89,13,1179.0,91.875,1231.5,138.375,0.250244140625,1
90,0,631.125,388.875,687.375,477.375,0.8232421875,2
90,1,1433.25,411.75,1506.75,505.5,0.76611328125,2
90,2,1308.0,75.375,1320.0,103.875,0.732421875,2
90,3,510.75,431.25,564.0,521.25,0.72021484375,2
90,4,876.0,255.1875,909.0,310.6875,0.69580078125,2
90,5,1573.5,63.75,1597.5,103.5,0.513671875,2
90,6,1356.0,50.8125,1368.0,75.0,0.401611328125,2
90,7,1167.0,97.125,1230.0,141.375,0.382080078125,2
90,8,1354.5,45.5625,1366.5,70.96875,0.34326171875,2
90,9,1389.0,32.90625,1404.0,55.59375,0.338134765625,2
90,10,1029.0,257.25,1287.0,320.25,0.29833984375,1
90,11,1508.25,16.78125,1524.75,37.78125,0.275146484375,2
91,0,628.125,391.5,682.875,480.75,0.83447265625,2
91,1,507.0,433.5,562.5,523.5,0.7646484375,2
91,2,1306.5,75.75,1318.5,104.625,0.73095703125,2
91,3,873.0,256.875,906.0,313.125,0.689453125,2
91,4,1438.5,402.0,1513.5,505.5,0.6689453125,2
91,5,1573.5,63.75,1597.5,103.5,0.51171875,2
91,6,1176.0,94.125,1233.0,139.125,0.443603515625,2
91,7,1356.0,50.8125,1368.0,75.1875,0.439697265625,2
91,8,1353.75,45.9375,1367.25,71.4375,0.35400390625,2
91,9,1389.0,33.9375,1404.0,56.8125,0.309814453125,2
91,10,1507.5,16.96875,1525.5,38.15625,0.290283203125,2
91,11,1551.0,22.6875,1581.0,56.625,0.26904296875,1
91,12,1029.0,257.25,1287.0,321.0,0.263671875,1
92,0,628.125,391.5,682.875,480.75,0.83544921875,2
92,1,507.0,433.5,562.5,523.5,0.7646484375,2
92,2,1306.5,75.9375,1318.5,104.625,0.73095703125,2
92,3,873.0,257.0625,906.0,312.9375,0.6875,2
92,4,1438.5,402.0,1513.5,505.5,0.6669921875,2
92,5,1573.5,63.75,1597.5,103.5,0.51171875,2
92,6,1356.0,50.859375,1368.0,75.1875,0.439697265625,2
92,7,1176.0,94.125,1233.0,139.125,0.420654296875,2
92,8,1353.75,45.9375,1367.25,71.4375,0.35400390625,2
92,9,1389.0,34.03125,1404.0,56.71875,0.304931640625,2
92,10,1507.5,16.96875,1525.5,38.15625,0.289306640625,2
92,11,1029.0,257.25,1287.0,321.0,0.269775390625,1
92,12,1551.0,22.6875,1581.0,56.625,0.26904296875,1
93,0,624.75,393.0,678.75,482.25,0.83447265625,2
93,1,505.125,437.25,556.875,527.25,0.77734375,2
93,2,870.75,256.125,905.25,314.625,0.70751953125,2
93,3,1303.5,73.5,1318.5,104.25,0.7041015625,2
93,4,1443.75,407.25,1515.75,502.5,0.6669921875,2
93,5,1573.5,63.5625,1597.5,103.6875,0.525390625,2
93,6,1175.25,94.125,1232.25,139.3125,0.49609375,2
93,7,1356.0,50.8125,1368.0,75.375,0.435791015625,2
93,8,1306.5,74.8125,1321.5,104.0625,0.3876953125,2
93,9,1354.5,45.9375,1366.5,71.625,0.33642578125,2
93,10,1389.0,34.265625,1404.0,57.703125,0.3310546875,2
93,11,1506.75,16.6875,1524.75,38.15625,0.285400390625,2
93,12,1551.0,22.5,1581.0,56.71875,0.264404296875,1
93,13,1029.0,257.0625,1287.0,320.8125,0.263671875,1
94,0,621.375,396.75,676.875,483.75,0.841796875,2
94,1,500.25,439.875,555.75,530.625,0.81982421875,2
94,2,1302.0,73.5,1317.0,104.625,0.716796875,2
94,3,868.5,255.375,904.5,316.875,0.71533203125,2
94,4,1448.25,415.125,1517.25,499.875,0.65478515625,2
94,5,1174.5,94.125,1231.5,139.5,0.54296875,2
94,6,1573.5,63.46875,1597.5,103.59375,0.529296875,2
94,7,1356.0,51.328125,1368.0,75.75,0.451416015625,2
94,8,1389.0,34.03125,1404.0,57.9375,0.394287109375,2
94,9,1304.25,75.0,1320.75,105.0,0.37744140625,2
94,10,1354.5,45.65625,1366.5,71.71875,0.301513671875,2
94,11,1506.75,16.5,1524.75,38.0625,0.27587890625,2
94,12,1551.0,22.5,1581.0,56.71875,0.27197265625,1
95,0,621.75,396.75,676.5,483.75,0.841796875,2
95,1,500.25,439.875,555.75,530.625,0.81982421875,2
95,2,1302.0,73.5,1317.0,104.625,0.71533203125,2
95,3,868.5,255.375,904.5,316.875,0.71533203125,2
95,4,1449.0,414.75,1518.0,500.25,0.6533203125,2
95,5,1174.5,94.125,1231.5,139.5,0.5419921875,2
95,6,1573.5,63.46875,1597.5,103.59375,0.529296875,2
95,7,1356.0,51.328125,1368.0,75.75,0.451416015625,2
95,8,1389.0,34.125,1404.0,57.9375,0.392333984375,2
95,9,1304.25,75.0,1320.75,105.0,0.37841796875,2
95,10,1354.5,45.65625,1366.5,71.71875,0.303955078125,2
95,11,1506.75,16.5,1524.75,38.0625,0.277587890625,2
95,12,1551.0,22.40625,1581.0,56.71875,0.269775390625,1
96,0,614.25,403.5,669.75,490.5,0.81396484375,2
96,1,498.0,445.5,552.0,535.5,0.77734375,2
96,2,1299.0,74.8125,1317.0,105.5625,0.7373046875,2
96,3,861.0,259.125,894.0,319.125,0.69921875,2
96,4,1458.0,411.75,1533.0,495.75,0.5927734375,2
96,5,1573.5,63.84375,1597.5,103.59375,0.51953125,2
96,6,1173.75,94.3125,1232.25,139.6875,0.4931640625,2
96,7,1387.5,33.984375,1404.0,57.515625,0.46875,2
96,8,1356.0,51.421875,1368.0,75.375,0.449462890625,2
96,9,1770.0,489.0,1908.0,624.0,0.385009765625,2
96,10,1353.75,45.75,1365.75,71.4375,0.32763671875,2
96,11,1302.0,76.03125,1320.0,106.96875,0.32177734375,2
96,12,1551.0,22.5,1581.0,56.625,0.302490234375,1
96,13,1506.0,16.125,1524.0,37.96875,0.2509765625,2
97,0,611.25,405.75,665.25,491.25,0.79296875,2
97,1,495.75,450.0,546.75,538.5,0.7890625,2
97,2,1298.25,75.375,1317.75,106.875,0.72802734375,2
97,3,858.0,259.5,894.0,321.0,0.71533203125,2
97,4,1464.0,401.25,1539.0,494.25,0.65478515625,2
97,5,1573.5,63.5625,1597.5,103.6875,0.5390625,2
97,6,1355.25,50.4375,1367.25,75.1875,0.4921875,2
97,7,1174.5,93.75,1231.5,139.875,0.4814453125,2
97,8,1386.0,32.625,1404.0,57.1875,0.46875,2
97,9,1351.5,46.125,1366.5,72.5625,0.368408203125,2
97,10,1770.0,489.75,1908.0,624.0,0.352294921875,2
97,11,1551.0,22.78125,1581.0,56.8125,0.2822265625,1
97,12,1506.0,16.125,1524.0,37.6875,0.26806640625,2
98,0,611.25,405.75,665.25,491.25,0.79296875,2
98,1,495.75,450.0,546.75,538.5,0.7890625,2
98,2,1298.25,75.375,1317.75,106.875,0.72802734375,2
98,3,858.0,259.875,894.0,321.0,0.71533203125,2
98,4,1464.0,401.25,1539.0,494.25,0.65478515625,2
98,5,1573.5,63.5625,1597.5,103.6875,0.537109375,2
98,6,1355.25,50.4375,1367.25,75.1875,0.4921875,2
98,7,1174.5,93.75,1231.5,139.875,0.48046875,2
98,8,1386.0,32.578125,1404.0,57.234375,0.46875,2
98,9,1351.5,46.125,1366.5,72.5625,0.368408203125,2
98,10,1770.0,489.75,1908.0,624.0,0.355712890625,2
98,11,1551.0,22.78125,1581.0,56.8125,0.28369140625,1
98,12,1506.0,16.03125,1524.0,37.6875,0.26904296875,2
99,0,608.25,405.75,665.25,495.0,0.8154296875,2
99,1,494.25,450.75,546.75,542.25,0.8017578125,2
99,2,1471.5,396.0,1549.5,492.0,0.77880859375,2
99,3,855.75,260.625,893.25,322.125,0.7431640625,2
99,4,1299.0,75.28125,1317.0,106.78125,0.70556640625,2
99,5,1573.5,63.46875,1597.5,103.78125,0.54296875,2
99,6,1354.5,49.96875,1366.5,74.53125,0.484375,2
99,7,1168.5,96.375,1231.5,142.125,0.43310546875,2
99,8,1386.0,33.28125,1404.0,57.9375,0.43017578125,2
99,9,1350.0,46.21875,1365.0,71.90625,0.418701171875,2
99,10,1770.0,492.75,1902.0,624.75,0.34765625,2
99,11,1551.0,22.5,1581.0,56.8125,0.30810546875,1
99,12,1506.0,15.46875,1524.0,37.6875,0.279052734375,2
99,13,1768.5,516.0,1882.5,624.0,0.272705078125,2
99,14,1029.0,257.625,1287.0,321.75,0.250244140625,1
100,0,1477.5,394.125,1552.5,488.625,0.822265625,2
100,1,604.5,408.75,659.25,498.75,0.7958984375,2
100,2,852.75,263.25,890.25,324.0,0.74462890625,2
100,3,489.75,454.125,543.75,545.625,0.732421875,2
100,4,1296.0,76.3125,1314.0,107.0625,0.70556640625,2
100,5,1573.5,63.75,1597.5,103.875,0.54296875,2
100,6,1354.5,49.6875,1366.5,74.25,0.490234375,2
100,7,1350.0,46.40625,1365.0,71.90625,0.43017578125,2
100,8,1168.5,96.09375,1231.5,142.03125,0.4091796875,2
100,9,1386.0,33.65625,1404.0,57.84375,0.39990234375,2
100,10,1551.0,22.78125,1581.0,56.71875,0.341552734375,1
100,11,1770.0,493.5,1902.0,624.0,0.29736328125,2
100,12,1176.75,91.875,1232.25,138.9375,0.29248046875,1
100,13,1506.75,15.1875,1524.75,37.3125,0.277587890625,2
101,0,1477.5,394.125,1552.5,488.625,0.822265625,2
101,1,604.5,408.75,659.25,498.75,0.796875,2
101,2,852.75,263.25,890.25,324.0,0.74462890625,2
101,3,489.75,454.5,543.75,546.0,0.732421875,2
101,4,1296.0,76.125,1314.0,106.875,0.70556640625,2
101,5,1573.5,63.65625,1597.5,103.78125,0.544921875,2
101,6,1353.75,49.6875,1365.75,74.25,0.48828125,2
101,7,1350.0,46.40625,1365.0,71.90625,0.42822265625,2
101,8,1386.0,33.5625,1404.0,58.03125,0.405517578125,2
101,9,1168.5,96.09375,1231.5,142.03125,0.405517578125,2
101,10,1551.0,22.5,1581.0,56.8125,0.346923828125,1
101,11,1768.5,492.75,1903.5,624.0,0.315673828125,2
101,12,1176.75,91.96875,1232.25,138.84375,0.2998046875,1
101,13,1506.75,15.09375,1524.75,37.3125,0.277587890625,2
102,0,597.75,412.5,651.75,504.0,0.83740234375,2
102,1,1491.0,390.75,1564.5,485.25,0.796875,2
102,2,480.375,460.125,535.125,552.375,0.74169921875,2
102,3,850.5,269.0625,886.5,326.8125,0.73388671875,2
102,4,1293.0,77.34375,1312.5,108.09375,0.69580078125,2
102,5,1573.5,63.75,1597.5,103.875,0.541015625,2
102,6,1352.25,49.21875,1365.75,73.96875,0.5,2
102,7,1350.0,46.5,1365.0,71.8125,0.46875,2
102,8,1168.5,95.0625,1231.5,141.9375,0.403564453125,2
102,9,1386.0,33.84375,1404.0,58.03125,0.373779296875,2
102,10,1551.0,22.40625,1581.0,56.71875,0.36669921875,1
102,11,1176.0,91.59375,1233.0,139.03125,0.352294921875,1
102,12,1768.5,492.75,1906.5,624.75,0.3115234375,2
102,13,1506.75,14.4375,1524.75,37.125,0.259765625,2
103,0,594.0,418.5,648.0,508.5,0.8388671875,2
103,1,477.75,460.5,536.25,555.0,0.79833984375,2
103,2,1495.5,393.75,1569.0,483.75,0.7744140625,2
103,3,848.25,268.875,884.25,329.625,0.767578125,2
103,4,1292.25,78.9375,1311.75,109.125,0.69580078125,2
103,5,1573.5,63.75,1597.5,103.875,0.53515625,2
103,6,1350.0,46.59375,1365.0,71.53125,0.494140625,2
103,7,1352.25,48.9375,1365.75,73.6875,0.482421875,2
103,8,1176.0,91.3125,1233.0,139.125,0.390380859375,1
103,9,1551.0,22.21875,1581.0,56.71875,0.37744140625,1
103,10,1386.0,33.46875,1404.0,57.75,0.373779296875,2
103,11,1168.5,94.5,1231.5,142.125,0.373779296875,2
103,12,1768.5,492.375,1906.5,624.375,0.33544921875,2
103,13,1502.25,17.953125,1514.25,39.328125,0.2822265625,2
103,14,1508.25,14.625,1524.75,37.875,0.26806640625,2
103,15,1499.25,15.421875,1515.75,38.953125,0.25244140625,2
104,0,594.375,418.5,648.375,508.5,0.8388671875,2
104,1,477.75,460.5,536.25,555.0,0.79833984375,2
104,2,1495.5,393.75,1569.0,483.75,0.77197265625,2
104,3,848.25,268.875,884.25,329.625,0.76611328125,2
104,4,1293.0,78.9375,1311.0,109.125,0.69775390625,2
104,5,1573.5,63.75,1597.5,103.875,0.533203125,2
104,6,1350.0,46.59375,1365.0,71.53125,0.494140625,2
104,7,1352.25,48.9375,1365.75,73.6875,0.482421875,2
104,8,1176.75,91.125,1232.25,139.125,0.390380859375,1
104,9,1549.5,22.21875,1582.5,56.71875,0.381103515625,1
104,10,1386.0,33.46875,1404.0,57.65625,0.373779296875,2
104,11,1168.5,94.5,1231.5,142.125,0.367431640625,2
104,12,1768.5,492.375,1906.5,624.375,0.33544921875,2
104,13,1502.25,18.09375,1514.25,39.28125,0.2822265625,2
104,14,1508.25,14.625,1524.75,37.875,0.26904296875,2
104,15,1499.25,15.421875,1515.75,38.953125,0.25244140625,2
105,0,590.25,421.125,645.75,511.875,0.81982421875,2
105,1,473.625,462.75,532.875,559.5,0.79931640625,2
105,2,1504.5,390.0,1576.5,482.25,0.79833984375,2
105,3,1291.5,80.0625,1312.5,110.4375,0.7216796875,2
105,4,846.75,270.5625,881.25,331.3125,0.7216796875,2
105,5,1573.5,64.125,1597.5,103.875,0.521484375,2
105,6,1352.25,49.125,1365.75,73.875,0.490234375,2
105,7,1350.0,46.6875,1365.0,71.625,0.478515625,2
105,8,1551.0,22.21875,1581.0,56.71875,0.39990234375,1
105,9,1176.75,91.125,1232.25,139.125,0.37744140625,1
105,10,1168.5,94.3125,1231.5,141.9375,0.3583984375,2
105,11,1386.0,33.65625,1404.0,57.9375,0.332763671875,2
105,12,1501.5,17.90625,1513.5,39.46875,0.303955078125,2
105,13,1767.0,493.125,1905.0,624.375,0.291748046875,2
105,14,1509.0,14.4375,1524.0,37.96875,0.271240234375,2
106,0,588.75,422.25,644.25,514.5,0.77978515625,2
106,1,470.25,465.75,531.0,561.75,0.77880859375,2
106,2,1507.5,385.5,1585.5,478.5,0.76904296875,2
106,3,844.5,271.6875,880.5,333.1875,0.73876953125,2
106,4,1293.0,79.125,1311.0,110.25,0.71240234375,2
106,5,1353.0,49.875,1365.0,74.25,0.529296875,2
106,6,1176.75,90.5625,1232.25,138.9375,0.52734375,1
106,7,1573.5,64.875,1597.5,103.6875,0.513671875,2
106,8,1350.0,46.78125,1365.0,72.09375,0.43017578125,2
106,9,1551.0,22.40625,1581.0,56.625,0.4091796875,1
106,10,1499.25,16.5,1514.25,39.5625,0.325927734375,2
106,11,1168.5,93.84375,1231.5,141.84375,0.2958984375,2
106,12,1386.0,34.21875,1404.0,58.03125,0.2822265625,2
106,13,1509.75,14.25,1524.75,37.875,0.276611328125,2
107,0,470.625,465.75,530.625,561.75,0.77880859375,2
107,1,587.625,423.0,640.875,514.5,0.7744140625,2
107,2,1507.5,385.5,1585.5,477.75,0.76220703125,2
107,3,844.5,271.875,880.5,333.375,0.73583984375,2
107,4,1293.0,79.3125,1311.0,110.4375,0.71044921875,2
107,5,1353.0,49.875,1365.0,74.25,0.529296875,2
107,6,1573.5,64.6875,1597.5,103.6875,0.505859375,2
107,7,1176.75,90.84375,1232.25,139.03125,0.494140625,1
107,8,1350.0,46.78125,1365.0,72.09375,0.43212890625,2
107,9,1551.0,21.9375,1581.0,56.625,0.414794921875,1
107,10,1499.25,16.3125,1514.25,39.5625,0.325927734375,2
107,11,1168.5,94.125,1231.5,141.75,0.30908203125,2
107,12,1768.5,492.75,1906.5,624.75,0.2861328125,2
107,13,1386.0,34.125,1404.0,58.03125,0.282958984375,2
107,14,1509.75,14.25,1524.75,37.875,0.27978515625,2
108,0,579.75,429.75,636.75,521.25,0.80419921875,2
108,1,838.5,270.75,871.5,337.5,0.77587890625,2
108,2,468.375,473.25,525.375,567.75,0.7705078125,2
108,3,1519.5,383.25,1600.5,474.75,0.7646484375,2
108,4,1291.5,80.625,1309.5,110.625,0.69287109375,2
108,5,1176.0,90.9375,1233.0,138.9375,0.5546875,1
108,6,1351.5,50.8125,1363.5,74.8125,0.55078125,2
108,7,1573.5,65.0625,1597.5,103.6875,0.498046875,2
108,8,1551.0,21.9375,1581.0,56.4375,0.43017578125,1
108,9,1500.0,15.46875,1515.0,39.09375,0.30810546875,2
108,10,1168.5,94.125,1231.5,141.75,0.279052734375,2
108,11,1510.5,13.875,1525.5,37.5,0.2783203125,2
108,12,1386.0,35.296875,1404.0,59.390625,0.2666015625,2
109,0,1528.5,376.5,1609.5,472.5,0.861328125,2
109,1,576.75,432.0,630.75,525.0,0.7919921875,2
109,2,835.5,274.125,871.5,339.375,0.72802734375,2
109,3,1291.5,81.28125,1309.5,111.09375,0.69091796875,2
109,4,461.25,475.875,522.75,573.375,0.689453125,2
109,5,1176.75,90.5625,1232.25,138.5625,0.59619140625,1
109,6,1351.5,51.328125,1363.5,75.0,0.552734375,2
109,7,1573.5,65.34375,1597.5,103.59375,0.484375,2
109,8,1551.0,21.65625,1581.0,56.34375,0.443603515625,1
109,9,1348.5,47.0625,1363.5,72.9375,0.37744140625,2
109,10,1767.0,493.875,1905.0,624.375,0.29248046875,2
109,11,1513.5,13.3125,1525.5,37.125,0.28857421875,2
109,12,1386.0,36.0,1404.0,60.375,0.275146484375,2
109,13,1499.25,15.28125,1514.25,39.09375,0.26220703125,2
110,0,1528.5,376.5,1609.5,472.5,0.861328125,2
110,1,577.125,432.0,631.125,525.0,0.79296875,2
110,2,835.5,274.125,871.5,339.375,0.7294921875,2
110,3,461.25,475.875,522.75,573.375,0.6943359375,2
110,4,1291.5,81.375,1309.5,111.0,0.69287109375,2
110,5,1176.75,90.5625,1232.25,138.75,0.60009765625,1
110,6,1351.5,50.953125,1363.5,74.625,0.546875,2
110,7,1573.5,65.15625,1597.5,103.59375,0.482421875,2
110,8,1551.0,21.703125,1581.0,56.390625,0.443603515625,1
110,9,1767.0,493.875,1905.0,624.375,0.304931640625,2
110,10,1513.5,13.359375,1525.5,37.171875,0.290283203125,2
110,11,1386.0,36.0,1404.0,60.375,0.272705078125,2
110,12,1499.25,15.375,1514.25,39.1875,0.265869140625,2
111,0,1533.0,374.625,1617.0,469.875,0.8291015625,2
111,1,572.25,436.125,626.25,528.375,0.806640625,2
111,2,457.5,478.5,519.0,576.0,0.767578125,2
111,3,834.0,272.8125,870.0,341.0625,0.732421875,2
111,4,1290.0,81.28125,1308.0,110.90625,0.67919921875,2
111,5,1177.5,90.5625,1231.5,138.5625,0.60009765625,1
111,6,1350.75,51.46875,1364.25,75.09375,0.5546875,2
111,7,1573.5,65.34375,1597.5,103.59375,0.490234375,2
111,8,1551.0,21.84375,1581.0,56.34375,0.449462890625,1
111,9,1767.0,494.625,1905.0,624.375,0.363037109375,2
111,10,1348.5,47.015625,1363.5,72.9375,0.359375,2
111,11,1499.25,15.84375,1514.25,39.09375,0.32421875,2
111,12,1514.25,13.265625,1526.25,36.796875,0.29248046875,2
111,13,1765.5,516.75,1882.5,624.0,0.2705078125,2
111,14,1386.0,36.65625,1404.0,61.21875,0.25830078125,2
112,0,453.75,481.875,514.5,580.875,0.81396484375,2
112,1,1543.5,373.5,1624.5,469.5,0.806640625,2
112,2,570.375,441.0,621.375,531.0,0.7890625,2
112,3,831.75,271.5,869.25,343.5,0.7548828125,2
112,4,1288.5,80.4375,1308.0,111.1875,0.642578125,2
112,5,1177.5,90.28125,1231.5,138.65625,0.56591796875,1
112,6,1350.0,51.28125,1365.0,74.90625,0.55078125,2
112,7,1573.5,65.0625,1597.5,103.6875,0.501953125,2
112,8,1551.0,21.65625,1581.0,56.34375,0.453369140625,1
112,9,1516.5,13.359375,1528.5,36.328125,0.3701171875,2
112,10,1348.5,47.0625,1363.5,72.9375,0.368408203125,2
112,11,1767.0,495.0,1902.0,624.0,0.34765625,2
112,12,1499.25,16.3125,1514.25,39.375,0.338134765625,2
112,13,1169.25,94.3125,1230.75,141.5625,0.296630859375,2
112,14,1386.0,36.65625,1404.0,61.96875,0.257568359375,2
113,0,453.75,481.875,515.25,580.875,0.81298828125,2
113,1,1543.5,372.75,1624.5,469.5,0.80419921875,2
113,2,570.375,441.0,621.375,531.0,0.7890625,2
113,3,831.75,271.5,869.25,343.5,0.75634765625,2
113,4,1288.5,80.4375,1308.0,111.1875,0.642578125,2
113,5,1177.5,90.0,1231.5,138.75,0.5908203125,1
113,6,1350.0,51.28125,1365.0,74.90625,0.548828125,2
113,7,1573.5,65.0625,1597.5,103.6875,0.498046875,2
113,8,1551.0,21.65625,1584.0,56.25,0.455078125,1
113,9,1516.5,13.3125,1528.5,36.28125,0.3701171875,2
113,10,1348.5,47.0625,1363.5,72.84375,0.368408203125,2
113,11,1765.5,492.375,1906.5,624.375,0.36474609375,2
113,12,1499.25,16.5,1514.25,39.375,0.338134765625,2
113,13,1169.25,93.9375,1230.75,141.5625,0.281494140625,2
113,14,1386.0,36.65625,1404.0,61.875,0.250244140625,2
114,0,1555.5,378.0,1639.5,462.0,0.83642578125,2
114,1,564.0,443.25,619.5,537.75,0.81298828125,2
114,2,828.0,276.1875,867.0,346.6875,0.7880859375,2
114,3,448.5,489.0,507.0,588.75,0.76220703125,2
114,4,1287.0,81.28125,1308.0,112.59375,0.6298828125,2
114,5,1176.75,90.0,1232.25,138.75,0.57958984375,1
114,6,1350.0,51.796875,1363.5,75.0,0.57373046875,2
114,7,1551.0,22.125,1581.0,56.34375,0.478515625,1
114,8,1573.5,65.4375,1597.5,103.6875,0.4765625,2
114,9,1518.0,12.9375,1527.0,35.34375,0.373779296875,2
114,10,1348.5,47.0625,1363.5,72.75,0.359375,2
114,11,1498.5,17.15625,1513.5,39.1875,0.325927734375,2
114,12,1169.25,93.0,1232.25,141.1875,0.25390625,2
115,0,828.0,278.625,867.0,348.375,0.80810546875,2
115,1,560.25,445.125,617.25,539.625,0.80078125,2
115,2,446.25,495.0,501.75,592.5,0.79296875,2
115,3,1563.0,373.5,1650.0,460.5,0.7890625,2
115,4,1287.0,81.5625,1308.0,112.125,0.5830078125,2
115,5,1177.5,90.1875,1231.5,138.75,0.57568359375,1
115,6,1350.0,51.1875,1363.5,74.625,0.57373046875,2
115,7,1551.0,22.3125,1581.0,56.34375,0.482421875,1
115,8,1573.5,65.25,1597.5,103.5,0.4765625,2
115,9,1518.0,11.90625,1530.0,34.03125,0.401611328125,2
115,10,1498.5,17.0625,1513.5,38.625,0.32080078125,2
115,11,1170.0,93.375,1231.5,141.0,0.256103515625,2
116,0,828.0,278.625,867.0,348.375,0.80810546875,2
116,1,560.25,445.125,617.25,539.625,0.80078125,2
116,2,446.25,495.0,501.75,592.5,0.79296875,2
116,3,1563.0,373.875,1650.0,460.875,0.7890625,2
116,4,1287.0,81.5625,1308.0,112.125,0.5849609375,2
116,5,1177.5,90.1875,1231.5,138.75,0.57568359375,1
116,6,1350.0,51.09375,1363.5,74.53125,0.57373046875,2
116,7,1551.0,22.21875,1581.0,56.34375,0.48046875,1
116,8,1573.5,65.25,1597.5,103.5,0.478515625,2
116,9,1518.0,11.8828125,1530.0,34.03125,0.405517578125,2
116,10,1498.5,17.15625,1513.5,38.71875,0.32421875,2
116,11,1170.0,93.375,1231.5,141.0,0.256103515625,2
117,0,826.5,281.25,862.5,352.5,0.79443359375,2
117,1,1572.0,371.25,1656.0,459.75,0.78125,2
117,2,556.5,447.0,615.0,543.0,0.7744140625,2
117,3,444.0,496.5,502.5,595.5,0.7265625,2
117,4,1348.5,50.625,1363.5,74.625,0.57958984375,2
117,5,1177.5,90.09375,1231.5,139.03125,0.51953125,1
117,6,1551.0,22.3125,1581.0,56.53125,0.49609375,1
117,7,1573.5,65.25,1597.5,103.875,0.48828125,2
117,8,1284.0,80.8125,1305.0,111.1875,0.445556640625,2
117,9,1767.0,490.875,1908.0,624.375,0.404541015625,2
117,10,1518.0,10.78125,1530.0,33.09375,0.394287109375,2
117,11,1497.0,15.9375,1512.0,37.5,0.32080078125,2
117,12,1170.0,92.53125,1231.5,140.90625,0.29248046875,2
118,0,1578.0,368.25,1668.0,458.25,0.89013671875,2
118,1,555.0,452.25,612.0,546.75,0.80419921875,2
118,2,825.0,282.75,864.0,354.75,0.79443359375,2
118,3,438.0,499.5,496.5,601.5,0.62255859375,2
118,4,1177.5,89.8125,1231.5,138.9375,0.57177734375,1
118,5,1348.5,50.25,1363.5,74.4375,0.56982421875,2
118,6,1284.0,81.75,1305.0,112.125,0.552734375,2
118,7,1551.0,22.40625,1581.0,56.53125,0.49609375,1
118,8,1573.5,65.25,1597.5,103.875,0.482421875,2
118,9,1767.0,490.875,1905.0,624.375,0.39599609375,2
118,10,1518.0,10.875,1530.0,32.4375,0.383056640625,2
118,11,1170.0,92.25,1231.5,140.625,0.276611328125,2
118,12,1497.75,16.5,1511.25,37.5,0.271240234375,2
118,13,1380.0,39.65625,1398.0,62.90625,0.25390625,2
119,0,1578.0,368.25,1668.0,458.25,0.888671875,2
119,1,555.0,452.25,612.75,546.75,0.8056640625,2
119,2,825.0,283.125,864.0,354.375,0.7958984375,2
119,3,438.0,499.5,496.5,601.5,0.62451171875,2
119,4,1348.5,50.109375,1363.5,74.4375,0.56982421875,2
119,5,1177.5,89.8125,1231.5,138.9375,0.55810546875,1
119,6,1284.0,81.65625,1305.0,112.21875,0.55810546875,2
119,7,1551.0,22.40625,1581.0,56.53125,0.49609375,1
119,8,1573.5,65.25,1597.5,103.875,0.482421875,2
119,9,1764.0,488.25,1908.0,624.75,0.390380859375,2
119,10,1518.0,10.78125,1530.0,32.4375,0.381103515625,2
119,11,1170.0,92.34375,1230.0,140.71875,0.286865234375,2
119,12,1497.75,16.453125,1511.25,37.546875,0.2705078125,2
119,13,1380.0,39.65625,1398.0,62.90625,0.25537109375,2
119,14,1767.0,515.625,1881.0,623.625,0.253173828125,2
120,0,1596.0,361.5,1686.0,453.0,0.8408203125,2
120,1,549.0,457.5,606.75,554.25,0.81298828125,2
120,2,822.0,284.625,862.5,360.0,0.796875,2
120,3,427.5,509.25,484.5,611.25,0.7646484375,2
120,4,1284.0,81.46875,1303.5,113.53125,0.6494140625,2
120,5,1347.0,49.78125,1362.0,74.53125,0.56591796875,2
120,6,1573.5,65.0625,1597.5,103.6875,0.47265625,2
120,7,1551.0,22.21875,1581.0,56.53125,0.46875,1
120,8,1176.75,90.375,1232.25,139.125,0.449462890625,1
120,9,1519.5,11.15625,1531.5,32.625,0.381103515625,2
120,10,1764.0,490.5,1908.0,624.0,0.34326171875,2
120,11,1170.0,92.4375,1231.5,140.8125,0.32861328125,2
120,12,1497.0,16.3125,1510.5,37.5,0.2958984375,2
120,13,1380.0,39.46875,1396.5,62.34375,0.286865234375,2
121,0,545.25,462.0,600.75,559.5,0.82568359375,2
121,1,820.5,289.125,859.5,362.25,0.75927734375,2
121,2,1602.0,371.625,1686.0,450.375,0.74755859375,2
121,3,1282.5,81.75,1303.5,114.375,0.72802734375,2
121,4,425.25,511.5,479.25,614.25,0.72314453125,2
121,5,1345.5,49.5,1360.5,75.0,0.59814453125,2
121,6,1551.0,21.65625,1581.0,56.53125,0.46484375,1
121,7,1573.5,64.78125,1597.5,103.78125,0.458984375,2
121,8,1176.0,90.375,1233.0,139.3125,0.390380859375,1
121,9,1175.25,91.3125,1232.25,139.3125,0.37939453125,2
121,10,1519.5,10.875,1531.5,32.34375,0.375732421875,2
121,11,1497.0,16.078125,1510.5,37.359375,0.32421875,2
121,12,1764.0,490.5,1908.0,624.0,0.280517578125,2
121,13,1380.0,40.40625,1396.5,63.28125,0.25537109375,2
122,0,545.25,462.375,600.75,559.125,0.82666015625,2
122,1,820.5,289.5,859.5,362.25,0.7578125,2
122,2,1602.0,371.625,1686.0,450.375,0.74755859375,2
122,3,1282.5,81.75,1303.5,114.375,0.7265625,2
122,4,425.25,511.5,479.25,614.25,0.72509765625,2
122,5,1345.5,49.546875,1360.5,75.0,0.60205078125,2
122,6,1551.0,22.03125,1581.0,56.53125,0.470703125,1
122,7,1573.5,64.875,1597.5,103.875,0.4609375,2
122,8,1176.0,90.375,1233.0,139.3125,0.390380859375,1
122,9,1176.0,91.3125,1233.0,139.3125,0.373046875,2
122,10,1519.5,10.78125,1531.5,31.875,0.359375,2
122,11,1380.0,39.9375,1396.5,62.8125,0.28857421875,2
122,12,1764.0,490.5,1908.0,624.0,0.280517578125,2
122,13,1497.0,16.5,1510.5,37.5,0.277587890625,2
123,0,542.25,463.875,600.75,562.125,0.82666015625,2
123,1,819.0,291.375,858.0,365.25,0.78515625,2
123,2,1609.5,373.5,1687.5,450.0,0.78271484375,2
123,3,1282.5,82.6875,1303.5,114.1875,0.75634765625,2
123,4,422.625,517.125,478.875,617.625,0.73876953125,2
123,5,1347.0,49.59375,1362.0,75.65625,0.638671875,2
123,6,1551.0,22.03125,1581.0,56.53125,0.47265625,1
123,7,1573.5,64.6875,1597.5,103.6875,0.455078125,2
123,8,1174.5,91.5,1231.5,139.125,0.415771484375,2
123,9,1519.5,10.734375,1531.5,31.171875,0.357666015625,2
123,10,1175.25,90.5625,1232.25,139.3125,0.341552734375,1
123,11,1764.0,490.5,1908.0,624.0,0.318359375,2
123,12,1671.0,357.75,1698.0,378.75,0.290283203125,2
123,13,1495.5,16.875,1510.5,37.5,0.286865234375,2
123,14,1380.0,40.03125,1396.5,62.53125,0.27197265625,2
124,0,539.625,466.5,595.125,565.5,0.767578125,2
124,1,816.75,290.25,857.25,367.5,0.7578125,2
124,2,1283.25,82.6875,1302.75,114.9375,0.7548828125,2
124,3,1620.0,367.5,1698.0,448.5,0.69921875,2
124,4,416.25,521.625,473.25,623.625,0.69091796875,2
124,5,1347.0,49.5,1362.0,76.125,0.65478515625,2
124,6,1551.0,21.375,1581.0,56.625,0.482421875,1
124,7,1573.5,64.21875,1597.5,103.78125,0.462890625,2
124,8,1173.0,91.78125,1233.0,139.40625,0.454345703125,2
124,9,1518.75,10.5234375,1532.25,31.125,0.363037109375,2
124,10,1672.5,354.75,1702.5,376.5,0.3486328125,2
124,11,1496.25,16.734375,1509.75,37.359375,0.309814453125,2
124,12,1175.25,90.9375,1232.25,139.3125,0.3056640625,1
124,13,1380.0,39.75,1395.0,62.4375,0.29345703125,2
125,0,539.625,466.5,595.125,565.5,0.7646484375,2
125,1,816.75,290.25,857.25,367.5,0.7578125,2
125,2,1283.25,82.6875,1302.75,114.9375,0.75341796875,2
125,3,1620.0,367.5,1698.0,448.5,0.69775390625,2
125,4,416.25,521.25,473.25,623.25,0.69287109375,2
125,5,1347.0,49.5,1362.0,76.125,0.65478515625,2
125,6,1551.0,21.46875,1581.0,56.625,0.484375,1
125,7,1573.5,64.21875,1597.5,103.78125,0.462890625,2
125,8,1173.0,91.6875,1233.0,139.3125,0.453369140625,2
125,9,1519.5,10.5234375,1531.5,31.125,0.36474609375,2
125,10,1674.0,354.75,1704.0,376.5,0.350341796875,2
125,11,1496.25,16.78125,1509.75,37.40625,0.30908203125,2
125,12,1175.25,90.9375,1232.25,139.3125,0.30908203125,1
125,13,1380.0,39.84375,1395.0,62.53125,0.291748046875,2
125,14,3.1171875,438.0,40.875,514.5,0.2509765625,3
126,0,530.25,471.0,591.75,572.25,0.79052734375,2
126,1,814.5,295.125,855.0,372.0,0.76904296875,2
126,2,1282.5,86.25,1300.5,118.5,0.74462890625,2
126,3,1638.0,365.25,1698.0,444.75,0.66552734375,2
126,4,1347.0,49.5,1360.5,75.5625,0.6533203125,2
126,5,13.3125,461.25,51.65625,515.25,0.5927734375,2
126,6,405.0,527.25,468.0,636.75,0.544921875,2
126,7,1551.0,22.5,1581.0,56.625,0.494140625,1
126,8,1573.5,64.6875,1597.5,103.6875,0.455078125,2
126,9,1175.25,90.84375,1232.25,139.21875,0.405517578125,1
126,10,10.08984375,449.25,55.265625,515.25,0.38037109375,2
126,11,1169.25,93.0,1232.25,141.0,0.369384765625,2
126,12,1519.5,10.1953125,1533.0,29.71875,0.315673828125,2
126,13,1638.0,366.0,1740.0,446.25,0.281494140625,2
126,14,1380.0,41.53125,1395.0,64.21875,0.259033203125,2
126,15,1764.0,489.75,1908.0,624.0,0.2568359375,2
126,16,1495.5,16.21875,1509.0,35.8125,0.254638671875,2
127,0,527.25,475.5,587.25,579.75,0.8173828125,2
127,1,1281.75,84.9375,1299.75,118.6875,0.75927734375,2
127,2,812.25,299.25,854.25,375.0,0.73583984375,2
127,3,1346.25,49.5,1359.75,75.1875,0.64794921875,2
127,4,400.5,533.25,457.5,639.75,0.64599609375,2
127,5,1647.0,369.0,1695.0,442.5,0.6298828125,2
127,6,15.28125,464.25,60.84375,515.25,0.5,2
127,7,1551.0,22.59375,1581.0,56.625,0.48828125,1
127,8,1573.5,64.6875,1597.5,103.875,0.462890625,2
127,9,1647.0,368.625,1719.0,444.375,0.418701171875,2
127,10,1173.0,92.0625,1233.0,139.3125,0.402587890625,2
127,11,1175.25,91.3125,1232.25,139.3125,0.37744140625,1
127,12,1647.0,368.25,1749.0,444.75,0.359375,2
127,13,13.171875,437.25,61.78125,513.75,0.307373046875,2
127,14,1518.0,9.890625,1533.0,29.390625,0.296630859375,2
127,15,1764.0,489.0,1908.0,624.0,0.28857421875,2
127,16,1495.5,16.546875,1509.0,36.046875,0.260498046875,2
127,17,1380.0,42.65625,1395.0,65.34375,0.259765625,2
128,0,527.25,475.5,587.25,579.75,0.8173828125,2
128,1,1281.75,84.84375,1299.75,118.78125,0.7607421875,2
128,2,812.25,299.25,854.25,375.0,0.73583984375,2
128,3,1346.25,49.5,1359.75,75.1875,0.64794921875,2
128,4,400.5,533.25,457.5,639.75,0.64404296875,2
128,5,1647.0,369.0,1695.0,442.5,0.6298828125,2
128,6,15.28125,464.25,60.84375,515.25,0.5,2
128,7,1551.0,22.6875,1581.0,56.625,0.48828125,1
128,8,1573.5,64.6875,1597.5,103.875,0.462890625,2
128,9,1647.0,368.625,1719.0,444.375,0.420654296875,2
128,10,1173.0,92.0625,1233.0,139.3125,0.39501953125,2
128,11,1175.25,91.21875,1232.25,139.21875,0.37744140625,1
128,12,1647.0,368.25,1749.0,444.75,0.361083984375,2
128,13,13.171875,437.25,61.78125,513.75,0.3056640625,2
128,14,1519.5,9.8671875,1533.0,29.34375,0.296630859375,2
128,15,1764.0,489.0,1908.0,624.0,0.291748046875,2
128,16,1495.5,16.546875,1509.0,36.046875,0.260498046875,2
128,17,1380.0,42.5625,1395.0,65.34375,0.259765625,2
129,0,523.5,479.25,585.0,581.25,0.81396484375,2
129,1,1281.0,85.5,1299.0,118.3125,0.763671875,2
129,2,811.5,298.125,853.5,379.125,0.72314453125,2
129,3,396.75,538.5,455.25,645.0,0.67724609375,2
129,4,1345.5,49.6875,1360.5,75.1875,0.642578125,2
129,5,16.734375,458.25,66.703125,516.75,0.56396484375,2
129,6,1551.0,22.5,1581.0,56.53125,0.48828125,1
129,7,1573.5,64.5,1597.5,103.875,0.45703125,2
129,8,1176.0,91.125,1233.0,139.125,0.453369140625,1
129,9,14.8125,433.5,67.125,516.0,0.436767578125,2
129,10,1764.0,490.5,1908.0,624.0,0.4111328125,2
129,11,1169.25,93.375,1232.25,141.0,0.3251953125,2
129,12,1657.5,367.125,1693.5,440.625,0.303955078125,2
129,13,1380.0,42.84375,1395.0,65.4375,0.253173828125,2
130,0,521.25,483.0,580.5,586.5,0.8154296875,2
130,1,809.25,303.75,849.75,382.5,0.75341796875,2
130,2,1279.5,86.34375,1297.5,118.78125,0.75048828125,2
130,3,392.625,543.0,454.125,649.5,0.71044921875,2
130,4,1344.0,49.453125,1359.0,75.0,0.6494140625,2
130,5,17.015625,463.5,73.96875,519.0,0.638671875,2
130,6,1551.0,22.21875,1581.0,56.53125,0.48046875,1
130,7,1573.5,64.21875,1597.5,103.96875,0.46484375,2
130,8,1174.5,91.875,1233.0,139.3125,0.447509765625,1
130,9,1765.5,489.375,1909.5,624.375,0.440673828125,2
130,10,16.640625,442.5,74.484375,517.5,0.32763671875,2
130,11,1169.25,93.375,1232.25,141.1875,0.319091796875,2
130,12,1380.0,42.65625,1395.0,65.0625,0.259765625,2
131,0,521.25,483.0,580.5,586.5,0.81640625,2
131,1,809.25,303.75,849.75,382.5,0.75341796875,2
131,2,1279.5,86.4375,1297.5,118.6875,0.75048828125,2
131,3,392.625,543.75,454.125,649.5,0.71044921875,2
131,4,1344.0,49.59375,1359.0,75.09375,0.64794921875,2
131,5,17.015625,463.5,73.96875,519.0,0.638671875,2
131,6,1551.0,22.21875,1581.0,56.53125,0.48046875,1
131,7,1573.5,64.3125,1597.5,104.0625,0.46484375,2
131,8,1174.5,91.875,1233.0,139.3125,0.455078125,1
131,9,1765.5,489.375,1909.5,624.375,0.436767578125,2
131,10,16.640625,442.5,74.484375,517.5,0.326904296875,2
131,11,1169.25,93.5625,1232.25,141.1875,0.3173828125,2
131,12,1380.0,42.65625,1395.0,65.0625,0.259765625,2
132,0,515.25,490.5,576.75,594.0,0.80908203125,2
132,1,378.9375,548.25,450.75,660.75,0.73876953125,2
132,2,807.0,312.0,849.0,387.75,0.7216796875,2
132,3,1278.0,87.1875,1296.0,120.1875,0.7138671875,2
132,4,15.4921875,453.0,88.40625,520.5,0.70263671875,2
132,5,1344.0,50.484375,1359.0,75.9375,0.67041015625,2
132,6,1551.0,22.21875,1581.0,56.53125,0.490234375,1
132,7,1176.0,91.6875,1233.0,139.3125,0.47265625,1
132,8,1573.5,64.5,1597.5,103.875,0.449462890625,2
132,9,1767.0,490.5,1908.0,624.0,0.36474609375,2
132,10,1380.0,42.75,1393.5,64.96875,0.3310546875,2
132,11,1494.75,18.1875,1508.25,39.1875,0.322509765625,2
132,12,1168.5,93.75,1231.5,141.375,0.294921875,2
133,0,21.3984375,455.25,94.40625,519.75,0.8232421875,2
133,1,512.25,493.875,576.75,599.625,0.7919921875,2
133,2,805.5,312.375,849.0,390.375,0.76220703125,2
133,3,377.625,554.25,444.375,665.25,0.708984375,2
133,4,1276.5,87.5625,1294.5,120.1875,0.69287109375,2
133,5,1344.0,51.75,1359.0,77.4375,0.6689453125,2
133,6,1176.0,91.96875,1233.0,139.21875,0.552734375,1
133,7,1551.0,22.828125,1581.0,56.578125,0.4921875,1
133,8,1765.5,488.25,1909.5,624.75,0.455078125,2
133,9,1573.5,64.5,1597.5,103.875,0.439697265625,2
133,10,1379.25,42.9375,1392.75,64.875,0.36669921875,2
133,11,1169.25,94.125,1230.75,141.375,0.275146484375,2
133,12,1495.5,18.9375,1507.5,39.75,0.269775390625,2
134,0,21.3515625,455.25,94.21875,519.75,0.82421875,2
134,1,512.25,493.875,576.75,599.625,0.7919921875,2
134,2,805.5,312.375,849.0,390.375,0.76220703125,2
134,3,377.625,553.875,444.375,664.875,0.708984375,2
134,4,1276.5,87.5625,1294.5,120.1875,0.6943359375,2
134,5,1344.0,51.65625,1359.0,77.34375,0.6669921875,2
134,6,1176.0,91.96875,1233.0,139.21875,0.548828125,1
134,7,1551.0,22.875,1581.0,56.625,0.4921875,1
134,8,1765.5,488.25,1909.5,624.75,0.452392578125,2
134,9,1573.5,64.5,1597.5,103.875,0.437744140625,2
134,10,1378.5,42.9375,1393.5,64.875,0.36669921875,2
134,11,1169.25,94.3125,1230.75,141.375,0.276611328125,2
134,12,1495.5,18.9375,1507.5,39.75,0.269775390625,2
135,0,25.40625,453.75,100.5,521.25,0.85498046875,2
135,1,507.0,498.0,575.25,603.75,0.830078125,2
135,2,804.0,316.875,847.5,393.375,0.77880859375,2
135,3,372.0,558.375,439.5,669.375,0.70556640625,2
135,4,1342.5,52.40625,1359.0,78.46875,0.67578125,2
135,5,1276.5,88.5,1294.5,121.125,0.640625,2
135,6,1764.0,487.5,1908.0,624.75,0.615234375,2
135,7,1176.0,91.875,1233.0,139.125,0.5888671875,1
135,8,1551.0,22.6875,1581.0,56.625,0.494140625,1
135,9,1573.5,64.3125,1597.5,103.6875,0.439697265625,2
135,10,1380.0,43.78125,1392.0,66.28125,0.3720703125,2
135,11,1495.5,18.84375,1507.5,39.9375,0.276611328125,2
135,12,1170.0,94.5,1230.0,141.375,0.260498046875,2
136,0,502.875,501.75,571.125,609.75,0.8798828125,2
136,1,33.3515625,454.5,106.5,522.0,0.74755859375,2
136,2,802.5,317.625,847.5,396.375,0.74169921875,2
136,3,1342.5,53.34375,1357.5,79.21875,0.6826171875,2
136,4,371.25,565.5,435.0,675.0,0.66357421875,2
136,5,1176.0,92.0625,1233.0,139.3125,0.6298828125,1
136,6,1276.5,88.5,1293.0,120.375,0.61865234375,2
136,7,1765.5,485.25,1909.5,624.75,0.58984375,2
136,8,1551.0,23.15625,1581.0,56.53125,0.4921875,1
136,9,1573.5,64.125,1597.5,103.875,0.441650390625,2
136,10,1378.5,44.625,1392.0,67.3125,0.363037109375,2
136,11,1494.0,16.21875,1507.5,38.0625,0.264404296875,2
137,0,502.875,501.75,571.125,609.75,0.87890625,2
137,1,33.3515625,454.5,106.5,522.0,0.74755859375,2
137,2,802.5,317.625,847.5,396.375,0.74169921875,2
137,3,1342.5,53.34375,1357.5,79.21875,0.68603515625,2
137,4,371.25,565.5,435.0,675.0,0.66552734375,2
137,5,1176.0,92.0625,1233.0,139.3125,0.6259765625,1
137,6,1276.5,88.5,1293.0,120.375,0.61865234375,2
137,7,1765.5,485.25,1909.5,624.75,0.583984375,2
137,8,1551.0,23.15625,1581.0,56.53125,0.490234375,1
137,9,1573.5,64.125,1597.5,103.875,0.441650390625,2
137,10,1378.5,44.625,1392.0,67.3125,0.361083984375,2
137,11,1495.5,16.3125,1507.5,38.0625,0.265869140625,2
138,0,496.5,508.875,568.5,617.625,0.85595703125,2
138,1,46.40625,456.0,116.53125,526.5,0.80908203125,2
138,2,801.0,320.625,846.0,401.625,0.7548828125,2
138,3,355.3125,572.25,424.5,687.75,0.708984375,2
138,4,1342.5,53.953125,1357.5,79.125,0.673828125,2
138,5,1765.5,486.375,1909.5,625.125,0.62890625,2
138,6,1176.0,92.0625,1233.0,139.3125,0.5546875,1
138,7,1272.75,91.59375,1290.75,122.71875,0.529296875,2
138,8,1551.0,23.765625,1581.0,56.578125,0.482421875,1
138,9,1573.5,65.0625,1597.5,103.875,0.437744140625,2
138,10,1377.0,44.25,1392.0,66.5625,0.36669921875,2
138,11,1170.0,94.6875,1230.0,141.5625,0.269775390625,2
139,0,492.75,513.375,563.25,622.875,0.83740234375,2
139,1,54.0,455.25,120.375,528.75,0.74609375,2
139,2,351.1875,576.75,420.0,693.0,0.7431640625,2
139,3,798.0,324.0,843.0,405.0,0.73876953125,2
139,4,1343.25,54.0,1358.25,78.5625,0.642578125,2
139,5,1272.0,92.25,1290.0,123.75,0.60205078125,2
139,6,1176.0,91.875,1233.0,139.125,0.5869140625,1
139,7,1551.0,23.4375,1581.0,56.53125,0.474609375,1
139,8,1269.0,89.625,1293.0,123.75,0.439697265625,2
139,9,1573.5,65.0625,1597.5,103.6875,0.42822265625,2
139,10,1767.0,489.375,1905.0,624.375,0.42724609375,2
139,11,1376.25,44.8125,1389.75,67.3125,0.363037109375,2
139,12,1377.0,49.359375,1387.5,73.6875,0.2509765625,2
140,0,492.75,513.375,563.25,622.875,0.83984375,2
140,1,54.0,455.25,120.375,528.75,0.74609375,2
140,2,351.1875,576.75,420.0,693.75,0.74169921875,2
140,3,798.0,324.0,843.0,405.0,0.73876953125,2
140,4,1343.25,53.859375,1358.25,78.5625,0.642578125,2
140,5,1272.0,92.25,1290.0,123.75,0.60205078125,2
140,6,1176.0,92.0625,1233.0,139.125,0.58154296875,1
140,7,1551.0,23.53125,1581.0,56.53125,0.4765625,1
140,8,1573.5,65.0625,1597.5,103.6875,0.42626953125,2
140,9,1767.0,489.375,1905.0,624.375,0.415771484375,2
140,10,1376.25,44.71875,1389.75,67.21875,0.36474609375,2
141,0,487.5,516.0,561.0,628.5,0.8291015625,2
141,1,796.5,324.75,843.0,408.75,0.7548828125,2
141,2,61.6875,453.75,127.78125,530.25,0.75048828125,2
141,3,347.25,583.5,412.5,697.5,0.74462890625,2
141,4,1268.25,91.875,1289.25,124.6875,0.638671875,2
141,5,1342.5,54.375,1357.5,78.75,0.62451171875,2
141,6,1176.0,91.59375,1233.0,139.03125,0.60009765625,1
141,7,1551.0,23.578125,1581.0,56.578125,0.47265625,1
141,8,1764.0,488.25,1908.0,624.75,0.43408203125,2
141,9,1573.5,65.0625,1597.5,103.875,0.43212890625,2
141,10,1374.0,45.46875,1389.0,68.34375,0.383056640625,2
141,11,1375.5,49.171875,1387.5,73.5,0.27197265625,2
142,0,484.5,521.25,549.0,636.75,0.810546875,2
142,1,67.3125,452.625,131.8125,532.125,0.78271484375,2
142,2,797.25,331.125,842.25,410.625,0.72802734375,2
142,3,340.125,589.875,406.875,703.875,0.6806640625,2
142,4,1266.75,91.5,1287.75,124.5,0.63525390625,2
142,5,1176.0,91.40625,1233.0,139.03125,0.6279296875,1
142,6,1342.5,54.375,1357.5,78.75,0.60595703125,2
142,7,1764.0,489.0,1908.0,624.0,0.53125,2
142,8,1551.0,23.25,1584.0,56.625,0.474609375,1
142,9,1573.5,64.6875,1597.5,103.875,0.43408203125,2
142,10,1374.0,45.5625,1389.0,68.71875,0.414794921875,2
142,11,1374.0,49.078125,1386.0,73.5,0.285400390625,2
142,12,1517.25,0.0,1535.25,20.53125,0.25830078125,1
143,0,484.5,521.25,549.0,636.75,0.810546875,2
143,1,67.40625,452.625,131.90625,532.125,0.78125,2
143,2,796.5,331.125,841.5,410.625,0.72802734375,2
143,3,340.125,590.25,406.875,704.25,0.6806640625,2
143,4,1266.75,91.5,1287.75,124.5,0.63525390625,2
143,5,1176.0,91.40625,1233.0,139.03125,0.6279296875,1
143,6,1342.5,54.28125,1357.5,78.84375,0.60595703125,2
143,7,1764.0,489.0,1908.0,624.0,0.54296875,2
143,8,1551.0,23.25,1581.0,56.625,0.47265625,1
143,9,1573.5,64.6875,1597.5,104.0625,0.435791015625,2
143,10,1374.0,45.5625,1389.0,68.71875,0.414794921875,2
143,11,1374.0,49.078125,1386.0,73.5,0.285400390625,2
143,12,1517.25,0.0,1535.25,20.53125,0.259033203125,1
144,0,475.875,528.75,550.125,644.25,0.79833984375,2
144,1,76.921875,459.0,140.625,535.5,0.78662109375,2
144,2,327.375,594.0,400.125,715.5,0.7265625,2
144,3,793.5,332.25,841.5,416.25,0.70556640625,2
144,4,1176.75,91.3125,1232.25,138.9375,0.6494140625,1
144,5,1264.5,93.9375,1285.5,126.5625,0.63330078125,2
144,6,1340.25,55.5,1356.75,79.5,0.57958984375,2
144,7,1551.0,22.875,1581.0,56.625,0.462890625,1
144,8,1573.5,64.5,1597.5,103.875,0.43212890625,2
144,9,1374.0,46.125,1387.5,69.5625,0.401611328125,2
144,10,1767.0,489.75,1905.0,624.75,0.34765625,2
144,11,1374.0,49.171875,1384.5,73.5,0.291748046875,2
144,12,1518.0,0.0,1536.0,21.0,0.276611328125,1
145,0,472.125,537.0,535.125,650.25,0.83447265625,2
145,1,83.34375,461.625,143.90625,537.375,0.7705078125,2
145,2,792.0,339.5625,837.0,417.75,0.7490234375,2
145,3,324.75,604.5,392.625,721.5,0.708984375,2
145,4,1263.75,93.5625,1284.75,126.5625,0.638671875,2
145,5,1176.75,91.40625,1232.25,139.03125,0.59619140625,1
145,6,1340.25,55.6875,1356.75,79.5,0.5869140625,2
145,7,1551.0,23.0625,1581.0,56.4375,0.458984375,1
145,8,1573.5,64.96875,1597.5,103.96875,0.42822265625,2
145,9,1374.0,46.125,1389.0,69.65625,0.34326171875,2
145,10,1374.0,49.59375,1386.0,73.78125,0.31396484375,2
145,11,1518.0,0.0,1536.0,20.953125,0.30908203125,1
146,0,472.125,537.0,535.125,650.25,0.83447265625,2
146,1,83.34375,461.625,143.90625,537.375,0.7705078125,2
146,2,792.0,339.5625,837.0,417.75,0.74755859375,2
146,3,324.75,604.125,392.625,721.125,0.71044921875,2
146,4,1263.75,93.5625,1284.75,126.5625,0.63720703125,2
146,5,1176.75,91.3125,1232.25,138.9375,0.60205078125,1
146,6,1339.5,55.828125,1357.5,79.5,0.5849609375,2
146,7,1551.0,23.0625,1584.0,56.53125,0.4609375,1
146,8,1573.5,64.875,1597.5,103.875,0.43017578125,2
146,9,1374.0,46.03125,1389.0,69.46875,0.338134765625,2
146,10,1374.0,49.6875,1386.0,73.875,0.310791015625,2
146,11,1518.0,0.0,1536.0,21.0,0.307373046875,1
147,0,468.75,541.125,534.75,655.125,0.81982421875,2
147,1,87.375,462.75,146.8125,539.25,0.78515625,2
147,2,792.0,339.0,837.0,420.75,0.78125,2
147,3,317.625,612.75,382.125,728.25,0.67919921875,2
147,4,1263.0,92.15625,1284.0,126.09375,0.63720703125,2
147,5,1339.5,56.71875,1356.0,80.15625,0.56396484375,2
147,6,1176.0,91.125,1233.0,139.125,0.52734375,1
147,7,1551.0,23.0625,1581.0,56.53125,0.462890625,1
147,8,1765.5,489.0,1906.5,624.0,0.4599609375,2
147,9,1573.5,65.0625,1597.5,104.0625,0.445556640625,2
147,10,1373.25,45.75,1388.25,69.375,0.2998046875,2
147,11,1372.5,49.875,1384.5,74.25,0.294189453125,2
147,12,1518.0,0.0,1536.0,21.375,0.265869140625,1
148,0,465.75,547.125,533.25,661.875,0.81982421875,2
148,1,790.5,342.375,834.0,424.125,0.796875,2
148,2,92.71875,466.875,150.09375,542.625,0.75048828125,2
148,3,307.125,615.75,372.375,734.25,0.69580078125,2
148,4,1263.0,93.75,1284.0,128.25,0.64404296875,2
148,5,1339.5,57.0,1356.0,80.4375,0.552734375,2
148,6,1765.5,486.75,1909.5,624.75,0.53515625,2
148,7,1176.0,91.125,1233.0,139.125,0.517578125,1
148,8,1551.0,22.875,1581.0,56.625,0.455078125,1
148,9,1573.5,64.875,1597.5,103.875,0.447509765625,2
148,10,1373.25,45.375,1388.25,69.0,0.276611328125,2
148,11,1373.25,49.734375,1383.75,74.4375,0.272705078125,2
149,0,465.75,547.125,533.25,661.875,0.81884765625,2
149,1,790.5,342.375,834.0,424.125,0.79443359375,2
149,2,92.8125,466.875,150.0,542.625,0.75341796875,2
149,3,307.125,616.5,372.375,735.0,0.69580078125,2
149,4,1263.0,93.75,1284.0,128.25,0.64404296875,2
149,5,1765.5,486.0,1909.5,624.75,0.5322265625,2
149,6,1339.5,57.375,1356.0,80.4375,0.53125,2
149,7,1176.0,91.21875,1233.0,139.21875,0.509765625,1
149,8,1551.0,23.15625,1584.0,56.53125,0.46484375,1
149,9,1573.5,64.875,1597.5,103.875,0.443603515625,2
149,10,1372.5,45.75,1387.5,69.0,0.2666015625,2
149,11,1373.25,49.875,1383.75,74.4375,0.264404296875,2
150,0,452.625,552.0,528.375,670.5,0.81298828125,2
150,1,295.5,622.5,364.5,745.5,0.7138671875,2
150,2,102.5625,475.875,156.9375,544.875,0.71044921875,2
150,3,786.75,349.125,833.25,433.125,0.70068359375,2
150,4,1177.5,91.21875,1231.5,139.03125,0.56005859375,1
150,5,1263.0,93.0,1284.0,128.625,0.482421875,2
150,6,1338.0,58.6875,1356.0,82.3125,0.48046875,2
150,7,1573.5,64.5,1597.5,104.0625,0.45703125,2
150,8,1551.0,22.6875,1584.0,56.4375,0.453369140625,1
150,9,1371.0,45.375,1386.0,69.375,0.352294921875,2
150,10,1493.25,15.09375,1506.75,35.34375,0.269775390625,2
150,11,1765.5,490.5,1906.5,624.0,0.256103515625,2
150,12,1672.5,662.25,1693.5,688.5,0.251708984375,2
151,0,449.25,559.5,524.25,677.25,0.85498046875,2
151,1,288.5625,629.25,356.8125,753.75,0.79443359375,2
151,2,786.0,351.0,834.0,436.5,0.767578125,2
151,3,102.5625,469.125,159.0,547.875,0.751953125,2
151,4,1177.5,90.9375,1231.5,138.9375,0.5078125,1
151,5,1338.0,58.875,1356.0,82.6875,0.478515625,2
151,6,1573.5,64.6875,1597.5,104.0625,0.462890625,2
151,7,1261.5,92.625,1284.0,127.125,0.447509765625,2
151,8,1551.0,22.875,1584.0,56.53125,0.443603515625,1
151,9,1369.5,45.375,1386.0,69.5625,0.2998046875,2
151,10,1493.25,15.46875,1506.75,35.34375,0.29248046875,2
152,0,450.75,558.75,525.0,677.25,0.86083984375,2
152,1,288.375,628.5,359.25,754.5,0.810546875,2
152,2,786.0,351.0,834.0,436.5,0.77978515625,2
152,3,103.3125,471.75,159.5625,548.25,0.70751953125,2
152,4,1551.0,24.796875,1581.0,56.671875,0.5078125,1
152,5,1338.0,59.90625,1356.0,82.59375,0.466796875,2
152,6,1573.5,65.53125,1597.5,103.78125,0.447509765625,2
152,7,1261.5,94.875,1284.0,128.8125,0.388671875,2
152,8,1178.25,90.65625,1232.25,138.84375,0.375732421875,1
152,9,1368.75,45.65625,1385.25,68.90625,0.318359375,2
152,10,1029.0,259.6875,1287.0,324.1875,0.2822265625,1
152,11,1584.0,741.75,1671.0,863.25,0.269775390625,2
152,12,1170.75,94.21875,1230.75,142.03125,0.263671875,2
152,13,1767.0,515.25,1884.0,623.25,0.26123046875,2
153,0,277.875,633.75,350.625,759.0,0.82568359375,2
153,1,444.75,563.625,516.75,683.625,0.806640625,2
153,2,785.25,357.0,831.75,439.5,0.7841796875,2
153,3,105.9375,474.375,161.8125,550.875,0.6513671875,2
153,4,1551.0,24.75,1581.0,56.625,0.505859375,1
153,5,1573.5,65.625,1597.5,103.875,0.439697265625,2
153,6,1338.0,59.859375,1356.0,82.3125,0.437744140625,2
153,7,1178.25,90.75,1232.25,138.75,0.388671875,1
153,8,1260.0,95.90625,1281.0,129.28125,0.341552734375,2
153,9,1029.0,259.875,1287.0,324.375,0.316650390625,1
153,10,1368.0,46.03125,1383.0,69.09375,0.286865234375,2
153,11,1767.0,515.625,1884.0,623.625,0.2783203125,2
154,0,440.25,569.625,509.25,688.125,0.82666015625,2
154,1,784.5,358.875,832.5,442.125,0.8017578125,2
154,2,273.75,642.0,349.5,765.0,0.79296875,2
154,3,110.8125,477.0,165.5625,554.25,0.64599609375,2
154,4,1551.0,24.703125,1581.0,56.578125,0.5078125,1
154,5,1573.5,65.8125,1597.5,103.6875,0.441650390625,2
154,6,1176.0,91.3125,1233.0,138.9375,0.42626953125,1
154,7,1260.0,96.0,1278.0,129.375,0.418701171875,2
154,8,1338.0,59.953125,1356.0,81.75,0.416748046875,2
154,9,1029.0,259.6875,1287.0,324.1875,0.337158203125,1
154,10,1368.0,46.21875,1383.0,69.28125,0.29345703125,2
154,11,1767.0,515.625,1884.0,623.625,0.287841796875,2
154,12,1369.5,49.640625,1381.5,73.3125,0.26806640625,2
154,13,1767.0,493.5,1905.0,624.75,0.259765625,2
155,0,439.5,569.625,509.25,688.125,0.82666015625,2
155,1,784.5,358.875,832.5,442.125,0.8017578125,2
155,2,273.75,642.0,349.5,765.0,0.79296875,2
155,3,110.8125,477.0,165.5625,554.25,0.64599609375,2
155,4,1551.0,24.65625,1581.0,56.625,0.5078125,1
155,5,1573.5,65.8125,1597.5,103.6875,0.439697265625,2
155,6,1176.0,91.3125,1233.0,138.9375,0.435791015625,1
155,7,1338.0,59.90625,1356.0,81.84375,0.416748046875,2
155,8,1260.0,95.90625,1278.0,129.46875,0.416748046875,2
155,9,1029.0,259.6875,1287.0,324.1875,0.32421875,1
155,10,1368.0,46.3125,1383.0,69.375,0.29248046875,2
155,11,1767.0,515.625,1884.0,623.625,0.2861328125,2
155,12,1369.5,49.640625,1381.5,73.3125,0.26904296875,2
155,13,1767.0,493.5,1905.0,625.5,0.257568359375,2
156,0,429.75,577.5,507.75,700.5,0.87744140625,2
156,1,780.0,365.25,828.0,449.25,0.810546875,2
156,2,259.3125,652.5,335.4375,780.0,0.77978515625,2
156,3,115.6875,477.0,169.6875,558.0,0.71044921875,2
156,4,1551.0,24.46875,1581.0,56.53125,0.50390625,1
156,5,1177.5,90.65625,1231.5,138.65625,0.484375,1
156,6,1573.5,65.4375,1597.5,103.6875,0.445556640625,2
156,7,1260.0,97.125,1278.0,129.375,0.43017578125,2
156,8,1338.0,60.46875,1356.0,81.65625,0.42822265625,2
156,9,1370.25,50.34375,1382.25,74.15625,0.39990234375,2
156,10,1029.0,259.875,1287.0,324.375,0.332763671875,1
156,11,1767.0,516.75,1881.0,623.25,0.29736328125,2
156,12,1767.0,493.5,1905.0,624.75,0.26220703125,2
157,0,420.0,581.25,501.0,707.25,0.81982421875,2
157,1,777.0,366.75,825.0,452.25,0.81298828125,2
157,2,253.875,664.5,326.625,788.25,0.70263671875,2
157,3,120.0,480.75,170.0625,561.75,0.68603515625,2
157,4,1551.0,24.703125,1581.0,56.578125,0.5,1
157,5,1573.5,65.25,1597.5,103.875,0.462890625,2
157,6,1177.5,90.84375,1231.5,138.65625,0.445556640625,1
157,7,1338.0,60.9375,1356.0,82.3125,0.43212890625,2
157,8,1370.25,49.828125,1382.25,73.875,0.392333984375,2
157,9,1260.0,97.5,1278.0,130.5,0.3701171875,2
157,10,1029.0,259.875,1287.0,324.375,0.307373046875,1
157,11,1767.0,492.75,1905.0,624.75,0.299072265625,2
157,12,1767.0,516.375,1881.0,623.625,0.29248046875,2
157,13,1368.0,46.96875,1383.0,71.34375,0.256103515625,2
158,0,420.0,581.25,501.0,707.25,0.82080078125,2
158,1,777.0,366.75,825.0,452.25,0.8115234375,2
158,2,253.875,664.5,326.625,788.25,0.70068359375,2
158,3,120.0,480.75,170.0625,561.75,0.68603515625,2
158,4,1551.0,24.65625,1581.0,56.625,0.5,1
158,5,1573.5,65.25,1597.5,103.875,0.46484375,2
158,6,1177.5,90.9375,1231.5,138.5625,0.439697265625,1
158,7,1338.0,60.9375,1356.0,82.3125,0.43212890625,2
158,8,1370.25,49.875,1382.25,73.875,0.392333984375,2
158,9,1260.0,97.5,1278.0,130.5,0.3701171875,2
158,10,1029.0,259.875,1287.0,324.375,0.310791015625,1
158,11,1765.5,492.75,1906.5,624.75,0.2998046875,2
158,12,1767.0,516.375,1881.0,623.625,0.287841796875,2
158,13,1368.0,46.96875,1383.0,71.34375,0.259033203125,2
159,0,242.25,668.25,314.25,793.5,0.84814453125,2
159,1,411.75,590.25,495.75,711.75,0.83984375,2
159,2,775.5,369.0,823.5,456.75,0.8017578125,2
159,3,119.90625,480.0,171.09375,564.0,0.67236328125,2
159,4,1551.0,24.75,1581.0,56.625,0.501953125,1
159,5,1573.5,65.625,1597.5,103.875,0.466796875,2
159,6,1179.0,91.125,1231.5,138.375,0.42431640625,1
159,7,1338.0,62.0625,1356.0,83.625,0.385009765625,2
159,8,1260.0,97.125,1275.0,130.125,0.3486328125,2
159,9,1368.75,49.875,1380.75,73.5,0.33984375,2
159,10,1765.5,492.75,1906.5,624.75,0.29736328125,2
159,11,1366.5,47.0625,1381.5,70.6875,0.291015625,2
159,12,1767.0,516.75,1881.0,623.25,0.286865234375,2
159,13,1029.0,259.875,1287.0,324.375,0.286865234375,1
160,0,771.0,372.75,819.0,460.5,0.83447265625,2
160,1,232.125,670.875,306.375,805.5,0.8232421875,2
160,2,408.0,591.75,492.75,719.25,0.806640625,2
160,3,121.5,481.5,171.375,566.25,0.64599609375,2
160,4,1551.0,24.75,1581.0,56.53125,0.505859375,1
160,5,1177.5,91.125,1231.5,138.5625,0.484375,1
160,6,1573.5,65.625,1597.5,103.875,0.46875,2
160,7,1259.25,97.3125,1274.25,130.6875,0.383056640625,2
160,8,1338.0,63.0,1356.0,85.125,0.363037109375,2
160,9,1029.0,259.875,1287.0,324.0,0.35302734375,1
160,10,1765.5,492.0,1906.5,624.75,0.341552734375,2
160,11,1767.0,516.75,1881.0,623.25,0.309814453125,2
160,12,1367.25,47.0625,1380.75,70.3125,0.29248046875,2
160,13,1675.5,646.125,1693.5,667.875,0.257568359375,2
161,0,771.0,372.75,819.0,460.5,0.83447265625,2
161,1,232.125,670.875,306.375,805.5,0.82421875,2
161,2,408.0,592.125,492.0,718.875,0.79833984375,2
161,3,121.5,481.5,171.375,566.25,0.64404296875,2
161,4,1551.0,24.75,1581.0,56.4375,0.505859375,1
161,5,1177.5,91.125,1231.5,138.5625,0.484375,1
161,6,1573.5,65.625,1597.5,103.875,0.46875,2
161,7,1259.25,97.5,1274.25,130.6875,0.381103515625,2
161,8,1338.0,63.0,1356.0,85.125,0.363037109375,2
161,9,1029.0,259.875,1287.0,324.0,0.3408203125,1
161,10,1765.5,492.0,1906.5,624.75,0.33642578125,2
161,11,1767.0,516.75,1881.0,623.25,0.31494140625,2
161,12,1367.25,47.0625,1380.75,70.3125,0.290283203125,2
161,13,1675.5,646.5,1693.5,667.5,0.257568359375,2
162,0,766.875,376.875,817.5,466.875,0.82763671875,2
162,1,399.0,609.75,474.75,732.75,0.81396484375,2
162,2,215.625,687.75,291.375,818.25,0.7744140625,2
162,3,123.9375,485.25,174.1875,570.75,0.6689453125,2
162,4,1551.0,24.46875,1581.0,56.34375,0.50390625,1
162,5,1175.25,92.8125,1232.25,139.125,0.50390625,1
162,6,1573.5,66.1875,1597.5,103.6875,0.449462890625,2
162,7,1366.5,52.5,1381.5,74.4375,0.385009765625,2
162,8,1765.5,492.75,1906.5,624.75,0.3486328125,2
162,9,1029.0,259.5,1287.0,324.0,0.337158203125,1
162,10,1767.0,517.5,1881.0,623.25,0.303955078125,2
162,11,1587.0,743.25,1671.0,863.25,0.299072265625,2
162,12,1336.5,63.375,1356.0,85.875,0.290283203125,2
162,13,1675.5,646.875,1693.5,663.375,0.25537109375,2
163,0,392.25,616.5,471.75,739.5,0.83642578125,2
163,1,209.25,691.875,281.25,826.5,0.8232421875,2
163,2,765.0,380.625,813.0,471.375,0.806640625,2
163,3,124.125,484.5,177.0,574.5,0.6533203125,2
163,4,1176.75,93.0,1232.25,139.125,0.55810546875,1
163,5,1551.0,24.28125,1584.0,56.15625,0.50390625,1
163,6,1573.5,66.1875,1597.5,103.6875,0.445556640625,2
163,7,1029.0,259.875,1287.0,323.625,0.363037109375,1
163,8,1332.0,62.90625,1350.0,86.53125,0.3486328125,2
163,9,1366.5,51.65625,1380.0,73.96875,0.32763671875,2
163,10,1590.0,744.0,1671.0,864.0,0.323486328125,2
163,11,1765.5,492.75,1906.5,624.75,0.320068359375,2
163,12,1767.0,518.25,1881.0,623.25,0.302490234375,2
163,13,120.0,442.875,178.5,575.625,0.277587890625,3
163,14,1674.0,646.5,1692.0,666.0,0.27587890625,2
164,0,392.25,616.5,471.75,739.5,0.83642578125,2
164,1,209.4375,691.875,281.4375,826.5,0.81982421875,2
164,2,765.0,380.625,813.0,471.375,0.806640625,2
164,3,124.125,484.5,177.0,574.5,0.6533203125,2
164,4,1176.75,93.0,1232.25,139.125,0.55810546875,1
164,5,1551.0,24.28125,1584.0,56.15625,0.50390625,1
164,6,1573.5,66.1875,1597.5,103.6875,0.447509765625,2
164,7,1029.0,259.875,1287.0,323.625,0.373779296875,1
164,8,1332.0,63.0,1350.0,86.625,0.3486328125,2
164,9,1366.5,51.65625,1380.0,73.96875,0.32763671875,2
164,10,1765.5,492.75,1906.5,624.75,0.322509765625,2
164,11,1590.0,744.0,1671.0,864.0,0.315673828125,2
164,12,1767.0,518.25,1881.0,623.25,0.30078125,2
164,13,119.90625,442.875,178.40625,575.625,0.279052734375,3
164,14,1674.0,646.5,1692.0,666.0,0.2783203125,2
165,0,199.875,698.25,276.375,833.25,0.90576171875,2
165,1,385.5,620.25,463.5,744.75,0.8388671875,2
165,2,764.25,387.375,810.75,475.875,0.806640625,2
165,3,123.75,488.25,176.25,578.25,0.61669921875,2
165,4,1176.0,93.5625,1231.5,139.3125,0.533203125,1
165,5,1551.0,24.09375,1584.0,56.0625,0.5078125,1
165,6,1573.5,66.1875,1597.5,103.6875,0.443603515625,2
165,7,1332.0,63.0,1350.0,86.8125,0.418701171875,2
165,8,1029.0,259.3125,1287.0,323.8125,0.390380859375,1
165,9,1765.5,492.375,1906.5,624.375,0.294921875,2
165,10,1366.5,51.1875,1380.0,73.6875,0.29345703125,2
165,11,1767.0,518.25,1881.0,623.25,0.282958984375,2
165,12,979.5,125.625,1032.0,167.4375,0.281494140625,2
165,13,1674.0,646.5,1692.0,666.0,0.26513671875,2
165,14,1588.5,744.0,1669.5,864.0,0.250244140625,2
166,0,379.5,621.75,467.25,752.25,0.88720703125,2
166,1,186.5625,705.75,267.9375,840.75,0.83984375,2
166,2,760.5,390.75,808.5,479.25,0.80810546875,2
166,3,123.1875,490.5,176.8125,580.5,0.642578125,2
166,4,1177.5,93.5625,1231.5,139.3125,0.541015625,1
166,5,1551.0,23.71875,1584.0,56.0625,0.498046875,1
166,6,1332.0,63.75,1350.0,87.5625,0.47265625,2
166,7,1573.5,66.0,1597.5,103.6875,0.443603515625,2
166,8,1029.0,259.125,1287.0,324.0,0.373046875,1
166,9,979.5,125.625,1032.0,167.4375,0.3310546875,2
166,10,1365.0,51.703125,1380.0,73.875,0.3173828125,2
166,11,1767.0,518.25,1881.0,623.25,0.259765625,2
166,12,1765.5,492.75,1906.5,624.75,0.257568359375,2
167,0,380.0625,621.75,467.25,752.25,0.88720703125,2
167,1,186.5625,705.75,267.9375,840.75,0.8408203125,2
167,2,760.5,390.75,808.5,479.25,0.806640625,2
167,3,123.1875,490.5,176.8125,580.5,0.642578125,2
167,4,1177.5,93.5625,1231.5,139.3125,0.537109375,1
167,5,1551.0,23.8125,1584.0,56.0625,0.498046875,1
167,6,1332.0,63.75,1350.0,87.75,0.470703125,2
167,7,1573.5,66.1875,1597.5,103.6875,0.441650390625,2
167,8,1029.0,259.125,1287.0,324.0,0.385009765625,1
167,9,979.5,125.8125,1032.0,167.4375,0.325927734375,2
167,10,1365.0,51.65625,1380.0,73.96875,0.310791015625,2
168,0,169.6875,720.375,249.1875,858.0,0.90576171875,2
168,1,364.3125,636.0,447.0,768.0,0.8154296875,2
168,2,754.875,396.0,805.5,487.5,0.73583984375,2
168,3,1175.25,95.4375,1230.75,139.3125,0.56591796875,1
168,4,123.1875,491.25,176.8125,588.0,0.546875,2
168,5,1551.0,23.71875,1584.0,56.15625,0.4921875,1
168,6,1573.5,65.625,1597.5,103.875,0.455078125,2
168,7,1332.0,64.5,1350.0,88.125,0.441650390625,2
168,8,978.75,125.4375,1032.75,167.625,0.390380859375,2
168,9,1029.0,259.5,1287.0,324.0,0.367431640625,1
168,10,1365.0,52.78125,1380.0,74.71875,0.33447265625,2
168,11,1764.0,493.5,1908.0,624.0,0.3115234375,2
168,12,1393.5,25.21875,1405.5,48.84375,0.287841796875,2
168,13,1767.0,518.625,1881.0,623.625,0.2666015625,2
169,0,357.0,642.75,446.25,776.25,0.8310546875,2
169,1,157.125,722.625,243.75,864.0,0.82666015625,2
169,2,754.875,401.25,805.5,492.75,0.8017578125,2
169,3,1175.25,96.375,1230.75,139.5,0.57177734375,1
169,4,123.75,492.75,177.5625,593.25,0.525390625,2
169,5,1551.0,23.625,1584.0,56.0625,0.486328125,1
169,6,1573.5,65.625,1597.5,103.875,0.455078125,2
169,7,1332.0,65.625,1350.0,89.25,0.439697265625,2
169,8,1029.0,259.5,1287.0,324.0,0.415771484375,1
169,9,978.75,125.625,1032.75,167.625,0.392333984375,2
169,10,1764.0,492.75,1908.0,624.75,0.33984375,2
169,11,1393.5,25.3125,1405.5,48.84375,0.290283203125,2
169,12,1365.0,55.640625,1380.0,76.6875,0.285400390625,2
169,13,1767.0,517.875,1881.0,623.625,0.271240234375,2
170,0,357.0,642.75,446.25,776.25,0.83349609375,2
170,1,157.125,722.625,243.75,864.0,0.82763671875,2
170,2,754.875,401.25,805.5,492.75,0.80078125,2
170,3,1175.25,96.46875,1230.75,139.59375,0.57568359375,1
170,4,123.75,492.75,177.5625,593.25,0.5234375,2
170,5,1551.0,23.8125,1584.0,56.0625,0.486328125,1
170,6,1573.5,65.53125,1597.5,103.78125,0.45703125,2
170,7,1332.0,65.625,1350.0,89.25,0.439697265625,2
170,8,1029.0,259.5,1287.0,324.0,0.403564453125,1
170,9,978.0,125.8125,1032.0,167.4375,0.352294921875,2
170,10,1764.0,492.75,1908.0,624.75,0.346923828125,2
170,11,1393.5,25.40625,1405.5,48.84375,0.291015625,2
170,12,1365.0,55.6875,1380.0,76.6875,0.285400390625,2
170,13,1767.0,517.875,1881.0,623.625,0.271240234375,2
171,0,349.5,646.5,442.5,781.5,0.85595703125,2
171,1,147.75,730.5,233.625,873.0,0.79931640625,2
171,2,751.875,404.25,802.5,497.25,0.77880859375,2
171,3,121.40625,498.0,176.71875,595.5,0.638671875,2
171,4,1174.5,96.84375,1231.5,139.59375,0.63525390625,1
171,5,1551.0,23.625,1584.0,56.0625,0.486328125,1
171,6,1332.0,65.625,1350.0,89.625,0.462890625,2
171,7,1573.5,65.4375,1597.5,103.6875,0.458984375,2
171,8,1029.0,259.5,1287.0,324.0,0.4140625,1
171,9,978.75,126.0,1032.75,167.625,0.4111328125,2
171,10,1363.5,55.96875,1380.0,77.15625,0.35400390625,2
171,11,1764.0,493.5,1905.0,624.0,0.304931640625,2
171,12,1393.5,25.21875,1405.5,48.84375,0.2744140625,2
171,13,1765.5,518.25,1879.5,623.25,0.2666015625,2
171,14,1492.5,12.9375,1506.0,33.75,0.26123046875,2
172,0,130.6875,738.0,219.5625,882.0,0.90478515625,2
172,1,342.375,657.0,424.875,790.5,0.85205078125,2
172,2,749.625,408.75,801.0,500.25,0.7744140625,2
172,3,1174.5,96.75,1231.5,139.5,0.64794921875,1
172,4,119.4375,503.25,177.5625,600.75,0.62451171875,2
172,5,1332.0,65.625,1350.0,90.0,0.5078125,2
172,6,1551.0,23.625,1584.0,56.0625,0.48828125,1
172,7,1573.5,65.25,1597.5,103.875,0.466796875,2
172,8,979.5,126.1875,1033.5,167.4375,0.42431640625,2
172,9,1363.5,55.96875,1380.0,77.34375,0.381103515625,2
172,10,1761.0,492.75,1905.0,624.75,0.373779296875,2
172,11,1029.0,259.5,1287.0,324.0,0.373779296875,1
172,12,1393.5,25.5,1405.5,48.9375,0.31494140625,2
172,13,1765.5,518.625,1879.5,623.625,0.2861328125,2
172,14,1492.5,12.796875,1506.0,33.703125,0.267333984375,2
173,0,130.875,738.0,219.375,882.0,0.9052734375,2
173,1,342.0,657.0,424.5,790.5,0.85107421875,2
173,2,749.25,408.75,800.25,500.25,0.7744140625,2
173,3,1174.5,96.75,1231.5,139.5,0.64794921875,1
173,4,119.4375,503.25,177.5625,600.75,0.62451171875,2
173,5,1332.0,65.625,1350.0,90.0,0.509765625,2
173,6,1551.0,23.625,1584.0,56.0625,0.486328125,1
173,7,1573.5,65.25,1597.5,103.875,0.466796875,2
173,8,979.5,126.375,1033.5,167.625,0.45703125,2
173,9,1363.5,55.96875,1380.0,77.34375,0.381103515625,2
173,10,1029.0,259.5,1287.0,324.0,0.37744140625,1
173,11,1761.0,493.5,1905.0,624.75,0.3720703125,2
173,12,1393.5,25.5,1405.5,48.9375,0.31494140625,2
173,13,1765.5,518.625,1879.5,623.625,0.286865234375,2
173,14,1492.5,12.796875,1506.0,33.703125,0.26904296875,2
174,0,328.5,672.0,423.75,807.0,0.8681640625,2
174,1,109.3125,754.5,199.5,901.5,0.865234375,2
174,2,741.75,415.5,789.75,510.0,0.8310546875,2
174,3,1174.5,96.46875,1231.5,139.59375,0.640625,1
174,4,117.375,506.625,173.25,607.875,0.615234375,2
174,5,1332.0,64.5,1350.0,89.625,0.59619140625,2
174,6,1551.0,23.4375,1581.0,56.0625,0.482421875,1
174,7,1573.5,64.96875,1597.5,103.78125,0.47265625,2
174,8,979.5,126.9375,1033.5,167.625,0.43408203125,2
174,9,1029.0,259.6875,1287.0,324.1875,0.3876953125,1
174,10,1761.0,492.0,1905.0,624.75,0.350341796875,2
174,11,1362.0,54.0,1380.0,75.375,0.33642578125,2
174,12,1393.5,25.3125,1405.5,48.84375,0.322509765625,2
174,13,1492.5,11.578125,1507.5,32.390625,0.282958984375,2
175,0,98.625,762.0,192.75,912.0,0.86865234375,2
175,1,318.0,674.25,406.5,816.75,0.84375,2
175,2,740.25,417.375,789.75,514.875,0.8173828125,2
175,3,1332.0,64.40625,1350.0,89.34375,0.56982421875,2
175,4,1173.75,97.3125,1230.75,139.5,0.56396484375,1
175,5,1551.0,23.25,1581.0,56.0625,0.484375,1
175,6,116.625,508.875,173.4375,612.375,0.48046875,2
175,7,1573.5,64.78125,1597.5,103.78125,0.46484375,2
175,8,979.5,127.3125,1033.5,167.4375,0.422607421875,2
175,9,1029.0,259.3125,1287.0,324.5625,0.3486328125,1
175,10,1762.5,492.75,1903.5,624.75,0.34521484375,2
175,11,1362.0,53.90625,1380.0,75.65625,0.301513671875,2
175,12,1393.5,25.40625,1405.5,48.84375,0.2998046875,2
175,13,1492.5,11.34375,1507.5,32.4375,0.291015625,2
175,14,1765.5,518.25,1879.5,624.0,0.285400390625,2
175,15,175.5,766.5,198.9375,816.0,0.27978515625,2
175,16,1168.5,99.65625,1228.5,143.15625,0.279052734375,2
176,0,98.8125,762.0,192.75,912.0,0.86865234375,2
176,1,318.0,674.25,406.125,816.75,0.841796875,2
176,2,740.25,417.375,789.0,514.875,0.8173828125,2
176,3,1332.0,64.125,1350.0,89.25,0.57568359375,2
176,4,1174.5,96.75,1231.5,139.5,0.56201171875,1
176,5,1551.0,23.15625,1584.0,56.0625,0.49609375,1
176,6,116.625,508.875,173.4375,612.375,0.490234375,2
176,7,1573.5,64.59375,1597.5,103.78125,0.47265625,2
176,8,979.5,127.6875,1033.5,167.4375,0.401611328125,2
176,9,1764.0,492.0,1905.0,625.5,0.361083984375,2
176,10,1029.0,259.5,1287.0,324.75,0.341552734375,1
176,11,1393.5,25.3125,1405.5,48.84375,0.30078125,2
176,12,1362.0,53.859375,1380.0,75.9375,0.299072265625,2
176,13,1492.5,11.2265625,1507.5,32.4375,0.294189453125,2
176,14,175.6875,766.5,198.9375,816.0,0.2783203125,2
176,15,1767.0,519.75,1881.0,624.75,0.275146484375,2
176,16,1168.5,99.28125,1228.5,143.15625,0.2744140625,2
177,0,86.25,769.5,179.0625,922.5,0.89892578125,2
177,1,310.5,684.375,387.75,825.0,0.86865234375,2
177,2,736.5,425.25,789.0,519.75,0.81298828125,2
177,3,116.25,514.5,171.375,616.5,0.64404296875,2
177,4,1173.75,93.75,1230.75,139.6875,0.609375,1
177,5,1332.0,64.125,1347.0,89.25,0.56787109375,2
177,6,1551.0,23.53125,1584.0,56.34375,0.46484375,1
177,7,1573.5,64.875,1597.5,103.875,0.462890625,2
177,8,1764.0,491.25,1902.0,625.5,0.405517578125,2
177,9,979.5,127.5,1033.5,168.0,0.392333984375,2
177,10,1393.5,25.96875,1405.5,49.03125,0.350341796875,2
177,11,1765.5,516.0,1882.5,624.0,0.31494140625,2
177,12,1362.0,55.6875,1380.0,76.6875,0.2861328125,2
177,13,1493.25,11.4140625,1506.75,32.8125,0.27197265625,2
177,14,1029.0,259.125,1287.0,325.125,0.267333984375,1
178,0,71.8125,777.0,166.3125,931.5,0.89111328125,2
178,1,735.0,426.75,789.75,525.75,0.83984375,2
178,2,303.0,689.25,389.625,833.25,0.822265625,2
178,3,115.3125,517.5,170.0625,621.0,0.70556640625,2
178,4,1174.5,93.9375,1231.5,139.3125,0.62451171875,1
178,5,1332.0,64.5,1347.0,89.625,0.546875,2
178,6,1573.5,64.96875,1597.5,103.78125,0.462890625,2
178,7,1551.0,23.625,1584.0,56.25,0.45703125,1
178,8,1767.0,496.5,1884.0,625.5,0.443603515625,2
178,9,979.5,127.875,1033.5,168.0,0.381103515625,2
178,10,1393.5,25.875,1405.5,49.03125,0.350341796875,2
178,11,1362.0,55.5,1380.0,77.25,0.34326171875,2
178,12,1689.0,489.0,1770.0,580.5,0.2744140625,2
178,13,1493.25,11.3203125,1506.75,32.71875,0.26806640625,2
179,0,71.8125,777.0,166.3125,931.5,0.89111328125,2
179,1,735.75,427.125,789.75,525.375,0.8388671875,2
179,2,303.0,689.25,390.0,833.25,0.81982421875,2
179,3,115.3125,517.5,170.0625,621.0,0.70263671875,2
179,4,1174.5,93.5625,1231.5,139.3125,0.64794921875,1
179,5,1332.0,64.59375,1347.0,89.53125,0.544921875,2
179,6,1573.5,65.0625,1597.5,103.6875,0.4609375,2
179,7,1551.0,23.671875,1584.0,56.296875,0.458984375,1
179,8,1767.0,497.625,1881.0,625.125,0.43115234375,2
179,9,978.75,128.25,1032.75,168.0,0.3720703125,2
179,10,1393.5,25.875,1405.5,49.03125,0.350341796875,2
179,11,1362.0,55.546875,1380.0,77.25,0.34521484375,2
179,12,1493.25,11.3203125,1506.75,32.71875,0.265869140625,2
179,13,1689.0,489.0,1770.0,580.5,0.256103515625,2
180,0,48.28125,796.5,136.875,954.0,0.8740234375,2
180,1,281.4375,707.25,383.8125,851.25,0.86083984375,2
180,2,727.5,435.0,781.5,535.5,0.77978515625,2
180,3,112.125,528.0,165.9375,631.5,0.658203125,2
180,4,1332.0,66.28125,1347.0,92.71875,0.548828125,2
180,5,1176.0,94.3125,1230.0,138.9375,0.548828125,1
180,6,1551.0,23.4375,1584.0,56.15625,0.449462890625,1
180,7,1573.5,64.78125,1597.5,103.78125,0.445556640625,2
180,8,122.90625,784.5,153.09375,861.0,0.394287109375,2
180,9,1767.0,499.5,1878.0,624.75,0.3720703125,2
180,10,1392.0,25.3125,1405.5,48.9375,0.352294921875,2
180,11,1362.0,56.0625,1380.0,78.5625,0.338134765625,2
180,12,123.1875,785.25,148.5,810.75,0.28857421875,2
180,13,1167.0,99.84375,1224.0,143.53125,0.281494140625,2
180,14,1493.25,11.2734375,1506.75,33.0,0.25830078125,2
181,0,33.9609375,803.25,129.9375,962.25,0.89501953125,2
181,1,271.3125,716.25,361.6875,860.25,0.87841796875,2
181,2,723.0,439.5,780.0,540.0,0.83544921875,2
181,3,108.46875,531.75,166.21875,634.5,0.71875,2
181,4,1331.25,66.46875,1347.75,93.09375,0.5546875,2
181,5,107.4375,795.0,142.5,888.0,0.453369140625,2
181,6,1767.0,498.75,1878.0,624.75,0.445556640625,2
181,7,1573.5,64.875,1597.5,103.875,0.443603515625,2
181,8,1551.0,23.53125,1584.0,56.15625,0.437744140625,1
181,9,1176.0,95.25,1230.0,139.3125,0.383056640625,1
181,10,0.0,535.5,83.53125,732.0,0.3701171875,2
181,11,1392.0,25.359375,1405.5,48.984375,0.350341796875,2
181,12,1362.0,56.203125,1380.0,79.125,0.322509765625,2
181,13,1167.0,101.0625,1224.0,143.8125,0.30322265625,2
181,14,1493.25,11.2265625,1506.75,33.0,0.254638671875,2
182,0,33.9609375,803.25,129.9375,962.25,0.89501953125,2
182,1,271.3125,716.25,361.6875,860.25,0.87841796875,2
182,2,723.0,439.5,780.0,540.0,0.83544921875,2
182,3,108.46875,531.75,166.21875,634.5,0.716796875,2
182,4,1331.25,66.375,1347.75,93.0,0.556640625,2
182,5,107.625,795.0,142.5,888.0,0.453369140625,2
182,6,1767.0,498.75,1878.0,624.75,0.447509765625,2
182,7,1573.5,64.875,1597.5,103.875,0.443603515625,2
182,8,1551.0,23.53125,1584.0,56.15625,0.437744140625,1
182,9,1176.0,95.34375,1230.0,139.21875,0.375732421875,1
182,10,0.0,535.5,83.53125,732.0,0.3701171875,2
182,11,1392.0,25.3125,1405.5,48.9375,0.3486328125,2
182,12,1362.0,56.25,1380.0,79.125,0.32763671875,2
182,13,1167.0,101.0625,1224.0,143.8125,0.304931640625,2
182,14,1493.25,11.296875,1506.75,33.046875,0.253173828125,2
183,0,263.8125,721.5,357.5625,870.0,0.884765625,2
183,1,19.3125,813.0,112.03125,975.0,0.84814453125,2
183,2,720.0,444.0,781.5,544.5,0.8173828125,2
183,3,105.5625,534.0,164.0625,639.0,0.56982421875,2
183,4,1332.0,67.125,1347.0,93.9375,0.544921875,2
183,5,1551.0,23.578125,1584.0,56.109375,0.455078125,1
183,6,1176.75,93.5625,1230.75,139.125,0.449462890625,1
183,7,1573.5,64.875,1597.5,103.875,0.447509765625,2
183,8,1767.0,498.75,1878.0,624.75,0.435791015625,2
183,9,99.5625,804.0,126.1875,855.0,0.4091796875,2
183,10,1390.5,25.59375,1405.5,49.03125,0.322509765625,2
183,11,1360.5,56.8125,1380.0,79.6875,0.322509765625,2
183,12,1689.0,489.0,1770.0,580.5,0.304931640625,2
183,13,0.0,535.5,81.421875,729.0,0.29248046875,2
183,14,1167.75,99.5625,1223.25,143.4375,0.271240234375,2
184,0,1.5,816.0,105.375,987.0,0.85986328125,2
184,1,717.75,451.875,775.5,550.875,0.8408203125,2
184,2,253.6875,730.875,350.4375,880.5,0.80078125,2
184,3,102.9375,531.0,162.9375,642.75,0.6298828125,2
184,4,1331.25,66.9375,1346.25,94.3125,0.56787109375,2
184,5,1551.0,23.8125,1584.0,56.25,0.455078125,1
184,6,1573.5,64.875,1597.5,103.875,0.451416015625,2
184,7,1176.0,92.90625,1230.0,139.40625,0.42431640625,1
184,8,0.140625,535.875,84.0,724.125,0.3701171875,2
184,9,1390.5,25.59375,1405.5,49.125,0.33984375,2
184,10,1768.5,499.5,1876.5,624.0,0.329345703125,2
184,11,1689.0,489.375,1770.0,580.125,0.291748046875,2
184,12,979.5,128.0625,1033.5,168.9375,0.26904296875,2
184,13,1360.5,57.84375,1380.0,80.53125,0.263671875,2
184,14,1494.0,11.53125,1506.0,32.8125,0.25537109375,2
185,0,1.5,816.0,105.0,987.0,0.85888671875,2
185,1,717.75,451.5,775.5,550.5,0.8408203125,2
185,2,253.6875,730.875,350.8125,880.5,0.79833984375,2
185,3,102.9375,531.75,162.9375,642.75,0.63525390625,2
185,4,1331.25,66.9375,1346.25,94.3125,0.56591796875,2
185,5,1551.0,23.71875,1584.0,56.15625,0.455078125,1
185,6,1573.5,64.875,1597.5,103.875,0.451416015625,2
185,7,1176.0,93.0,1230.0,139.5,0.42822265625,1
185,8,0.140625,535.875,84.046875,724.125,0.36572265625,2
185,9,1390.5,25.59375,1405.5,49.125,0.33984375,2
185,10,1768.5,499.5,1876.5,624.0,0.325927734375,2
185,11,1689.0,489.375,1770.0,580.125,0.291748046875,2
185,12,979.5,128.0625,1033.5,168.9375,0.264404296875,2
185,13,1360.5,57.890625,1380.0,80.4375,0.262939453125,2
185,14,1494.0,11.53125,1506.0,32.8125,0.254638671875,2
186,0,230.25,744.0,342.75,900.0,0.90869140625,2
186,1,711.0,460.5,762.75,562.5,0.80810546875,2
186,2,0.09375,844.5,72.65625,1008.0,0.75927734375,2
186,3,99.0,547.5,159.75,652.5,0.6826171875,2
186,4,1330.5,67.96875,1345.5,94.59375,0.56396484375,2
186,5,1573.5,64.875,1597.5,103.875,0.4609375,2
186,6,1551.0,23.90625,1584.0,56.15625,0.443603515625,1
186,7,55.3125,832.5,92.90625,940.5,0.392333984375,2
186,8,979.5,126.75,1033.5,168.75,0.36669921875,2
186,9,1689.0,488.625,1770.0,580.125,0.352294921875,2
186,10,1768.5,493.5,1879.5,624.0,0.333740234375,2
186,11,1178.25,93.0,1230.75,139.125,0.310791015625,1
186,12,1389.75,26.34375,1404.75,49.5,0.296630859375,2
186,13,61.3125,834.0,85.5,861.0,0.282958984375,2
187,0,220.125,757.5,331.125,912.0,0.86962890625,2
187,1,706.875,461.25,765.375,567.75,0.79931640625,2
187,2,97.6875,547.5,156.9375,658.5,0.76611328125,2
187,3,0.0,846.0,69.09375,1011.0,0.609375,2
187,4,1329.75,68.25,1344.75,94.875,0.57373046875,2
187,5,1573.5,64.875,1597.5,103.875,0.470703125,2
187,6,1551.0,24.0,1584.0,56.15625,0.437744140625,1
187,7,979.5,126.75,1033.5,169.875,0.42431640625,2
187,8,1767.0,495.0,1881.0,624.75,0.376708984375,2
187,9,1179.75,92.625,1230.75,139.875,0.352294921875,1
187,10,1689.0,489.0,1770.0,580.5,0.332763671875,2
187,11,1389.75,26.296875,1404.75,49.734375,0.291015625,2
187,12,982.5,139.6875,1033.5,174.1875,0.259765625,2
187,13,48.9375,843.0,75.375,903.0,0.253173828125,2
188,0,220.125,757.5,331.125,912.0,0.86962890625,2
188,1,706.875,461.25,765.375,567.75,0.79833984375,2
188,2,97.59375,547.5,157.03125,658.5,0.76611328125,2
188,3,0.0,846.0,69.09375,1012.5,0.6103515625,2
188,4,1329.75,68.25,1344.75,94.875,0.57373046875,2
188,5,1573.5,64.875,1597.5,103.875,0.47265625,2
188,6,1551.0,24.0,1584.0,56.15625,0.437744140625,1
188,7,979.5,126.75,1033.5,169.875,0.42431640625,2
188,8,1767.0,495.75,1881.0,624.75,0.37744140625,2
188,9,1179.75,92.625,1230.75,139.875,0.34326171875,1
188,10,1689.0,489.0,1770.0,579.75,0.329345703125,2
188,11,1389.75,26.296875,1404.75,49.734375,0.29248046875,2
188,12,982.5,139.6875,1033.5,174.1875,0.260498046875,2
188,13,48.84375,843.75,75.375,903.75,0.2509765625,2
189,0,211.5,766.5,319.5,922.5,0.880859375,2
189,1,700.875,467.625,760.125,573.375,0.7646484375,2
189,2,96.1875,552.75,154.5,662.25,0.7548828125,2
189,3,0.0,852.0,63.984375,1009.5,0.58154296875,2
189,4,1330.5,68.53125,1345.5,95.53125,0.556640625,2
189,5,1573.5,64.875,1597.5,103.875,0.478515625,2
189,6,1551.0,23.90625,1584.0,56.0625,0.441650390625,1
189,7,979.5,126.75,1033.5,169.875,0.42626953125,2
189,8,1180.5,93.28125,1231.5,139.59375,0.3720703125,2
189,9,1692.0,489.75,1770.0,579.75,0.29833984375,2
189,10,1389.0,26.15625,1404.0,49.59375,0.281494140625,2
189,11,982.5,139.21875,1033.5,174.375,0.2568359375,2
189,12,1579.5,732.0,1657.5,864.0,0.256103515625,2
189,13,1767.0,497.25,1875.0,624.0,0.25390625,2
190,0,197.625,770.25,310.125,933.75,0.89013671875,2
190,1,92.625,557.25,150.1875,668.25,0.8232421875,2
190,2,697.5,474.0,764.25,581.25,0.806640625,2
190,3,1329.0,68.8125,1344.0,96.1875,0.537109375,2
190,4,1573.5,64.5,1597.5,103.875,0.484375,2
190,5,1551.0,24.09375,1584.0,56.15625,0.449462890625,1
190,6,979.5,126.9375,1033.5,170.4375,0.443603515625,2
190,7,0.0,852.75,45.8203125,1004.25,0.42822265625,2
190,8,1180.5,94.125,1231.5,141.1875,0.39990234375,2
190,9,1579.5,740.25,1657.5,860.25,0.338134765625,2
190,10,1227.0,118.6875,1245.0,149.4375,0.3310546875,2
190,11,1689.0,489.75,1773.0,579.75,0.313232421875,2
190,12,1356.0,58.875,1374.0,82.125,0.27587890625,2
190,13,982.5,138.5625,1033.5,174.1875,0.273681640625,2
190,14,1389.0,25.78125,1404.0,49.5,0.26513671875,2
191,0,197.625,770.25,310.125,933.75,0.8896484375,2
191,1,92.53125,557.25,150.28125,668.25,0.822265625,2
191,2,696.75,474.0,764.25,581.25,0.80810546875,2
191,3,1329.0,68.71875,1344.0,96.09375,0.537109375,2
191,4,1573.5,64.5,1597.5,103.875,0.48046875,2
191,5,1551.0,24.046875,1584.0,56.109375,0.449462890625,1
191,6,979.5,126.75,1033.5,170.25,0.441650390625,2
191,7,0.0,852.75,45.75,1004.25,0.416748046875,2
191,8,1180.5,94.125,1231.5,141.0,0.39794921875,2
191,9,1579.5,740.25,1657.5,860.25,0.350341796875,2
191,10,1227.0,118.6875,1245.0,149.4375,0.33447265625,2
191,11,1689.0,489.75,1773.0,579.75,0.313232421875,2
191,12,1356.0,58.875,1374.0,82.125,0.269775390625,2
191,13,1389.0,25.828125,1404.0,49.546875,0.26806640625,2
191,14,982.5,138.65625,1033.5,174.0,0.265869140625,2
191,15,0.0,866.25,40.453125,1031.25,0.25537109375,2
192,0,171.84375,796.5,294.0,955.5,0.88427734375,2
192,1,87.328125,567.375,147.75,679.125,0.77587890625,2
192,2,687.75,483.375,756.75,593.625,0.75634765625,2
192,3,1181.25,97.40625,1227.75,141.46875,0.490234375,2
192,4,1573.5,64.5,1597.5,103.875,0.48828125,2
192,5,1330.5,69.9375,1344.0,97.875,0.484375,2
192,6,1551.0,24.09375,1584.0,56.15625,0.437744140625,1
192,7,978.75,126.1875,1032.75,170.8125,0.405517578125,2
192,8,1689.0,489.0,1773.0,579.0,0.33642578125,2
192,9,1356.0,58.40625,1371.0,81.46875,0.315673828125,2
192,10,1767.0,499.875,1878.0,624.375,0.310791015625,2
192,11,12.28125,538.875,66.1875,573.375,0.27587890625,2
192,12,1389.0,25.96875,1404.0,49.6875,0.26220703125,2
193,0,156.0,804.0,281.25,969.0,0.85595703125,2
193,1,684.375,485.25,757.125,601.5,0.80810546875,2
193,2,80.953125,571.5,142.125,684.0,0.7548828125,2
193,3,1330.5,70.3125,1344.0,98.0625,0.51953125,2
193,4,1573.5,64.125,1597.5,103.875,0.494140625,2
193,5,1182.0,97.6875,1227.0,140.8125,0.482421875,2
193,6,1551.0,24.0,1584.0,56.25,0.414794921875,1
193,7,1689.0,488.25,1773.0,579.75,0.39599609375,2
193,8,1767.0,508.5,1881.0,625.5,0.38671875,2
193,9,15.890625,540.75,65.625,573.75,0.385009765625,2
193,10,978.75,126.375,1032.75,170.8125,0.383056640625,2
193,11,1356.0,58.359375,1371.0,81.1875,0.310791015625,2
193,12,1389.0,26.15625,1404.0,49.78125,0.303955078125,2
194,0,155.625,804.0,281.625,969.0,0.85693359375,2
194,1,684.75,485.25,756.75,601.5,0.80419921875,2
194,2,80.90625,571.5,142.21875,684.0,0.75634765625,2
194,3,1330.5,70.3125,1344.0,98.0625,0.521484375,2
194,4,1573.5,64.125,1597.5,103.875,0.494140625,2
194,5,1182.0,97.6875,1227.0,140.8125,0.484375,2
194,6,1551.0,24.0,1584.0,56.25,0.414794921875,1
194,7,1689.0,488.25,1773.0,579.75,0.39599609375,2
194,8,978.75,126.5625,1032.75,171.0,0.394287109375,2
194,9,15.84375,540.75,65.625,573.75,0.38671875,2
194,10,1767.0,508.5,1881.0,625.5,0.373779296875,2
194,11,1356.0,58.359375,1371.0,81.1875,0.312255859375,2
194,12,1389.0,26.15625,1404.0,49.78125,0.303955078125,2
195,0,145.5,807.0,267.75,981.0,0.86865234375,2
195,1,75.9375,573.75,144.9375,689.25,0.79443359375,2
195,2,682.125,496.5,746.625,606.0,0.7216796875,2
195,3,1329.0,70.3125,1344.0,98.0625,0.52734375,2
195,4,1573.5,64.3125,1597.5,103.875,0.494140625,2
195,5,1767.0,505.5,1881.0,625.5,0.42919921875,2
195,6,1221.0,116.0625,1242.0,150.5625,0.42822265625,2
195,7,13.171875,540.75,65.859375,576.75,0.42626953125,2
195,8,1689.0,488.25,1773.0,579.75,0.420654296875,2
195,9,1551.0,24.0,1584.0,56.25,0.4091796875,1
195,10,978.75,126.375,1032.75,170.625,0.39599609375,2
195,11,1182.0,97.3125,1227.0,141.1875,0.38671875,2
195,12,1356.0,57.65625,1371.0,80.53125,0.31494140625,2
195,13,1389.0,26.53125,1404.0,49.96875,0.281494140625,2
196,0,129.75,828.0,254.25,993.0,0.83349609375,2
196,1,672.375,501.375,741.375,612.375,0.82421875,2
196,2,73.171875,578.25,139.875,695.25,0.75048828125,2
196,3,1328.25,70.96875,1343.25,98.15625,0.56005859375,2
196,4,1573.5,64.5,1597.5,103.875,0.484375,2
196,5,15.5625,543.0,64.59375,577.5,0.42431640625,2
196,6,1551.0,24.09375,1584.0,56.25,0.414794921875,1
196,7,978.75,126.375,1032.75,170.625,0.4072265625,2
196,8,1767.0,507.0,1881.0,625.5,0.3896484375,2
196,9,1689.0,489.0,1773.0,579.0,0.34521484375,2
196,10,1356.0,57.9375,1371.0,80.25,0.320068359375,2
196,11,1218.0,117.5625,1239.0,151.125,0.299072265625,2
196,12,1389.0,27.0,1404.0,50.0625,0.259765625,2
196,13,1182.0,96.9375,1227.0,140.625,0.259765625,2
197,0,129.75,828.0,254.0625,993.0,0.83544921875,2
197,1,672.75,501.375,741.75,612.375,0.8232421875,2
197,2,73.171875,578.25,139.875,695.25,0.7490234375,2
197,3,1328.25,70.875,1343.25,98.25,0.56005859375,2
197,4,1573.5,64.3125,1597.5,103.6875,0.484375,2
197,5,15.421875,543.375,64.5,577.125,0.42822265625,2
197,6,1551.0,24.0,1584.0,56.25,0.4130859375,1
197,7,978.75,126.5625,1032.75,170.4375,0.394287109375,2
197,8,1767.0,508.5,1881.0,625.5,0.384033203125,2
197,9,1690.5,489.375,1771.5,579.375,0.332763671875,2
197,10,1356.0,57.796875,1371.0,80.25,0.32080078125,2
197,11,1218.0,117.5625,1239.0,151.125,0.296630859375,2
197,12,1389.0,27.046875,1404.0,50.015625,0.259765625,2
197,13,1182.0,96.75,1227.0,140.625,0.256103515625,2
198,0,100.5,844.5,231.5625,1018.5,0.90380859375,2
198,1,661.875,513.0,727.125,628.5,0.79931640625,2
198,2,65.53125,592.5,127.59375,708.0,0.68603515625,2
198,3,1326.75,70.96875,1341.75,99.09375,0.63525390625,2
198,4,1573.5,64.125,1597.5,103.875,0.478515625,2
198,5,1356.0,59.203125,1368.0,82.125,0.451416015625,2
198,6,1767.0,505.5,1881.0,625.5,0.42529296875,2
198,7,1551.0,24.0,1584.0,56.25,0.4111328125,1
198,8,1690.5,488.25,1771.5,579.75,0.403564453125,2
198,9,979.5,127.125,1033.5,170.625,0.338134765625,2
198,10,1215.75,120.9375,1236.75,154.6875,0.3310546875,2
198,11,1182.0,95.71875,1227.0,140.53125,0.2666015625,1
199,0,86.671875,853.5,217.5,1030.5,0.908203125,2
199,1,657.75,522.375,720.0,637.125,0.8056640625,2
199,2,61.96875,598.5,125.625,711.75,0.7490234375,2
199,3,1326.0,71.71875,1341.0,100.78125,0.68408203125,2
199,4,1354.5,59.015625,1366.5,82.6875,0.53515625,2
199,5,1573.5,64.21875,1597.5,103.78125,0.466796875,2
199,6,1767.0,500.25,1881.0,624.75,0.466796875,2
199,7,1551.0,24.0,1584.0,56.15625,0.416748046875,1
199,8,1690.5,488.25,1771.5,579.75,0.416748046875,2
199,9,1213.5,121.40625,1237.5,154.40625,0.350341796875,2
199,10,978.75,127.6875,1032.75,171.1875,0.306640625,2
200,0,86.671875,853.5,217.5,1030.5,0.908203125,2
200,1,657.75,522.375,720.0,637.125,0.8056640625,2
200,2,61.96875,598.5,125.53125,711.75,0.75048828125,2
200,3,1326.0,71.8125,1341.0,100.6875,0.68408203125,2
200,4,1353.75,58.875,1365.75,82.3125,0.515625,2
200,5,1573.5,64.21875,1597.5,103.78125,0.46875,2
200,6,1767.0,501.0,1881.0,624.75,0.4658203125,2
200,7,1690.5,488.25,1771.5,579.75,0.416748046875,2
200,8,1551.0,24.0,1584.0,56.25,0.414794921875,1
200,9,1213.5,121.40625,1237.5,154.40625,0.350341796875,2
200,10,978.75,127.6875,1032.75,171.1875,0.32080078125,2
201,0,72.375,862.5,204.5625,1045.5,0.9609375,2
201,1,650.25,526.5,713.25,643.5,0.841796875,2
201,2,61.96875,600.75,123.65625,717.75,0.69775390625,2
201,3,1324.5,71.8125,1339.5,101.0625,0.6875,2
201,4,1350.0,58.359375,1365.0,82.3125,0.5888671875,2
201,5,1573.5,64.125,1597.5,103.875,0.474609375,2
201,6,1767.0,500.25,1881.0,624.75,0.462890625,2
201,7,1551.0,23.71875,1584.0,56.15625,0.422607421875,1
201,8,1690.5,488.25,1771.5,579.75,0.381103515625,2
201,9,979.5,128.25,1033.5,171.375,0.294921875,2
201,10,1213.5,121.21875,1237.5,155.71875,0.279052734375,2
202,0,50.53125,881.25,189.09375,1058.25,0.88232421875,2
202,1,645.75,529.875,713.25,652.125,0.85498046875,2
202,2,58.125,607.5,119.625,724.5,0.7958984375,2
202,3,1324.5,70.6875,1339.5,100.3125,0.67724609375,2
202,4,1350.0,58.125,1365.0,82.875,0.640625,2
202,5,1573.5,63.75,1597.5,103.875,0.47265625,2
202,6,1767.0,500.25,1881.0,624.75,0.4619140625,2
202,7,1551.0,23.71875,1584.0,56.15625,0.422607421875,1
202,8,1690.5,489.0,1771.5,579.75,0.416748046875,2
202,9,1210.5,120.1875,1231.5,159.1875,0.3486328125,2
202,10,979.5,128.625,1033.5,171.375,0.25537109375,2
203,0,50.4375,881.25,188.8125,1058.25,0.880859375,2
203,1,645.75,529.875,713.25,652.125,0.85595703125,2
203,2,58.03125,607.5,119.71875,724.5,0.79443359375,2
203,3,1324.5,70.6875,1339.5,100.3125,0.67919921875,2
203,4,1350.0,58.171875,1365.0,82.875,0.640625,2
203,5,1573.5,63.9375,1597.5,103.875,0.466796875,2
203,6,1767.0,501.0,1881.0,624.75,0.4638671875,2
203,7,1551.0,23.625,1584.0,56.0625,0.42822265625,1
203,8,1690.5,489.0,1771.5,579.75,0.4091796875,2
203,9,1210.5,120.1875,1231.5,159.1875,0.350341796875,2
203,10,979.5,128.8125,1033.5,171.1875,0.254638671875,2
204,0,20.8125,900.0,163.5,1077.0,0.89892578125,2
204,1,43.875,615.75,115.78125,735.75,0.830078125,2
204,2,632.25,549.0,699.75,665.25,0.7607421875,2
204,3,1320.0,71.8125,1338.0,101.4375,0.6806640625,2
204,4,1350.0,57.984375,1365.0,82.6875,0.67724609375,2
204,5,1767.0,507.0,1881.0,625.5,0.4765625,2
204,6,1209.0,122.0625,1230.0,160.3125,0.474609375,2
204,7,1573.5,64.03125,1597.5,103.78125,0.462890625,2
204,8,1551.0,23.71875,1584.0,56.0625,0.43408203125,1
204,9,1690.5,489.0,1771.5,579.75,0.37744140625,2
204,10,1203.0,114.9375,1230.0,160.125,0.306640625,2
205,0,1.125,912.0,139.3125,1077.0,0.86865234375,2
205,1,624.375,551.25,697.875,674.25,0.85986328125,2
205,2,38.53125,621.0,110.90625,741.0,0.76611328125,2
205,3,1319.25,73.03125,1337.25,103.03125,0.6826171875,2
205,4,1350.75,58.125,1365.75,83.25,0.673828125,2
205,5,1210.5,120.375,1231.5,159.75,0.484375,2
205,6,1767.0,502.125,1881.0,624.375,0.4833984375,2
205,7,1573.5,64.125,1597.5,103.875,0.45703125,2
205,8,1551.0,23.71875,1584.0,56.0625,0.439697265625,1
205,9,1690.5,489.0,1771.5,579.75,0.3701171875,2
206,0,0.84375,912.0,140.625,1077.0,0.87158203125,2
206,1,624.375,551.25,697.875,674.25,0.85888671875,2
206,2,38.53125,621.0,111.0,741.0,0.76611328125,2
206,3,1320.0,73.125,1338.0,102.9375,0.6826171875,2
206,4,1350.75,58.171875,1365.75,83.25,0.67236328125,2
206,5,1210.5,120.5625,1231.5,159.75,0.482421875,2
206,6,1767.0,501.75,1881.0,624.75,0.4765625,2
206,7,1573.5,64.125,1597.5,103.875,0.453369140625,2
206,8,1551.0,23.71875,1584.0,55.96875,0.445556640625,1
206,9,1690.5,489.0,1771.5,579.75,0.37939453125,2
207,0,2.4375,924.0,129.0,1080.0,0.85107421875,2
207,1,621.0,560.25,692.25,685.5,0.8408203125,2
207,2,35.0625,626.25,106.125,746.25,0.81298828125,2
207,3,1320.0,73.6875,1336.5,102.75,0.68408203125,2
207,4,1350.0,58.5,1365.0,83.0625,0.63720703125,2
207,5,1551.0,23.8125,1584.0,55.96875,0.455078125,1
207,6,1203.0,119.8125,1230.0,159.9375,0.447509765625,2
207,7,1573.5,64.40625,1597.5,103.78125,0.445556640625,2
207,8,1767.0,498.75,1881.0,624.75,0.4130859375,2
207,9,1197.75,112.125,1230.75,159.0,0.34521484375,2
207,10,1690.5,489.0,1771.5,579.75,0.33642578125,2
207,11,0.09375,924.75,83.71875,1079.25,0.33642578125,2
207,12,1188.75,103.21875,1229.25,151.78125,0.318359375,2
207,13,1389.0,30.5625,1404.0,52.6875,0.2568359375,2
207,14,1495.5,9.1875,1507.5,28.59375,0.25244140625,2
208,0,0.0,926.25,109.96875,1079.25,0.8427734375,2
208,1,611.25,571.5,675.75,695.25,0.79443359375,2
208,2,29.0625,630.0,101.625,753.0,0.73876953125,2
208,3,1320.0,74.4375,1335.0,102.5625,0.67236328125,2
208,4,1348.5,59.015625,1363.5,82.6875,0.6259765625,2
208,5,1204.5,124.5,1228.5,161.625,0.56591796875,2
208,6,1551.0,23.90625,1584.0,55.96875,0.45703125,1
208,7,1573.5,64.6875,1597.5,103.6875,0.443603515625,2
208,8,1767.0,501.0,1887.0,625.5,0.37841796875,2
208,9,1690.5,488.625,1771.5,579.375,0.329345703125,2
208,10,1387.5,31.21875,1404.0,52.96875,0.312255859375,2
208,11,1495.5,9.28125,1507.5,28.5,0.2705078125,2
209,0,0.09375,926.25,109.96875,1079.25,0.8427734375,2
209,1,611.25,571.5,675.75,695.25,0.79443359375,2
209,2,31.4765625,630.0,100.875,753.0,0.74169921875,2
209,3,1320.0,74.4375,1335.0,102.5625,0.67041015625,2
209,4,1348.5,58.96875,1363.5,82.78125,0.6259765625,2
209,5,1204.5,124.5,1228.5,161.625,0.56591796875,2
209,6,1551.0,23.859375,1584.0,55.921875,0.455078125,1
209,7,1573.5,64.6875,1597.5,103.6875,0.443603515625,2
209,8,1765.5,498.0,1882.5,624.0,0.376708984375,2
209,9,1690.5,489.0,1771.5,579.0,0.325927734375,2
209,10,1387.5,31.171875,1404.0,53.015625,0.313232421875,2
209,11,1495.5,9.234375,1507.5,28.453125,0.272705078125,2
210,0,593.625,585.75,670.125,713.25,0.83642578125,2
210,1,19.1015625,642.75,93.1875,765.75,0.7841796875,2
210,2,1316.25,74.71875,1332.75,103.78125,0.69091796875,2
210,3,1200.75,123.5625,1226.25,162.5625,0.59619140625,2
210,4,1348.5,59.53125,1363.5,82.40625,0.5908203125,2
210,5,0.0,951.75,79.96875,1077.75,0.544921875,2
210,6,1551.0,24.234375,1584.0,55.921875,0.441650390625,1
210,7,1573.5,65.53125,1597.5,103.78125,0.43408203125,2
210,8,1387.5,31.40625,1404.0,53.15625,0.388671875,2
210,9,1765.5,502.5,1885.5,625.5,0.3115234375,2
210,10,1690.5,489.375,1771.5,579.375,0.303955078125,2
210,11,1495.5,9.375,1507.5,28.125,0.26123046875,2
211,0,584.25,595.5,659.25,724.5,0.86328125,2
211,1,13.265625,647.25,85.921875,773.25,0.8447265625,2
211,2,1315.5,76.5,1333.5,104.25,0.6943359375,2
211,3,1345.5,60.75,1363.5,84.75,0.56591796875,2
211,4,1199.25,123.375,1226.25,162.375,0.55810546875,2
211,5,1551.0,24.0,1584.0,55.875,0.441650390625,1
211,6,1573.5,65.25,1597.5,103.875,0.43017578125,2
211,7,1387.5,31.3125,1404.0,53.15625,0.368408203125,2
211,8,1690.5,489.0,1771.5,579.0,0.310791015625,2
211,9,1767.0,505.125,1884.0,625.875,0.2705078125,2
211,10,1195.5,109.5,1228.5,158.0625,0.265869140625,2
211,11,1495.5,9.3515625,1507.5,28.125,0.253173828125,2
212,0,584.25,595.5,659.25,724.5,0.86328125,2
212,1,13.21875,647.25,86.0625,773.25,0.84716796875,2
212,2,1315.5,76.5,1333.5,104.25,0.6943359375,2
212,3,1345.5,60.75,1363.5,84.75,0.56591796875,2
212,4,1199.25,123.1875,1226.25,162.375,0.55810546875,2
212,5,1551.0,24.0,1584.0,55.875,0.441650390625,1
212,6,1573.5,65.25,1597.5,103.875,0.43212890625,2
212,7,1387.5,31.265625,1404.0,53.109375,0.3701171875,2
212,8,1690.5,489.0,1771.5,579.0,0.307373046875,2
212,9,1767.0,504.75,1884.0,626.25,0.26904296875,2
212,10,1195.5,109.3125,1228.5,158.0625,0.265869140625,2
212,11,1495.5,9.328125,1507.5,28.078125,0.253173828125,2
213,0,579.0,607.5,648.0,736.5,0.88232421875,2
213,1,12.84375,650.25,80.625,780.75,0.8408203125,2
213,2,1314.0,76.6875,1332.0,105.375,0.69580078125,2
213,3,1344.75,60.75,1362.75,85.125,0.57373046875,2
213,4,1197.0,123.1875,1224.0,162.375,0.57177734375,2
213,5,1573.5,65.0625,1597.5,103.875,0.437744140625,2
213,6,1551.0,24.234375,1584.0,55.921875,0.42626953125,1
213,7,1386.0,31.21875,1404.0,53.53125,0.405517578125,2
213,8,1690.5,489.375,1771.5,579.375,0.30908203125,2
213,9,1767.0,505.5,1881.0,625.5,0.277587890625,2
214,0,7.125,657.75,77.203125,786.75,0.83544921875,2
214,1,566.25,611.25,644.25,745.5,0.806640625,2
214,2,1314.0,77.15625,1332.0,106.21875,0.69921875,2
214,3,1345.5,60.46875,1360.5,85.03125,0.55078125,2
214,4,1197.75,124.875,1224.75,162.0,0.521484375,2
214,5,1573.5,64.875,1597.5,103.875,0.437744140625,2
214,6,1551.0,24.375,1584.0,55.875,0.422607421875,1
214,7,1386.0,31.3125,1404.0,53.625,0.381103515625,2
214,8,1690.5,489.375,1771.5,579.375,0.267333984375,2
214,9,1764.0,503.25,1884.0,626.25,0.26123046875,2
214,10,650.625,660.75,669.375,684.0,0.2509765625,2
215,0,7.171875,657.75,77.25,786.75,0.83642578125,2
215,1,566.25,611.25,644.25,745.5,0.806640625,2
215,2,1314.0,77.15625,1332.0,106.21875,0.70068359375,2
215,3,1345.5,60.5625,1360.5,84.9375,0.552734375,2
215,4,1197.75,124.875,1224.75,162.0,0.521484375,2
215,5,1573.5,64.875,1597.5,103.875,0.43408203125,2
215,6,1551.0,24.421875,1584.0,55.921875,0.422607421875,1
215,7,1386.0,31.3125,1404.0,53.53125,0.381103515625,2
215,8,1690.5,489.375,1771.5,579.375,0.26904296875,2
215,9,1764.0,504.0,1884.0,625.5,0.263671875,2
216,0,546.75,632.25,628.5,767.25,0.82763671875,2
216,1,0.46875,673.5,68.0625,801.0,0.77978515625,2
216,2,1312.5,76.5,1332.0,105.375,0.67919921875,2
216,3,1196.25,126.9375,1218.75,163.6875,0.52734375,2
216,4,1344.0,60.9375,1359.0,84.5625,0.501953125,2
216,5,1573.5,65.0625,1597.5,103.875,0.443603515625,2
216,6,1551.0,24.75,1584.0,55.875,0.4130859375,1
216,7,1386.0,31.96875,1404.0,53.90625,0.3720703125,2
216,8,1578.0,732.0,1656.0,856.5,0.338134765625,2
216,9,1767.0,498.75,1878.0,624.75,0.323486328125,2
216,10,1689.0,489.75,1773.0,579.75,0.307373046875,2
217,0,539.25,645.75,609.75,780.75,0.830078125,2
217,1,0.375,678.75,61.59375,804.75,0.6669921875,2
217,2,1311.0,77.0625,1332.0,105.5625,0.64599609375,2
217,3,1193.25,128.625,1214.25,165.0,0.56201171875,2
217,4,1342.5,60.9375,1357.5,84.1875,0.458984375,2
217,5,1573.5,65.4375,1597.5,103.6875,0.43408203125,2
217,6,1551.0,24.9375,1584.0,55.96875,0.416748046875,1
217,7,1386.0,31.96875,1404.0,53.90625,0.3486328125,2
217,8,1575.0,730.5,1659.0,856.5,0.31494140625,2
217,9,1767.0,499.5,1878.0,624.75,0.281494140625,2
217,10,1689.0,489.75,1773.0,579.75,0.259033203125,2
218,0,539.25,645.75,609.75,780.75,0.8291015625,2
218,1,0.375,678.75,61.59375,804.75,0.6669921875,2
218,2,1311.0,77.0625,1332.0,105.5625,0.64404296875,2
218,3,1193.25,128.625,1214.25,165.0,0.56396484375,2
218,4,1342.5,60.9375,1357.5,84.1875,0.458984375,2
218,5,1573.5,65.4375,1597.5,103.6875,0.43408203125,2
218,6,1551.0,25.03125,1584.0,55.96875,0.414794921875,1
218,7,1386.0,31.96875,1404.0,53.90625,0.346923828125,2
218,8,1575.0,730.5,1659.0,856.5,0.30322265625,2
218,9,1767.0,499.5,1878.0,624.75,0.282958984375,2
218,10,1689.0,489.75,1773.0,579.75,0.2568359375,2
219,0,528.0,653.25,601.5,791.25,0.86865234375,2
219,1,0.0,681.75,56.71875,807.75,0.64404296875,2
219,2,1311.0,78.65625,1332.0,106.21875,0.62060546875,2
219,3,1191.75,92.625,1232.25,135.5625,0.55078125,1
219,4,1192.5,130.6875,1213.5,165.375,0.525390625,2
219,5,1312.5,78.9375,1327.5,107.0625,0.4775390625,2
219,6,1341.75,61.875,1356.75,84.375,0.439697265625,2
219,7,1576.5,730.5,1657.5,855.0,0.42431640625,2
219,8,1551.0,25.40625,1584.0,55.96875,0.418701171875,1
219,9,1573.5,66.09375,1597.5,103.78125,0.4130859375,2
219,10,1689.0,490.5,1773.0,579.0,0.287841796875,2
219,11,1767.0,498.75,1875.0,624.75,0.282958984375,2
219,12,1386.0,33.0,1404.0,54.0,0.2705078125,2
220,0,513.75,662.625,603.75,804.0,0.83984375,2
220,1,0.09375,688.5,52.3125,810.0,0.6259765625,2
220,2,1311.0,79.5,1332.0,106.3125,0.61669921875,2
220,3,1192.5,93.9375,1231.5,135.9375,0.56201171875,1
220,4,1575.0,729.375,1659.0,855.0,0.43017578125,2
220,5,1551.0,25.5,1584.0,55.96875,0.42431640625,1
220,6,1573.5,66.5625,1597.5,103.6875,0.401611328125,2
220,7,1340.25,63.0,1356.75,85.125,0.392333984375,2
220,8,1191.0,130.875,1212.0,166.6875,0.34521484375,2
220,9,1767.0,493.5,1881.0,624.75,0.294921875,2
220,10,1692.0,490.5,1770.0,579.0,0.251708984375,2
221,0,513.75,662.625,603.75,804.0,0.84375,2
221,1,0.140625,688.5,52.21875,810.0,0.6259765625,2
221,2,1311.0,79.5,1332.0,106.3125,0.615234375,2
221,3,1192.5,93.9375,1231.5,135.9375,0.5546875,1
221,4,1575.0,729.0,1659.0,855.0,0.453369140625,2
221,5,1551.0,25.40625,1584.0,55.96875,0.42626953125,1
221,6,1573.5,66.5625,1597.5,103.6875,0.401611328125,2
221,7,1340.25,63.0,1356.75,85.125,0.392333984375,2
221,8,1191.0,130.875,1212.0,166.6875,0.346923828125,2
221,9,1767.0,492.75,1881.0,624.75,0.286865234375,2
221,10,1692.0,490.5,1770.0,579.0,0.26123046875,2
222,0,485.625,687.0,570.375,829.5,0.79931640625,2
222,1,1191.0,93.75,1231.5,136.875,0.6806640625,1
222,2,1308.0,81.1875,1326.0,108.375,0.57177734375,2
222,3,0.09375,701.625,36.75,813.0,0.462890625,2
222,4,1551.0,25.3125,1584.0,55.875,0.449462890625,1
222,5,1311.0,81.65625,1332.0,108.09375,0.42431640625,2
222,6,1338.0,65.0625,1356.0,86.0625,0.4130859375,2
222,7,1573.5,66.75,1597.5,103.5,0.39794921875,2
222,8,1575.0,730.5,1656.0,855.0,0.373779296875,2
222,9,1767.0,495.75,1881.0,624.75,0.296630859375,2
222,10,1386.0,33.65625,1404.0,53.71875,0.251708984375,2
223,0,474.0,692.25,561.0,842.25,0.81884765625,2
223,1,1191.0,95.34375,1230.0,136.96875,0.7041015625,1
223,2,1308.0,81.0,1326.0,108.75,0.70068359375,2
223,3,1551.0,25.21875,1584.0,55.78125,0.447509765625,1
223,4,1338.0,65.0625,1356.0,86.4375,0.447509765625,2
223,5,0.09375,712.875,26.859375,823.5,0.4130859375,2
223,6,1573.5,66.5625,1597.5,103.6875,0.405517578125,2
223,7,1765.5,497.25,1879.5,625.5,0.34326171875,2
223,8,1575.0,730.5,1653.0,855.0,0.341552734375,2
223,9,1386.0,33.1875,1404.0,53.4375,0.276611328125,2
223,10,1689.0,490.5,1770.0,579.0,0.26904296875,2
223,11,0.0,718.5,21.046875,838.5,0.25830078125,2
224,0,473.625,692.25,559.875,842.25,0.81884765625,2
224,1,1308.0,81.0,1326.0,108.75,0.70068359375,2
224,2,1191.0,95.53125,1230.0,136.96875,0.69775390625,1
224,3,1551.0,25.21875,1584.0,55.78125,0.449462890625,1
224,4,1338.0,64.96875,1356.0,86.34375,0.449462890625,2
224,5,0.0,713.25,26.90625,822.75,0.416748046875,2
224,6,1573.5,66.75,1597.5,103.6875,0.4072265625,2
224,7,1765.5,497.25,1879.5,625.5,0.34423828125,2
224,8,1575.0,730.5,1653.0,855.0,0.34326171875,2
224,9,1386.0,33.1875,1404.0,53.53125,0.277587890625,2
224,10,1689.0,490.5,1770.0,579.0,0.269775390625,2
224,11,0.0,718.125,20.61328125,835.5,0.262939453125,2
225,0,454.875,705.0,565.125,858.0,0.81298828125,2
225,1,1308.0,82.125,1324.5,110.625,0.716796875,2
225,2,1191.0,94.875,1230.0,136.5,0.69775390625,1
225,3,1551.0,25.21875,1584.0,55.78125,0.4609375,1
225,4,1338.0,64.6875,1356.0,86.0625,0.43408203125,2
225,5,1573.5,66.9375,1597.5,103.6875,0.405517578125,2
225,6,1575.0,729.75,1653.0,849.75,0.392333984375,2
225,7,1765.5,495.75,1879.5,626.25,0.33544921875,2
225,8,1689.0,490.5,1770.0,579.0,0.26513671875,2
225,9,1386.0,33.1875,1404.0,53.4375,0.259765625,2
226,0,443.625,715.125,528.375,871.5,0.81982421875,2
226,1,1308.0,83.0625,1324.5,112.125,0.7431640625,2
226,2,1192.5,95.8125,1228.5,137.0625,0.57177734375,1
226,3,1551.0,25.03125,1584.0,55.78125,0.4609375,1
226,4,1336.5,64.5,1356.0,86.25,0.43017578125,2
226,5,1573.5,66.5625,1597.5,103.6875,0.405517578125,2
226,6,1764.0,493.5,1884.0,625.5,0.33203125,2
226,7,1689.0,489.0,1770.0,579.0,0.319091796875,2
226,8,1192.5,97.125,1230.0,136.125,0.264404296875,2
227,0,443.625,715.125,528.375,871.5,0.82080078125,2
227,1,1308.0,83.0625,1324.5,112.125,0.74462890625,2
227,2,1192.5,95.8125,1228.5,137.0625,0.56591796875,1
227,3,1551.0,24.84375,1584.0,55.78125,0.46484375,1
227,4,1336.5,64.5,1356.0,86.25,0.43017578125,2
227,5,1573.5,66.5625,1597.5,103.6875,0.403564453125,2
227,6,1764.0,493.125,1884.0,625.875,0.329345703125,2
227,7,1692.0,489.0,1770.0,579.0,0.32080078125,2
227,8,1192.5,97.125,1230.0,136.125,0.2705078125,2
228,0,1307.25,82.78125,1322.25,112.21875,0.732421875,2
228,1,408.0,735.75,498.75,902.25,0.673828125,2
228,2,1567.5,727.5,1648.5,846.0,0.66015625,2
228,3,1551.0,24.65625,1584.0,55.59375,0.46875,1
228,4,1764.0,490.5,1890.0,626.25,0.412109375,2
228,5,1573.5,66.375,1597.5,103.6875,0.405517578125,2
228,6,1336.5,65.8125,1356.0,87.375,0.39794921875,2
228,7,1192.5,101.0625,1228.5,137.8125,0.363037109375,1
228,8,1181.25,136.5,1200.75,171.75,0.352294921875,2
228,9,1689.0,489.0,1770.0,579.0,0.33984375,2
228,10,1498.5,8.0859375,1510.5,26.625,0.2783203125,2
229,0,391.5,750.0,519.0,918.0,0.80322265625,2
229,1,1306.5,85.5,1318.5,114.1875,0.75048828125,2
229,2,1566.0,726.375,1650.0,846.0,0.6318359375,2
229,3,1551.0,24.65625,1584.0,55.59375,0.482421875,1
229,4,1573.5,66.84375,1597.5,103.59375,0.39599609375,2
229,5,1764.0,492.75,1890.0,626.25,0.391357421875,2
229,6,1180.5,136.875,1201.5,171.375,0.388671875,2
229,7,1336.5,67.125,1356.0,89.0625,0.36669921875,2
229,8,1689.0,489.0,1770.0,579.0,0.325927734375,2
229,9,1192.5,102.65625,1228.5,137.90625,0.31494140625,2
229,10,1499.25,8.109375,1511.25,26.578125,0.287841796875,2
229,11,393.0,751.5,474.75,916.5,0.257568359375,2
230,0,391.5,750.0,519.0,918.0,0.8017578125,2
230,1,1306.5,85.6875,1318.5,114.1875,0.75048828125,2
230,2,1566.0,726.375,1650.0,846.0,0.6298828125,2
230,3,393.75,748.5,483.75,916.5,0.546875,2
230,4,1551.0,24.65625,1584.0,55.5,0.484375,1
230,5,1764.0,492.75,1890.0,626.25,0.39501953125,2
230,6,1573.5,66.9375,1597.5,103.6875,0.392333984375,2
230,7,1180.5,136.875,1201.5,171.375,0.390380859375,2
230,8,1336.5,67.125,1356.0,89.0625,0.36669921875,2
230,9,1689.0,489.0,1770.0,579.0,0.32763671875,2
230,10,1192.5,102.75,1228.5,138.0,0.30908203125,2
230,11,1499.25,7.9453125,1511.25,26.53125,0.296630859375,2
231,0,376.5,763.5,489.0,934.5,0.767578125,2
231,1,1303.5,84.84375,1318.5,113.71875,0.75048828125,2
231,2,1563.0,727.5,1647.0,847.5,0.59814453125,2
231,3,1554.0,24.65625,1584.0,55.5,0.48046875,1
231,4,1191.0,103.3125,1227.0,137.8125,0.470703125,2
231,5,1573.5,66.75,1597.5,103.6875,0.39990234375,2
231,6,1765.5,493.875,1891.5,625.875,0.39697265625,2
231,7,1499.25,7.875,1511.25,26.53125,0.29345703125,2
231,8,1335.0,67.59375,1356.0,90.46875,0.287841796875,2
231,9,1689.0,489.0,1770.0,579.0,0.282958984375,2
232,0,1303.5,86.625,1317.0,114.9375,0.76220703125,2
232,1,1563.0,728.25,1647.0,845.25,0.7373046875,2
232,2,358.3125,774.0,477.0,951.0,0.73095703125,2
232,3,1554.0,24.5625,1584.0,55.5,0.486328125,1
232,4,1573.5,66.75,1597.5,103.5,0.39794921875,2
232,5,1765.5,492.75,1891.5,626.25,0.32421875,2
232,6,1499.25,8.0625,1511.25,26.625,0.28857421875,2
232,7,1689.0,489.0,1770.0,579.0,0.2861328125,2
232,8,1176.75,135.5625,1194.75,173.8125,0.28466796875,2
232,9,1191.0,99.09375,1227.0,138.09375,0.275146484375,1
232,10,1335.0,68.25,1356.0,90.75,0.2666015625,2
233,0,1303.5,86.625,1317.0,114.75,0.76220703125,2
233,1,1563.0,728.25,1647.0,845.25,0.73388671875,2
233,2,358.5,774.0,475.5,951.0,0.7294921875,2
233,3,1554.0,24.5625,1584.0,55.5,0.48828125,1
233,4,1573.5,66.75,1597.5,103.5,0.39599609375,2
233,5,1765.5,492.75,1891.5,626.25,0.325927734375,2
233,6,1499.25,7.96875,1511.25,26.625,0.287841796875,2
233,7,1689.0,489.0,1770.0,579.0,0.286865234375,2
233,8,1176.75,135.5625,1194.75,173.8125,0.285400390625,2
233,9,1191.0,99.0,1227.0,138.0,0.276611328125,1
233,10,1335.0,68.34375,1356.0,91.03125,0.265869140625,2
234,0,318.0,801.75,422.25,986.25,0.77197265625,2
234,1,1300.5,86.15625,1315.5,115.59375,0.7607421875,2
234,2,1555.5,724.5,1642.5,844.5,0.6826171875,2
234,3,1176.0,139.875,1194.0,174.375,0.56982421875,2
234,4,1188.75,98.0625,1227.75,138.1875,0.48046875,1
234,5,1554.0,24.5625,1584.0,55.5,0.478515625,1
234,6,1573.5,66.9375,1597.5,103.6875,0.401611328125,2
234,7,1332.0,65.53125,1347.0,89.71875,0.373779296875,2
234,8,1765.5,490.5,1891.5,625.5,0.34423828125,2
234,9,1689.0,489.0,1770.0,579.0,0.30322265625,2
234,10,1499.25,7.6171875,1512.75,26.34375,0.250244140625,2
235,0,294.75,817.5,424.875,1006.5,0.7744140625,2
235,1,1300.5,88.875,1315.5,118.125,0.6826171875,2
235,2,1551.0,720.75,1641.0,843.75,0.64599609375,2
235,3,1188.75,97.125,1227.75,138.0,0.541015625,1
235,4,1174.5,140.0625,1194.0,174.5625,0.521484375,2
235,5,1554.0,24.65625,1584.0,55.59375,0.46875,1
235,6,1332.0,66.1875,1347.0,90.375,0.4072265625,2
235,7,1573.5,66.375,1597.5,103.6875,0.4072265625,2
235,8,1767.0,488.25,1896.0,626.25,0.34423828125,2
235,9,1689.0,489.0,1770.0,579.0,0.30908203125,2
235,10,1498.5,7.359375,1513.5,26.390625,0.250244140625,2
236,0,295.125,817.5,424.875,1006.5,0.77734375,2
236,1,1299.0,88.6875,1315.5,118.125,0.68408203125,2
236,2,1551.0,720.75,1641.0,843.75,0.673828125,2
236,3,1174.5,140.0625,1194.0,174.5625,0.52734375,2
236,4,1188.75,97.125,1227.75,138.0,0.521484375,1
236,5,1554.0,24.65625,1584.0,55.59375,0.466796875,1
236,6,1332.0,66.0,1347.0,90.375,0.4130859375,2
236,7,1573.5,66.46875,1597.5,103.78125,0.4072265625,2
236,8,1767.0,489.75,1893.0,626.25,0.36572265625,2
236,9,1689.0,489.0,1770.0,579.0,0.28466796875,2
237,0,1545.0,720.0,1635.0,841.5,0.751953125,2
237,1,274.875,835.5,373.875,1024.5,0.73388671875,2
237,2,1297.5,88.40625,1314.0,117.46875,0.69921875,2
237,3,1188.75,95.0625,1227.75,137.4375,0.61865234375,1
237,4,1174.5,137.25,1192.5,174.375,0.56005859375,2
237,5,1554.0,24.84375,1584.0,55.40625,0.513671875,1
237,6,1332.0,66.28125,1347.0,90.84375,0.490234375,2
237,7,1573.5,67.6875,1597.5,103.6875,0.482421875,2
237,8,1767.0,491.25,1890.0,625.5,0.33203125,2
237,9,1498.5,7.5703125,1513.5,26.34375,0.32763671875,2
238,0,254.625,852.0,348.375,1047.0,0.80810546875,2
238,1,1296.0,88.125,1314.0,116.4375,0.73388671875,2
238,2,1542.0,719.25,1632.0,837.75,0.69580078125,2
238,3,1188.0,96.75,1227.0,137.8125,0.6689453125,1
238,4,1173.0,138.375,1191.0,175.875,0.60009765625,2
238,5,1554.0,24.84375,1584.0,55.40625,0.51953125,1
238,6,1332.0,66.0,1347.0,91.125,0.498046875,2
238,7,252.75,852.0,393.375,1047.0,0.48828125,2
238,8,1573.5,67.6875,1597.5,103.6875,0.466796875,2
238,9,1767.0,490.5,1884.0,625.5,0.338134765625,2
238,10,1500.0,7.265625,1513.5,26.109375,0.316650390625,2
239,0,254.625,852.0,347.625,1047.0,0.8115234375,2
239,1,1296.0,88.125,1314.0,116.4375,0.73388671875,2
239,2,1542.0,719.25,1632.0,837.75,0.689453125,2
239,3,1188.0,96.9375,1227.0,137.8125,0.67041015625,1
239,4,1173.0,138.375,1191.0,175.875,0.60009765625,2
239,5,1554.0,24.9375,1584.0,55.5,0.51953125,1
239,6,1332.0,66.0,1347.0,91.125,0.49609375,2
239,7,1573.5,67.6875,1597.5,103.6875,0.46484375,2
239,8,252.75,852.0,393.0,1047.0,0.4638671875,2
239,9,1767.0,490.875,1884.0,625.875,0.33642578125,2
239,10,1500.0,7.265625,1513.5,26.109375,0.316650390625,2
240,0,207.0,883.5,352.5,1078.5,0.8154296875,2
240,1,1186.5,96.9375,1228.5,138.1875,0.6943359375,1
240,2,1533.0,715.5,1629.0,835.5,0.6689453125,2
240,3,1331.25,67.875,1346.25,93.75,0.63330078125,2
240,4,1173.0,140.8125,1191.0,177.9375,0.5849609375,2
240,5,1294.5,90.5625,1312.5,119.4375,0.57958984375,2
240,6,1554.0,24.75,1584.0,55.5,0.533203125,1
240,7,1573.5,68.25,1597.5,103.875,0.470703125,2
240,8,1768.5,489.0,1891.5,625.5,0.444580078125,2
240,9,1500.0,6.796875,1515.0,25.828125,0.301513671875,2
241,0,183.5625,900.0,333.1875,1080.0,0.87890625,2
241,1,1186.5,96.09375,1228.5,138.46875,0.7373046875,1
241,2,1331.25,67.3125,1346.25,93.5625,0.642578125,2
241,3,1527.0,714.0,1629.0,832.5,0.60595703125,2
241,4,1170.75,139.40625,1190.25,178.5,0.57958984375,2
241,5,1293.75,90.1875,1310.25,119.4375,0.548828125,2
241,6,1554.0,24.703125,1584.0,55.546875,0.53515625,1
241,7,1767.0,487.5,1887.0,625.5,0.494140625,2
241,8,1573.5,68.15625,1597.5,103.78125,0.46875,2
241,9,1500.0,6.4453125,1515.0,25.59375,0.294189453125,2
242,0,183.5625,900.0,333.1875,1080.0,0.87890625,2
242,1,1186.5,96.09375,1228.5,138.46875,0.7373046875,1
242,2,1331.25,67.3125,1346.25,93.5625,0.64404296875,2
242,3,1527.0,714.0,1629.0,832.5,0.60595703125,2
242,4,1170.75,139.40625,1190.25,178.5,0.57958984375,2
242,5,1293.75,90.1875,1310.25,119.4375,0.548828125,2
242,6,1554.0,24.703125,1584.0,55.546875,0.537109375,1
242,7,1767.0,487.5,1887.0,625.5,0.4951171875,2
242,8,1573.5,68.15625,1597.5,103.78125,0.466796875,2
242,9,1500.0,6.515625,1515.0,25.640625,0.2958984375,2
243,0,158.15625,918.0,303.0,1080.0,0.85595703125,2
243,1,1186.5,96.0,1228.5,138.375,0.7548828125,1
243,2,1524.75,709.125,1626.0,829.5,0.67578125,2
243,3,1330.5,67.875,1345.5,93.9375,0.615234375,2
243,4,1167.75,141.09375,1188.75,179.25,0.57568359375,2
243,5,1767.0,478.5,1908.0,625.5,0.56787109375,2
243,6,1554.0,24.375,1584.0,55.5,0.53125,1
243,7,1293.75,91.3125,1308.75,120.1875,0.505859375,2
243,8,1573.5,67.125,1597.5,103.5,0.470703125,2
243,9,1528.5,775.5,1624.5,832.5,0.401611328125,2
243,10,1500.0,6.1875,1515.0,25.59375,0.294921875,2
243,11,1689.0,483.75,1767.0,579.0,0.2568359375,2
244,0,127.875,937.5,284.25,1078.5,0.82763671875,2
244,1,1185.75,98.25,1227.75,138.9375,0.689453125,1
244,2,1330.5,67.875,1345.5,94.125,0.61669921875,2
244,3,1764.0,477.75,1908.0,624.75,0.60302734375,2
244,4,1518.75,706.5,1620.0,828.0,0.60205078125,2
244,5,1290.75,93.9375,1308.75,120.9375,0.53515625,2
244,6,1167.75,141.1875,1188.75,178.6875,0.53515625,2
244,7,1554.0,24.5625,1584.0,55.6875,0.521484375,1
244,8,1573.5,67.125,1597.5,103.6875,0.474609375,2
244,9,1689.0,483.75,1767.0,579.0,0.341552734375,2
244,10,1500.0,6.375,1515.0,25.59375,0.29833984375,2
244,11,1164.0,142.6875,1185.0,179.8125,0.26513671875,2
245,0,127.59375,937.5,284.25,1078.5,0.82666015625,2
245,1,1185.75,98.25,1227.75,138.9375,0.689453125,1
245,2,1330.5,67.875,1345.5,94.125,0.61669921875,2
245,3,1518.75,706.5,1620.0,828.0,0.60205078125,2
245,4,1764.0,478.125,1908.0,625.125,0.60009765625,2
245,5,1167.75,141.375,1188.75,178.5,0.53515625,2
245,6,1290.75,93.9375,1308.75,120.9375,0.53125,2
245,7,1554.0,24.46875,1584.0,55.6875,0.521484375,1
245,8,1573.5,67.125,1597.5,103.6875,0.474609375,2
245,9,1689.0,483.75,1767.0,579.0,0.341552734375,2
245,10,1500.0,6.375,1515.0,25.59375,0.29736328125,2
245,11,1164.0,142.6875,1185.0,179.8125,0.264404296875,2
246,0,1511.25,701.625,1614.0,825.0,0.80078125,2
246,1,73.875,979.5,180.1875,1078.5,0.74169921875,2
246,2,1183.5,98.0625,1228.5,139.125,0.72802734375,1
246,3,1331.25,68.53125,1344.75,93.28125,0.6279296875,2
246,4,1767.0,481.5,1911.0,626.25,0.57861328125,2
246,5,1288.5,94.5,1308.0,121.6875,0.52734375,2
246,6,1554.0,24.796875,1584.0,55.734375,0.513671875,1
246,7,1164.0,142.3125,1185.0,183.1875,0.513671875,2
246,8,1573.5,67.78125,1597.5,103.59375,0.458984375,2
246,9,1689.0,483.0,1767.0,579.0,0.310791015625,2
246,10,1500.0,6.609375,1515.0,25.546875,0.29833984375,2
246,11,1332.0,72.0,1344.0,96.75,0.2509765625,2
247,0,1502.25,701.25,1605.0,824.25,0.8447265625,2
247,1,41.90625,1014.0,136.125,1080.0,0.80322265625,2
247,2,1183.5,98.625,1228.5,139.125,0.74169921875,1
247,3,1767.0,480.75,1908.0,626.25,0.591796875,2
247,4,1332.0,69.0,1344.0,94.125,0.5888671875,2
247,5,1554.0,24.5625,1584.0,55.78125,0.5234375,1
247,6,1162.5,143.8125,1183.5,184.6875,0.466796875,2
247,7,1573.5,67.21875,1597.5,103.59375,0.45703125,2
247,8,1287.0,93.5625,1308.0,121.3125,0.375732421875,2
247,9,1686.0,483.75,1770.0,579.0,0.355712890625,2
247,10,1160.25,135.9375,1182.75,176.0625,0.27197265625,2
247,11,1500.0,6.234375,1515.0,25.453125,0.25830078125,2
248,0,1502.25,701.25,1605.0,824.25,0.84375,2
248,1,42.0,1015.5,136.125,1080.0,0.80322265625,2
248,2,1183.5,98.625,1228.5,139.125,0.7431640625,1
248,3,1767.0,480.75,1908.0,626.25,0.5947265625,2
248,4,1332.0,69.09375,1344.0,94.03125,0.5869140625,2
248,5,1554.0,24.5625,1584.0,55.78125,0.5234375,1
248,6,1162.5,143.8125,1183.5,184.6875,0.46484375,2
248,7,1573.5,67.40625,1597.5,103.59375,0.451416015625,2
248,8,1287.0,93.5625,1308.0,121.3125,0.3701171875,2
248,9,1686.0,483.75,1770.0,579.0,0.355712890625,2
248,10,1160.25,135.75,1182.75,175.875,0.271240234375,2
248,11,1500.0,6.1875,1515.0,25.40625,0.25244140625,2
249,0,1495.5,700.5,1600.5,823.5,0.88232421875,2
249,1,1185.0,98.8125,1228.5,138.5625,0.74169921875,1
249,2,9.75,1023.0,120.9375,1077.0,0.6669921875,2
249,3,1552.5,24.75,1582.5,56.0625,0.53125,1
249,4,1331.25,69.9375,1343.25,94.6875,0.517578125,2
249,5,1162.5,145.21875,1182.0,184.875,0.4921875,2
249,6,1767.0,489.0,1905.0,626.25,0.46484375,2
249,7,1573.5,67.6875,1597.5,103.5,0.43408203125,2
249,8,1287.0,94.125,1308.0,121.875,0.36474609375,2
249,9,1687.5,484.5,1768.5,579.0,0.318359375,2
249,10,1284.0,94.875,1303.5,123.375,0.30322265625,2
250,0,1493.25,702.75,1596.0,822.75,0.8671875,2
250,1,1185.0,99.0,1228.5,138.75,0.7265625,1
250,2,36.9375,1048.5,95.625,1080.0,0.63525390625,2
250,3,1161.0,145.875,1182.0,187.125,0.541015625,2
250,4,1552.5,24.5625,1582.5,56.0625,0.5390625,1
250,5,1284.0,93.375,1302.0,124.125,0.46484375,2
250,6,1767.0,493.125,1893.0,625.875,0.462890625,2
250,7,1573.5,67.3125,1597.5,103.5,0.43408203125,2
250,8,1331.25,69.46875,1343.25,95.90625,0.416748046875,2
250,9,1687.5,484.5,1768.5,579.0,0.332763671875,2
250,10,1456.5,651.75,1495.5,786.75,0.32177734375,3
251,0,1493.25,702.375,1596.0,822.0,0.87158203125,2
251,1,1183.5,99.0,1228.5,138.75,0.72802734375,1
251,2,36.9375,1048.5,95.4375,1080.0,0.638671875,2
251,3,1161.0,145.875,1182.0,187.125,0.546875,2
251,4,1554.0,24.65625,1584.0,56.0625,0.5390625,1
251,5,1767.0,493.5,1893.0,625.5,0.46875,2
251,6,1284.0,93.375,1302.0,124.125,0.45703125,2
251,7,1573.5,67.3125,1597.5,103.5,0.43408203125,2
251,8,1331.25,69.5625,1343.25,95.8125,0.418701171875,2
251,9,1456.5,651.75,1495.5,786.0,0.342529296875,3
251,10,1687.5,484.5,1768.5,579.0,0.315673828125,2
252,0,1474.5,697.875,1585.5,817.5,0.861328125,2
252,1,1186.5,97.125,1228.5,138.5625,0.7265625,1
252,2,1156.5,148.125,1177.5,187.5,0.59814453125,2
252,3,1554.0,24.65625,1584.0,56.15625,0.537109375,1
252,4,1284.0,92.625,1300.5,126.0,0.533203125,2
252,5,1767.0,499.5,1887.0,625.5,0.5166015625,2
252,6,1329.0,70.21875,1342.5,96.28125,0.46484375,2
252,7,1573.5,67.21875,1597.5,103.59375,0.447509765625,2
252,8,2.4375,933.75,103.6875,1077.75,0.381103515625,3
253,0,1470.0,696.0,1576.5,816.0,0.85400390625,2
253,1,1185.0,97.3125,1230.0,138.5625,0.73876953125,1
253,2,1155.0,148.40625,1176.0,189.0,0.56396484375,2
253,3,1767.0,498.0,1887.0,625.5,0.5380859375,2
253,4,1551.0,24.65625,1584.0,56.15625,0.53515625,1
253,5,1283.25,91.875,1299.75,125.25,0.5234375,2
253,6,1328.25,70.59375,1341.75,96.65625,0.4609375,2
253,7,1573.5,67.125,1597.5,103.5,0.45703125,2
253,8,1687.5,484.5,1768.5,579.0,0.277587890625,2
254,0,1468.5,696.0,1576.5,816.0,0.85107421875,2
254,1,1185.0,97.5,1230.0,138.5625,0.73583984375,1
254,2,1155.0,148.3125,1176.0,189.1875,0.56005859375,2
254,3,1767.0,499.5,1887.0,625.5,0.552734375,2
254,4,1551.0,24.5625,1584.0,56.15625,0.53515625,1
254,5,1283.25,91.5,1299.75,125.25,0.521484375,2
254,6,1573.5,67.125,1597.5,103.5,0.458984375,2
254,7,1330.5,72.5625,1342.5,97.6875,0.455078125,2
254,8,1687.5,485.25,1768.5,579.0,0.277587890625,2
255,0,1461.0,687.75,1569.0,812.25,0.7705078125,2
255,1,1185.75,96.375,1229.25,138.375,0.7646484375,1
255,2,1281.0,95.25,1296.0,127.5,0.56591796875,2
255,3,1767.0,499.5,1887.0,625.5,0.5478515625,2
255,4,1155.0,147.0,1176.0,190.5,0.544921875,2
255,5,1551.0,24.5625,1584.0,56.25,0.5390625,1
255,6,1573.5,67.21875,1597.5,103.59375,0.449462890625,2
255,7,1328.25,70.875,1341.75,96.75,0.441650390625,2
255,8,1431.0,664.875,1570.5,811.5,0.361083984375,2
255,9,1687.5,486.0,1768.5,579.0,0.30078125,2
256,0,1186.5,94.59375,1230.0,137.71875,0.79833984375,1
256,1,1440.0,688.5,1563.0,810.0,0.75927734375,2
256,2,1153.5,151.5,1174.5,190.125,0.67724609375,2
256,3,1279.5,97.6875,1294.5,127.6875,0.57568359375,2
256,4,1551.0,24.75,1584.0,56.25,0.541015625,1
256,5,1767.0,499.125,1887.0,625.875,0.5087890625,2
256,6,1329.0,73.03125,1341.0,97.59375,0.455078125,2
256,7,1573.5,67.5,1597.5,103.5,0.443603515625,2
256,8,1687.5,486.0,1768.5,579.0,0.315673828125,2
257,0,1186.5,94.6875,1231.5,137.8125,0.7958984375,1
257,1,1438.5,688.5,1563.0,810.0,0.75341796875,2
257,2,1152.0,151.125,1174.5,190.125,0.67236328125,2
257,3,1279.5,97.59375,1294.5,127.78125,0.5888671875,2
257,4,1551.0,24.75,1584.0,56.25,0.54296875,1
257,5,1767.0,499.5,1884.0,625.5,0.525390625,2
257,6,1408.5,671.25,1564.5,809.25,0.5078125,2
257,7,1329.0,72.9375,1341.0,97.6875,0.46875,2
257,8,1573.5,67.03125,1597.5,103.59375,0.453369140625,2
257,9,1687.5,486.0,1768.5,579.0,0.303955078125,2
258,0,1384.5,671.25,1546.5,806.25,0.80419921875,2
258,1,1185.75,93.9375,1230.75,137.625,0.80078125,1
258,2,1149.75,152.8125,1172.25,191.8125,0.662109375,2
258,3,1431.0,690.375,1548.0,807.0,0.55810546875,2
258,4,1551.0,24.84375,1581.0,56.15625,0.54296875,1
258,5,1278.0,99.5625,1293.0,129.1875,0.5234375,2
258,6,1767.0,495.75,1887.0,626.25,0.501953125,2
258,7,1326.0,73.5,1339.5,97.875,0.490234375,2
258,8,1573.5,67.5,1597.5,103.5,0.435791015625,2
258,9,1687.5,486.375,1768.5,578.625,0.405517578125,2
259,0,1185.0,93.5625,1230.0,137.8125,0.78662109375,1
259,1,1387.5,687.0,1542.0,802.5,0.74755859375,2
259,2,1148.25,153.375,1170.75,193.125,0.642578125,2
259,3,1551.0,24.28125,1581.0,56.15625,0.544921875,1
259,4,1276.5,99.0,1291.5,129.375,0.52734375,2
259,5,1326.0,73.6875,1339.5,97.875,0.515625,2
259,6,1767.0,498.75,1884.0,626.25,0.450439453125,2
259,7,1573.5,67.40625,1597.5,103.40625,0.43017578125,2
259,8,1687.5,487.875,1768.5,578.625,0.3701171875,2
259,9,1380.0,38.109375,1398.0,55.546875,0.26123046875,2
260,0,1185.0,93.5625,1230.0,137.8125,0.78662109375,1
260,1,1392.0,687.0,1542.0,802.5,0.74609375,2
260,2,1148.25,153.5625,1170.75,193.3125,0.638671875,2
260,3,1551.0,24.328125,1581.0,56.203125,0.54296875,1
260,4,1276.5,98.90625,1291.5,129.28125,0.5390625,2
260,5,1326.0,73.5,1339.5,97.875,0.517578125,2
260,6,1573.5,67.3125,1597.5,103.3125,0.43408203125,2
260,7,1767.0,498.0,1884.0,626.25,0.43310546875,2
260,8,1687.5,488.25,1768.5,578.25,0.388671875,2
260,9,1380.0,38.0625,1398.0,55.5,0.262939453125,2
261,0,1360.5,637.5,1531.5,802.5,0.82666015625,2
261,1,1185.0,93.0,1230.0,138.0,0.77197265625,1
261,2,1144.5,153.5625,1168.5,194.4375,0.66552734375,2
261,3,1325.25,74.0625,1338.75,99.0,0.607421875,2
261,4,1687.5,487.5,1768.5,579.0,0.5947265625,2
261,5,1273.5,98.71875,1291.5,131.71875,0.5849609375,2
261,6,1551.0,23.8125,1584.0,56.25,0.5390625,1
261,7,1573.5,66.375,1597.5,103.5,0.445556640625,2
261,8,1368.0,684.0,1531.5,804.0,0.42822265625,2
261,9,1768.5,499.5,1885.5,625.5,0.421630859375,2
261,10,1380.0,37.125,1398.0,55.875,0.315673828125,2
262,0,1354.5,647.25,1521.0,801.75,0.88818359375,2
262,1,1185.0,92.8125,1231.5,138.1875,0.732421875,1
262,2,1143.0,151.96875,1167.0,193.125,0.6689453125,2
262,3,1324.5,73.875,1339.5,99.75,0.6533203125,2
262,4,1271.25,96.9375,1290.75,130.6875,0.63720703125,2
262,5,1687.5,487.875,1768.5,578.625,0.611328125,2
262,6,1551.0,23.765625,1584.0,56.296875,0.54296875,1
262,7,1573.5,66.375,1597.5,103.5,0.455078125,2
262,8,1768.5,483.0,1894.5,625.5,0.39599609375,2
262,9,1380.0,36.9375,1398.0,55.875,0.31494140625,2
262,10,1768.5,519.0,1882.5,626.25,0.2861328125,2
263,0,1354.5,647.25,1521.0,801.75,0.88818359375,2
263,1,1185.0,92.8125,1231.5,138.1875,0.7294921875,1
263,2,1143.0,152.25,1167.0,193.125,0.6689453125,2
263,3,1324.5,73.875,1339.5,99.5625,0.6533203125,2
263,4,1271.25,96.84375,1290.75,130.59375,0.638671875,2
263,5,1687.5,487.875,1768.5,578.625,0.61328125,2
263,6,1551.0,23.671875,1584.0,56.296875,0.541015625,1
263,7,1573.5,66.375,1597.5,103.5,0.455078125,2
263,8,1768.5,483.75,1894.5,625.5,0.394287109375,2
263,9,1380.0,36.9375,1398.0,55.875,0.319091796875,2
263,10,1768.5,519.0,1882.5,626.25,0.28857421875,2
264,0,1330.5,676.875,1501.5,802.5,0.83642578125,2
264,1,1185.0,92.625,1230.0,138.375,0.6875,1
264,2,1323.0,73.6875,1338.0,100.3125,0.66552734375,2
264,3,1266.0,98.0625,1287.0,135.5625,0.63330078125,2
264,4,1137.0,152.4375,1164.0,197.0625,0.61865234375,2
264,5,1551.0,23.0625,1584.0,56.25,0.533203125,1
264,6,1573.5,66.0,1597.5,103.6875,0.455078125,2
264,7,1375.5,687.375,1501.5,801.0,0.455078125,2
264,8,1689.0,489.375,1767.0,578.625,0.447509765625,2
264,9,1767.0,491.25,1899.0,625.5,0.351318359375,2
264,10,1380.0,36.234375,1398.0,56.296875,0.33447265625,2
265,0,1317.75,673.5,1493.25,795.0,0.7744140625,2
265,1,1321.5,73.875,1336.5,100.6875,0.6689453125,2
265,2,1264.5,97.875,1285.5,136.5,0.6494140625,2
265,3,1137.0,153.9375,1162.5,198.5625,0.64599609375,2
265,4,1184.25,92.8125,1230.75,138.5625,0.64404296875,1
265,5,1371.0,687.75,1494.0,795.75,0.525390625,2
265,6,1551.0,22.96875,1584.0,56.34375,0.5234375,1
265,7,1573.5,66.5625,1597.5,103.6875,0.443603515625,2
265,8,1380.0,36.28125,1398.0,56.53125,0.36474609375,2
265,9,1689.0,490.125,1767.0,578.625,0.325927734375,2
265,10,1318.5,664.5,1380.0,768.75,0.280517578125,2
265,11,1768.5,497.25,1891.5,625.5,0.25830078125,2
266,0,1317.75,673.5,1493.25,795.0,0.763671875,2
266,1,1321.5,73.875,1336.5,100.6875,0.6669921875,2
266,2,1184.25,92.8125,1230.75,138.375,0.65478515625,1
266,3,1264.5,97.875,1285.5,136.5,0.6494140625,2
266,4,1137.0,154.03125,1162.5,198.375,0.64599609375,2
266,5,1371.0,687.75,1494.0,795.75,0.537109375,2
266,6,1551.0,23.15625,1584.0,56.34375,0.525390625,1
266,7,1573.5,66.375,1597.5,103.6875,0.445556640625,2
266,8,1380.0,36.28125,1398.0,56.4375,0.36474609375,2
266,9,1689.0,489.75,1767.0,578.25,0.33447265625,2
266,10,1318.5,664.5,1380.0,768.75,0.290283203125,2
266,11,1768.5,498.0,1891.5,625.5,0.26513671875,2
267,0,1308.0,643.5,1485.0,792.0,0.76904296875,2
267,1,1319.25,74.0625,1335.75,101.4375,0.6689453125,2
267,2,1264.5,99.0,1285.5,137.25,0.65478515625,2
267,3,1184.25,92.8125,1230.75,138.5625,0.642578125,1
267,4,1136.25,151.5,1160.25,197.25,0.55810546875,2
267,5,1551.0,23.0625,1584.0,56.4375,0.533203125,1
267,6,1371.0,682.5,1485.0,792.0,0.498046875,2
267,7,1573.5,66.1875,1597.5,103.6875,0.455078125,2
267,8,1380.0,36.375,1396.5,56.71875,0.390380859375,2
267,9,1689.0,489.75,1767.0,578.25,0.381103515625,2
267,10,1099.5,143.25,1159.5,190.125,0.2568359375,2
268,0,1296.0,649.5,1476.0,792.75,0.85400390625,2
268,1,1318.5,74.0625,1335.0,102.0,0.66357421875,2
268,2,1184.25,93.0,1230.75,138.75,0.6533203125,1
268,3,1263.75,100.125,1284.75,136.875,0.642578125,2
268,4,1134.0,156.0,1158.0,198.75,0.5849609375,2
268,5,1551.0,22.875,1584.0,56.4375,0.53515625,1
268,6,1573.5,65.625,1597.5,103.875,0.4765625,2
268,7,1380.0,36.375,1396.5,56.90625,0.418701171875,2
268,8,1689.0,489.375,1767.0,578.625,0.32080078125,2
268,9,1768.5,505.125,1888.5,625.875,0.26220703125,2
269,0,1296.0,649.5,1476.0,792.75,0.85498046875,2
269,1,1318.5,73.875,1335.0,102.0,0.66357421875,2
269,2,1184.25,93.0,1230.75,138.5625,0.6533203125,1
269,3,1263.75,100.125,1284.75,136.875,0.64404296875,2
269,4,1134.0,156.0,1158.0,198.75,0.5830078125,2
269,5,1551.0,22.6875,1584.0,56.4375,0.53515625,1
269,6,1573.5,65.625,1597.5,103.875,0.478515625,2
269,7,1380.0,36.375,1396.5,56.90625,0.418701171875,2
269,8,1689.0,489.375,1767.0,578.625,0.318359375,2
269,9,1768.5,505.125,1888.5,625.875,0.256103515625,2
270,0,1275.75,672.75,1457.25,788.25,0.8427734375,2
270,1,1183.5,93.75,1230.0,138.75,0.6298828125,1
270,2,1318.5,75.09375,1333.5,103.78125,0.60595703125,2
270,3,1263.75,102.0,1283.25,137.0625,0.59912109375,2
270,4,1133.25,158.25,1154.25,201.75,0.552734375,2
270,5,1551.0,21.5625,1584.0,56.625,0.541015625,1
270,6,1573.5,65.4375,1597.5,103.6875,0.478515625,2
270,7,1380.0,36.796875,1396.5,57.328125,0.45703125,2
270,8,1126.5,154.3125,1153.5,201.9375,0.418701171875,2
270,9,1689.0,489.375,1767.0,578.625,0.3310546875,2
271,0,1264.5,631.5,1450.5,786.0,0.8427734375,2
271,1,1183.5,93.1875,1230.0,138.5625,0.71044921875,1
271,2,1129.5,159.375,1150.5,202.125,0.609375,2
271,3,1263.0,104.34375,1281.0,139.21875,0.583984375,2
271,4,1317.0,76.03125,1333.5,103.21875,0.57568359375,2
271,5,1551.0,21.375,1584.0,56.4375,0.533203125,1
271,6,1573.5,65.53125,1597.5,103.59375,0.46484375,2
271,7,1380.0,37.03125,1395.0,57.28125,0.449462890625,2
271,8,1687.5,488.25,1768.5,578.25,0.307373046875,2
271,9,1288.5,676.5,1450.5,786.0,0.256103515625,2
272,0,1264.5,632.25,1450.5,786.0,0.841796875,2
272,1,1183.5,93.1875,1230.0,138.5625,0.708984375,1
272,2,1129.5,159.1875,1150.5,202.3125,0.609375,2
272,3,1263.0,104.34375,1281.0,139.21875,0.583984375,2
272,4,1317.0,76.03125,1333.5,103.21875,0.57568359375,2
272,5,1551.0,21.28125,1584.0,56.4375,0.53125,1
272,6,1573.5,65.53125,1597.5,103.59375,0.466796875,2
272,7,1380.0,37.03125,1395.0,57.28125,0.449462890625,2
272,8,1687.5,488.25,1768.5,578.25,0.307373046875,2
272,9,1288.5,676.5,1450.5,786.0,0.2568359375,2
273,0,1257.0,630.0,1440.0,786.0,0.87890625,2
273,1,1183.5,93.5625,1231.5,138.5625,0.763671875,1
273,2,1128.0,161.8125,1149.0,202.3125,0.6318359375,2
273,3,1317.0,76.875,1332.0,103.125,0.5888671875,2
273,4,1551.0,21.75,1584.0,56.4375,0.53515625,1
273,5,1262.25,106.6875,1278.75,139.3125,0.5322265625,2
273,6,1573.5,65.625,1597.5,103.6875,0.470703125,2
273,7,1380.0,37.6875,1395.0,57.75,0.42822265625,2
273,8,1687.5,488.25,1768.5,578.25,0.32763671875,2
274,0,1246.5,630.0,1432.5,782.25,0.875,2
274,1,1183.5,93.5625,1231.5,138.75,0.7578125,1
274,2,1316.25,77.8125,1332.75,104.0625,0.61865234375,2
274,3,1126.5,160.875,1147.5,204.0,0.552734375,2
274,4,1551.0,21.84375,1584.0,56.53125,0.53515625,1
274,5,1260.0,106.875,1278.0,140.625,0.505859375,2
274,6,1573.5,65.4375,1597.5,103.6875,0.48046875,2
274,7,1380.0,37.734375,1395.0,57.984375,0.437744140625,2
274,8,1687.5,488.25,1768.5,578.25,0.290283203125,2
275,0,1246.5,630.75,1432.5,782.25,0.875,2
275,1,1183.5,93.5625,1231.5,138.75,0.7607421875,1
275,2,1316.25,77.71875,1332.75,103.96875,0.61669921875,2
275,3,1126.5,160.875,1147.5,204.0,0.552734375,2
275,4,1551.0,21.84375,1584.0,56.53125,0.53515625,1
275,5,1261.5,107.0625,1278.0,140.8125,0.5078125,2
275,6,1573.5,65.4375,1597.5,103.6875,0.4765625,2
275,7,1380.0,37.6875,1395.0,57.9375,0.42822265625,2
275,8,1687.5,488.25,1768.5,578.25,0.291015625,2
276,0,1225.5,637.5,1414.5,781.5,0.85595703125,2
276,1,1186.5,93.375,1231.5,138.375,0.7646484375,1
276,2,1314.0,78.5625,1332.0,105.1875,0.64404296875,2
276,3,1122.75,164.25,1143.75,204.375,0.5830078125,2
276,4,1258.5,107.15625,1273.5,142.21875,0.57373046875,2
276,5,1551.0,21.9375,1584.0,56.625,0.53125,1
276,6,1573.5,65.15625,1597.5,103.59375,0.46484375,2
276,7,1380.0,37.5,1395.0,57.9375,0.45703125,2
276,8,1252.5,670.5,1414.5,780.0,0.4111328125,2
276,9,1317.75,77.0625,1332.75,103.6875,0.3896484375,2
277,0,1213.5,626.25,1402.5,780.75,0.88623046875,2
277,1,1187.25,92.8125,1232.25,138.0,0.806640625,1
277,2,1314.0,79.875,1332.0,105.5625,0.64599609375,2
277,3,1551.0,21.65625,1584.0,56.71875,0.529296875,1
277,4,1257.0,109.6875,1272.0,144.1875,0.48046875,2
277,5,1380.0,37.125,1395.0,57.75,0.474609375,2
277,6,1122.0,162.0,1143.0,204.75,0.47265625,2
277,7,1573.5,65.25,1597.5,103.5,0.458984375,2
277,8,1119.0,155.625,1146.0,204.0,0.37939453125,2
278,0,1213.5,626.25,1402.5,780.75,0.88818359375,2
278,1,1187.25,92.8125,1232.25,138.0,0.8056640625,1
278,2,1314.0,79.6875,1332.0,105.5625,0.64599609375,2
278,3,1551.0,21.65625,1584.0,56.71875,0.529296875,1
278,4,1257.0,109.6875,1272.0,144.1875,0.48046875,2
278,5,1380.0,37.125,1395.0,57.75,0.474609375,2
278,6,1122.0,162.0,1143.0,204.75,0.47265625,2
278,7,1573.5,65.25,1597.5,103.5,0.45703125,2
278,8,1119.0,155.4375,1146.0,203.8125,0.37744140625,2
279,0,1206.0,624.75,1395.0,778.5,0.880859375,2
279,1,1186.5,92.8125,1231.5,137.8125,0.81396484375,1
279,2,1314.0,80.8125,1332.0,105.5625,0.64794921875,2
279,3,1551.0,21.9375,1584.0,56.625,0.533203125,1
279,4,1118.25,162.0,1142.25,207.75,0.466796875,2
279,5,1380.0,36.84375,1395.0,57.65625,0.458984375,2
279,6,1573.5,65.25,1597.5,103.5,0.451416015625,2
279,7,1257.0,112.3125,1272.0,144.9375,0.357666015625,2
280,0,1194.0,627.0,1386.0,778.5,0.90673828125,2
280,1,1187.25,92.4375,1230.75,137.8125,0.81640625,1
280,2,1314.0,79.6875,1332.0,105.375,0.662109375,2
280,3,1116.0,166.125,1140.0,208.875,0.5517578125,2
280,4,1551.0,21.5625,1584.0,56.625,0.529296875,1
280,5,1573.5,65.0625,1597.5,103.5,0.453369140625,2
280,6,1380.0,36.5625,1395.0,57.75,0.449462890625,2
280,7,1254.75,112.3125,1269.75,146.25,0.30908203125,2
280,8,1108.5,156.0,1141.5,205.875,0.257568359375,2
281,0,1194.0,627.0,1386.0,778.5,0.90673828125,2
281,1,1187.25,92.4375,1230.75,137.8125,0.81298828125,1
281,2,1314.0,79.6875,1332.0,105.375,0.662109375,2
281,3,1116.0,166.125,1140.0,208.875,0.55078125,2
281,4,1551.0,21.515625,1584.0,56.671875,0.53125,1
281,5,1573.5,64.875,1597.5,103.5,0.455078125,2
281,6,1380.0,36.65625,1395.0,57.84375,0.420654296875,2
281,7,1253.25,115.5,1269.75,146.8125,0.3056640625,2
281,8,1107.75,156.0,1140.75,205.875,0.256103515625,2
282,0,1174.5,624.0,1366.5,777.0,0.90576171875,2
282,1,1186.5,91.40625,1231.5,137.71875,0.81640625,1
282,2,1312.5,78.9375,1332.0,105.1875,0.6875,2
282,3,1110.0,168.375,1134.0,210.375,0.56396484375,2
282,4,1551.0,21.09375,1584.0,56.625,0.52734375,1
282,5,1573.5,64.875,1597.5,103.5,0.443603515625,2
282,6,1249.5,117.75,1267.5,146.625,0.441650390625,2
282,7,1380.0,36.65625,1395.0,58.3125,0.38671875,2
282,8,1770.0,494.25,1908.0,626.25,0.2958984375,2
283,0,1164.0,620.25,1357.5,776.25,0.9033203125,2
283,1,1186.5,91.3125,1231.5,137.8125,0.81396484375,1
283,2,1312.5,79.3125,1332.0,105.9375,0.6875,2
283,3,1108.5,169.125,1132.5,208.875,0.55810546875,2
283,4,1551.0,21.375,1584.0,56.625,0.51953125,1
283,5,1247.25,118.59375,1265.25,147.46875,0.478515625,2
283,6,1573.5,64.875,1597.5,103.5,0.445556640625,2
283,7,1380.0,37.21875,1395.0,58.96875,0.34521484375,2
283,8,1770.0,492.75,1908.0,626.25,0.275146484375,2
284,0,1164.0,620.25,1357.5,776.25,0.9033203125,2
284,1,1186.5,91.3125,1231.5,137.8125,0.81396484375,1
284,2,1312.5,79.3125,1332.0,105.9375,0.68603515625,2
284,3,1108.5,169.125,1132.5,208.875,0.556640625,2
284,4,1551.0,21.375,1584.0,56.625,0.51953125,1
284,5,1247.25,118.5,1265.25,147.375,0.4765625,2
284,6,1573.5,64.875,1597.5,103.5,0.445556640625,2
284,7,1380.0,37.21875,1395.0,58.96875,0.34521484375,2
284,8,1770.0,493.5,1908.0,626.25,0.26220703125,2
285,0,1153.5,627.0,1347.0,774.0,0.8623046875,2
285,1,1187.25,91.3125,1230.75,137.8125,0.80322265625,1
285,2,1312.5,80.8125,1332.0,106.875,0.6669921875,2
285,3,1551.0,21.5625,1584.0,56.625,0.517578125,1
285,4,1573.5,64.875,1597.5,103.5,0.447509765625,2
285,5,1104.75,169.875,1128.75,211.125,0.445556640625,2
285,6,1245.75,119.25,1262.25,147.75,0.32421875,2
285,7,1380.0,37.875,1395.0,59.625,0.30322265625,2
285,8,1770.0,491.25,1908.0,626.25,0.280517578125,2
285,9,1689.0,487.5,1767.0,579.0,0.27197265625,2
286,0,1143.0,639.75,1336.5,771.75,0.89306640625,2
286,1,1186.5,92.0625,1231.5,138.0,0.7890625,1
286,2,1312.5,82.6875,1332.0,108.1875,0.61328125,2
286,3,1551.0,21.375,1584.0,56.625,0.517578125,1
286,4,1102.5,170.4375,1126.5,214.3125,0.509765625,2
286,5,1573.5,64.78125,1597.5,103.59375,0.453369140625,2
286,6,1245.0,118.875,1260.0,147.375,0.36669921875,2
286,7,1314.75,78.5625,1329.75,105.5625,0.319091796875,2
286,8,1380.0,38.25,1395.0,60.1875,0.27978515625,2
286,9,1767.0,483.375,1911.0,625.875,0.26806640625,2
286,10,1689.0,488.25,1767.0,578.25,0.26513671875,2
287,0,1143.0,639.75,1336.5,772.5,0.89404296875,2
287,1,1186.5,92.0625,1231.5,138.0,0.7890625,1
287,2,1312.5,82.6875,1332.0,108.1875,0.611328125,2
287,3,1551.0,21.890625,1584.0,56.578125,0.515625,1
287,4,1102.5,170.625,1126.5,214.125,0.51171875,2
287,5,1573.5,64.6875,1597.5,103.6875,0.453369140625,2
287,6,1245.0,118.875,1260.0,147.375,0.361083984375,2
287,7,1314.75,78.5625,1329.75,105.5625,0.3173828125,2
287,8,1380.0,38.25,1393.5,60.1875,0.27978515625,2
287,9,1767.0,483.75,1911.0,626.25,0.260498046875,2
288,0,1117.5,619.5,1314.0,769.5,0.892578125,2
288,1,1187.25,93.0,1230.75,138.0,0.69287109375,1
288,2,1100.25,171.375,1124.25,214.125,0.59814453125,2
288,3,1311.0,80.8125,1332.0,108.1875,0.56396484375,2
288,4,1551.0,21.46875,1584.0,56.53125,0.521484375,1
288,5,1573.5,64.5,1597.5,103.5,0.451416015625,2
288,6,1689.0,487.5,1767.0,579.0,0.42431640625,2
288,7,1312.5,79.40625,1327.5,107.71875,0.412109375,2
288,8,1765.5,478.5,1909.5,626.25,0.36669921875,2
288,9,1378.5,38.8125,1393.5,61.125,0.32421875,2
289,0,1105.5,621.0,1305.0,766.5,0.86328125,2
289,1,1187.25,93.0,1230.75,138.0,0.68408203125,1
289,2,1099.5,170.25,1123.5,215.25,0.56591796875,2
289,3,1551.0,21.515625,1584.0,56.578125,0.513671875,1
289,4,1311.0,80.71875,1332.0,108.65625,0.5,2
289,5,1573.5,64.5,1597.5,103.6875,0.462890625,2
289,6,1687.5,487.5,1768.5,579.0,0.4072265625,2
289,7,1312.5,79.125,1327.5,108.375,0.3857421875,2
289,8,1764.0,478.5,1908.0,627.0,0.37744140625,2
289,9,1378.5,38.8125,1393.5,61.03125,0.373779296875,2
290,0,1105.5,621.0,1305.0,766.5,0.86328125,2
290,1,1187.25,93.0,1230.75,138.0,0.6875,1
290,2,1099.5,170.25,1123.5,215.25,0.56591796875,2
290,3,1551.0,21.5625,1584.0,56.625,0.513671875,1
290,4,1311.0,80.8125,1332.0,108.5625,0.498046875,2
290,5,1573.5,64.5,1597.5,103.5,0.458984375,2
290,6,1687.5,487.5,1768.5,579.0,0.394287109375,2
290,7,1312.5,79.125,1327.5,108.1875,0.384033203125,2
290,8,1764.0,478.5,1908.0,627.0,0.37939453125,2
290,9,1378.5,39.0,1393.5,61.125,0.33984375,2
291,0,1095.75,624.75,1295.25,767.25,0.74609375,2
291,1,1187.25,92.8125,1229.25,137.8125,0.54296875,1
291,2,1097.25,170.25,1121.25,216.0,0.537109375,2
291,3,1551.0,21.75,1584.0,56.625,0.5078125,1
291,4,1311.0,81.75,1332.0,109.875,0.490234375,2
291,5,1573.5,64.40625,1597.5,103.59375,0.474609375,2
291,6,1764.0,477.75,1908.0,627.75,0.449462890625,2
291,7,1687.5,487.125,1768.5,578.625,0.3701171875,2
291,8,1378.5,39.0,1393.5,61.125,0.357666015625,2
291,9,1239.0,122.0625,1260.0,153.0,0.301513671875,2
292,0,1083.0,642.75,1284.0,766.5,0.85498046875,2
292,1,1096.5,172.125,1120.5,216.75,0.56201171875,2
292,2,1551.0,21.5625,1584.0,56.53125,0.509765625,1
292,3,1767.0,477.75,1905.0,626.25,0.501953125,2
292,4,1573.5,64.125,1597.5,103.6875,0.484375,2
292,5,1687.5,486.375,1768.5,578.625,0.46484375,2
292,6,1311.0,82.3125,1332.0,110.4375,0.447509765625,2
292,7,1187.25,93.0,1229.25,137.8125,0.43017578125,1
292,8,1378.5,39.46875,1393.5,61.3125,0.3486328125,2
292,9,1234.5,122.34375,1255.5,154.03125,0.299072265625,2
293,0,1083.0,642.0,1284.0,766.5,0.85498046875,2
293,1,1096.5,172.5,1120.5,216.75,0.56396484375,2
293,2,1551.0,21.5625,1584.0,56.625,0.509765625,1
293,3,1767.0,477.75,1905.0,626.25,0.5029296875,2
293,4,1573.5,64.3125,1597.5,103.6875,0.482421875,2
293,5,1687.5,486.375,1768.5,578.625,0.46875,2
293,6,1311.0,82.3125,1332.0,110.4375,0.447509765625,2
293,7,1187.25,93.0,1229.25,137.8125,0.42822265625,1
293,8,1378.5,39.46875,1393.5,61.3125,0.350341796875,2
293,9,1234.5,122.4375,1255.5,153.9375,0.2998046875,2
294,0,1057.5,621.75,1261.5,764.25,0.83349609375,2
294,1,1308.0,81.65625,1326.0,111.28125,0.5546875,2
294,2,1764.0,477.0,1908.0,627.0,0.53515625,2
294,3,1232.25,124.5,1253.25,159.1875,0.515625,2
294,4,1551.0,22.03125,1584.0,56.71875,0.509765625,1
294,5,1573.5,64.125,1597.5,103.6875,0.4921875,2
294,6,1687.5,487.125,1768.5,578.625,0.443603515625,2
294,7,1092.0,174.1875,1116.0,218.4375,0.43212890625,2
294,8,1309.5,82.875,1332.0,110.8125,0.34521484375,2
294,9,1187.25,92.8125,1227.75,138.1875,0.332763671875,1
294,10,979.5,131.4375,1033.5,168.1875,0.3115234375,2
294,11,1376.25,41.625,1391.25,62.34375,0.29736328125,2
295,0,1047.0,621.75,1254.0,762.75,0.70068359375,2
295,1,1308.0,81.375,1324.5,111.375,0.61865234375,2
295,2,1767.0,477.0,1899.0,625.5,0.60205078125,2
295,3,1231.5,125.625,1252.5,161.25,0.55810546875,2
295,4,1551.0,22.03125,1584.0,56.71875,0.513671875,1
295,5,1573.5,64.125,1597.5,103.6875,0.4921875,2
295,6,1689.0,487.5,1767.0,579.0,0.43408203125,2
295,7,1092.0,175.3125,1113.0,219.5625,0.43212890625,2
295,8,1046.25,616.5,1127.25,754.5,0.390380859375,2
295,9,1186.5,92.8125,1228.5,138.5625,0.388671875,1
295,10,979.5,130.5,1033.5,168.375,0.316650390625,2
295,11,1133.25,655.5,1251.75,762.75,0.316650390625,2
295,12,1375.5,41.8125,1390.5,62.34375,0.3056640625,2
295,13,1309.5,82.6875,1332.0,110.625,0.302490234375,2
296,0,1047.0,621.75,1254.0,762.75,0.6875,2
296,1,1308.0,81.46875,1324.5,111.46875,0.61865234375,2
296,2,1767.0,477.0,1899.0,625.5,0.6123046875,2
296,3,1231.5,125.625,1251.0,161.25,0.556640625,2
296,4,1551.0,22.125,1584.0,56.625,0.515625,1
296,5,1573.5,64.3125,1597.5,103.6875,0.4921875,2
296,6,1092.0,175.125,1113.0,219.375,0.439697265625,2
296,7,1689.0,487.125,1767.0,578.625,0.42822265625,2
296,8,1046.25,616.5,1127.25,754.5,0.401611328125,2
296,9,1186.5,92.8125,1228.5,138.5625,0.390380859375,1
296,10,1133.25,655.5,1251.75,762.75,0.34521484375,2
296,11,979.5,130.3125,1033.5,168.1875,0.3310546875,2
296,12,1375.5,41.90625,1390.5,62.34375,0.301513671875,2
296,13,1309.5,82.6875,1332.0,110.625,0.29833984375,2
297,0,1033.5,620.25,1239.0,764.25,0.8388671875,2
297,1,1765.5,474.375,1903.5,625.125,0.70556640625,2
297,2,1308.0,82.96875,1326.0,112.21875,0.64794921875,2
297,3,1231.5,127.3125,1249.5,160.6875,0.56787109375,2
297,4,1551.0,21.375,1581.0,56.625,0.486328125,1
297,5,1090.5,177.0,1110.0,220.5,0.482421875,2
297,6,1573.5,63.9375,1597.5,103.6875,0.462890625,2
297,7,1689.0,487.125,1767.0,578.625,0.4609375,2
297,8,1185.0,93.09375,1227.0,138.65625,0.35400390625,2
297,9,1764.0,511.5,1878.0,625.5,0.33642578125,2
297,10,1375.5,42.28125,1390.5,63.65625,0.332763671875,2
297,11,978.75,128.8125,1034.25,168.375,0.316650390625,2
297,12,1033.5,616.5,1117.5,754.5,0.301513671875,2
297,13,1186.5,91.6875,1228.5,137.0625,0.281494140625,1
298,0,1020.0,619.5,1233.0,762.0,0.8642578125,2
298,1,1765.5,473.25,1906.5,625.5,0.7548828125,2
298,2,1308.0,83.34375,1326.0,112.40625,0.7041015625,2
298,3,1087.5,176.25,1108.5,220.5,0.56982421875,2
298,4,1228.5,125.8125,1249.5,160.3125,0.56591796875,2
298,5,1689.0,486.75,1767.0,579.0,0.478515625,2
298,6,1573.5,63.84375,1597.5,103.78125,0.47265625,2
298,7,1551.0,21.375,1584.0,56.625,0.470703125,1
298,8,1021.5,615.0,1105.5,754.5,0.447509765625,2
298,9,1185.75,92.8125,1226.25,139.3125,0.34326171875,2
298,10,1375.5,42.5625,1390.5,64.3125,0.33984375,2
298,11,979.5,129.1875,1033.5,168.1875,0.30322265625,2
299,0,1020.0,620.25,1231.5,762.75,0.873046875,2
299,1,1765.5,474.0,1906.5,625.5,0.75048828125,2
299,2,1308.0,83.34375,1326.0,112.40625,0.70263671875,2
299,3,1087.5,176.25,1108.5,220.5,0.56787109375,2
299,4,1228.5,126.0,1249.5,160.3125,0.56396484375,2
299,5,1689.0,486.75,1767.0,578.25,0.4765625,2
299,6,1573.5,63.84375,1597.5,103.78125,0.474609375,2
299,7,1551.0,21.375,1584.0,56.625,0.47265625,1
299,8,1021.5,615.0,1105.5,754.5,0.42431640625,2
299,9,1185.75,92.8125,1226.25,139.3125,0.34521484375,2
299,10,1375.5,42.65625,1390.5,64.21875,0.341552734375,2
299,11,979.5,129.375,1033.5,168.375,0.302490234375,2
300,0,1086.0,654.0,1206.0,762.75,0.77978515625,2
300,1,1308.0,86.4375,1323.0,114.375,0.732421875,2
300,2,1765.5,476.25,1909.5,626.25,0.71044921875,2
300,3,991.5,625.5,1081.5,755.25,0.61669921875,2
300,4,1224.0,128.4375,1248.0,163.6875,0.60205078125,2
300,5,1080.75,179.0625,1104.75,221.8125,0.53515625,2
300,6,1551.0,22.21875,1584.0,56.625,0.46875,1
300,7,1573.5,64.3125,1597.5,103.6875,0.449462890625,2
300,8,1185.0,93.09375,1227.0,139.40625,0.390380859375,2
300,9,1689.0,488.25,1767.0,579.0,0.355712890625,2
300,10,1375.5,44.71875,1390.5,65.8125,0.2744140625,2
301,0,1074.0,654.75,1194.0,762.75,0.85888671875,2
301,1,1767.0,474.75,1911.0,624.75,0.73876953125,2
301,2,1308.0,86.15625,1323.0,114.46875,0.72802734375,2
301,3,1223.25,129.1875,1247.25,164.4375,0.611328125,2
301,4,979.5,622.5,1069.5,754.5,0.5849609375,2
301,5,1078.5,179.625,1104.0,223.875,0.56201171875,2
301,6,1551.0,22.21875,1584.0,56.53125,0.478515625,1
301,7,1687.5,486.75,1768.5,579.0,0.441650390625,2
301,8,1573.5,64.5,1597.5,103.5,0.43212890625,2
301,9,1184.25,92.625,1226.25,139.5,0.385009765625,2
301,10,978.0,633.0,1191.0,762.0,0.3720703125,2
301,11,978.75,126.9375,1032.75,167.0625,0.259765625,2
302,0,1074.0,654.75,1194.0,762.75,0.85888671875,2
302,1,1765.5,474.75,1909.5,624.75,0.74169921875,2
302,2,1308.0,86.25,1323.0,114.375,0.72802734375,2
302,3,1223.25,129.1875,1247.25,164.4375,0.611328125,2
302,4,979.5,622.5,1069.5,754.5,0.5830078125,2
302,5,1078.5,179.625,1104.0,223.875,0.56201171875,2
302,6,1551.0,22.21875,1581.0,56.53125,0.478515625,1
302,7,1687.5,486.75,1768.5,579.0,0.443603515625,2
302,8,1573.5,64.59375,1597.5,103.59375,0.43408203125,2
302,9,1184.25,92.625,1226.25,139.5,0.388671875,2
302,10,978.0,633.0,1191.0,762.75,0.3857421875,2
302,11,978.75,126.75,1032.75,166.875,0.259033203125,2
303,0,963.0,625.5,1183.5,762.75,0.8388671875,2
303,1,1307.25,86.625,1322.25,114.9375,0.740234375,2
303,2,1767.0,475.5,1911.0,625.5,0.71875,2
303,3,1221.75,130.3125,1245.75,166.125,0.62255859375,2
303,4,1075.5,177.9375,1102.5,224.4375,0.56787109375,2
303,5,1551.0,22.59375,1581.0,56.53125,0.490234375,1
303,6,1687.5,486.75,1768.5,579.0,0.458984375,2
303,7,1573.5,64.875,1597.5,103.5,0.420654296875,2
303,8,1185.0,91.3125,1227.0,138.9375,0.34326171875,1
303,9,1061.25,655.5,1182.75,762.0,0.28857421875,2
303,10,1185.0,92.0625,1227.0,139.3125,0.281494140625,2
304,0,1047.0,657.0,1170.0,763.5,0.79296875,2
304,1,1306.5,87.75,1321.5,116.625,0.73095703125,2
304,2,1767.0,478.5,1908.0,624.75,0.63623046875,2
304,3,1074.0,182.0625,1101.0,224.8125,0.62255859375,2
304,4,1219.5,129.5625,1243.5,165.9375,0.611328125,2
304,5,990.75,651.0,1169.25,763.5,0.59814453125,2
304,6,1552.5,22.875,1582.5,56.0625,0.447509765625,1
304,7,1185.0,91.5,1227.0,139.125,0.435791015625,1
304,8,1573.5,65.0625,1597.5,103.875,0.3720703125,2
304,9,1687.5,483.75,1768.5,579.75,0.3701171875,2
304,10,951.0,618.0,1044.0,756.0,0.346923828125,2
304,11,949.5,627.75,1168.5,762.75,0.34423828125,2
304,12,1372.5,46.875,1387.5,66.375,0.250244140625,2
304,13,1764.0,510.75,1878.0,625.5,0.250244140625,2
305,0,1047.0,657.0,1170.0,763.5,0.7841796875,2
305,1,1306.5,87.75,1321.5,116.625,0.732421875,2
305,2,1767.0,480.75,1908.0,625.5,0.6318359375,2
305,3,1074.0,182.0625,1101.0,224.8125,0.62060546875,2
305,4,1219.5,129.375,1243.5,165.9375,0.611328125,2
305,5,979.5,650.25,1168.5,763.5,0.60205078125,2
305,6,1551.0,22.875,1581.0,56.0625,0.447509765625,1
305,7,1185.0,91.5,1227.0,139.125,0.439697265625,1
305,8,1687.5,483.75,1768.5,579.75,0.373779296875,2
305,9,1573.5,64.96875,1597.5,103.78125,0.368408203125,2
305,10,951.0,618.0,1044.0,756.0,0.3310546875,2
306,0,1027.5,655.5,1144.5,760.5,0.8427734375,2
306,1,1305.0,88.40625,1318.5,117.84375,0.7490234375,2
306,2,1069.5,185.25,1096.5,227.25,0.640625,2
306,3,1215.75,129.5625,1238.25,167.0625,0.61865234375,2
306,4,923.25,618.75,1016.25,758.25,0.60595703125,2
306,5,1767.0,483.0,1908.0,625.5,0.5849609375,2
306,6,1184.25,90.5625,1226.25,139.3125,0.455078125,1
306,7,1552.5,22.96875,1582.5,56.0625,0.449462890625,1
306,8,1686.0,484.5,1770.0,579.75,0.394287109375,2
306,9,1573.5,64.875,1597.5,103.875,0.385009765625,2
306,10,1371.0,46.78125,1386.0,66.28125,0.275146484375,2
306,11,1764.0,515.25,1878.0,625.5,0.26513671875,2
307,0,906.0,647.25,1134.0,765.0,0.7958984375,2
307,1,1303.5,88.5,1317.0,118.125,0.7490234375,2
307,2,910.5,619.5,1003.5,757.5,0.6494140625,2
307,3,1767.0,479.25,1905.0,624.75,0.6142578125,2
307,4,1068.0,185.25,1093.5,228.75,0.59814453125,2
307,5,1213.5,129.375,1237.5,168.75,0.494140625,2
307,6,960.0,657.75,1134.0,765.75,0.484375,2
307,7,1552.5,23.4375,1582.5,56.0625,0.449462890625,1
307,8,1686.0,483.75,1770.0,579.75,0.403564453125,2
307,9,1573.5,64.875,1597.5,103.875,0.392333984375,2
307,10,1371.0,46.125,1386.0,66.0,0.36474609375,2
307,11,1184.25,90.9375,1226.25,139.6875,0.33642578125,1
307,12,1764.0,517.5,1878.0,625.5,0.29833984375,2
308,0,906.0,648.0,1134.0,764.25,0.78662109375,2
308,1,1303.5,88.5,1317.0,118.125,0.7490234375,2
308,2,910.5,619.5,1003.5,757.5,0.6513671875,2
308,3,1767.0,479.25,1905.0,624.75,0.6142578125,2
308,4,1068.0,185.25,1093.5,228.75,0.59814453125,2
308,5,960.75,657.75,1133.25,765.0,0.52734375,2
308,6,1213.5,129.375,1237.5,168.75,0.49609375,2
308,7,1552.5,23.390625,1582.5,56.109375,0.453369140625,1
308,8,1686.0,483.75,1770.0,579.75,0.39990234375,2
308,9,1573.5,64.875,1597.5,103.875,0.390380859375,2
308,10,1371.0,46.125,1386.0,65.90625,0.3701171875,2
308,11,1184.25,90.9375,1226.25,139.6875,0.33642578125,1
308,12,1764.0,517.5,1878.0,625.5,0.299072265625,2
309,0,1000.5,657.0,1119.0,762.0,0.89013671875,2
309,1,1303.5,88.875,1318.5,118.125,0.73583984375,2
309,2,1767.0,480.75,1911.0,625.5,0.66015625,2
309,3,894.75,617.25,990.75,761.25,0.5546875,2
309,4,1067.25,186.75,1092.75,230.25,0.478515625,2
309,5,1552.5,23.4375,1582.5,55.96875,0.451416015625,1
309,6,1213.5,126.375,1236.0,168.375,0.43408203125,2
309,7,1686.0,482.25,1770.0,579.75,0.4091796875,2
309,8,1371.0,45.84375,1386.0,65.90625,0.383056640625,2
309,9,1573.5,64.875,1597.5,103.875,0.383056640625,2
309,10,1210.5,116.0625,1234.5,164.4375,0.26806640625,2
309,11,1176.0,94.875,1227.0,141.0,0.2509765625,2
310,0,880.5,622.5,979.5,762.75,0.73388671875,2
310,1,987.0,656.25,1107.0,762.75,0.708984375,2
310,2,1304.25,88.96875,1317.75,118.21875,0.6826171875,2
310,3,1768.5,479.25,1909.5,626.25,0.64697265625,2
310,4,1065.0,187.125,1087.5,229.125,0.5927734375,2
310,5,880.5,641.25,1105.5,765.75,0.4658203125,2
310,6,1686.0,480.75,1770.0,579.75,0.445556640625,2
310,7,1552.5,23.578125,1582.5,56.015625,0.435791015625,1
310,8,1171.5,99.375,1225.5,142.5,0.403564453125,2
310,9,1573.5,64.6875,1597.5,103.875,0.392333984375,2
310,10,1188.75,97.5,1227.75,144.375,0.350341796875,2
310,11,1369.5,46.21875,1384.5,65.90625,0.3310546875,2
310,12,1212.0,122.4375,1233.0,171.1875,0.2705078125,2
311,0,880.5,622.5,979.5,762.75,0.732421875,2
311,1,987.0,656.25,1107.0,762.75,0.71044921875,2
311,2,1304.25,89.0625,1317.75,118.3125,0.6806640625,2
311,3,1768.5,479.625,1909.5,625.875,0.64404296875,2
311,4,1065.0,186.75,1087.5,228.75,0.5947265625,2
311,5,880.5,641.25,1105.5,765.75,0.4658203125,2
311,6,1686.0,480.75,1770.0,579.75,0.441650390625,2
311,7,1552.5,23.578125,1582.5,56.015625,0.435791015625,1
311,8,1171.5,99.5625,1225.5,142.3125,0.39990234375,2
311,9,1573.5,64.6875,1597.5,104.0625,0.392333984375,2
311,10,1188.75,97.59375,1227.75,144.28125,0.346923828125,2
311,11,1369.5,46.21875,1384.5,65.90625,0.32763671875,2
311,12,1212.0,122.625,1233.0,171.1875,0.269775390625,2
312,0,853.5,643.5,1081.5,771.0,0.6533203125,2
312,1,1059.0,190.125,1083.0,232.875,0.638671875,2
312,2,1770.0,473.25,1911.0,624.75,0.60107421875,2
312,3,1302.0,90.1875,1317.0,119.8125,0.5888671875,2
312,4,927.0,661.5,1080.0,771.0,0.53515625,2
312,5,1207.5,121.5,1231.5,171.75,0.4609375,2
312,6,1552.5,23.90625,1582.5,55.96875,0.441650390625,1
312,7,1197.75,106.125,1229.25,154.875,0.414794921875,2
312,8,1687.5,480.0,1771.5,580.5,0.4130859375,2
312,9,1573.5,65.0625,1597.5,104.0625,0.38671875,2
312,10,1368.0,46.21875,1383.0,65.4375,0.385009765625,2
312,11,1165.5,108.9375,1207.5,143.4375,0.341552734375,2
312,12,853.5,637.5,955.5,767.25,0.2958984375,2
312,13,1164.0,109.3125,1188.0,145.6875,0.2509765625,2
313,0,838.5,630.0,1065.0,773.25,0.7373046875,2
313,1,1302.0,89.4375,1315.5,119.8125,0.61669921875,2
313,2,1203.75,129.1875,1229.25,172.6875,0.544921875,2
313,3,1770.0,471.75,1911.0,624.75,0.5419921875,2
313,4,1056.75,188.25,1080.75,233.25,0.533203125,2
313,5,840.0,627.75,942.0,768.75,0.498046875,2
313,6,1552.5,24.0,1582.5,55.875,0.4609375,1
313,7,949.5,657.75,1066.5,765.75,0.437744140625,2
313,8,1366.5,46.21875,1381.5,65.34375,0.420654296875,2
313,9,1164.75,108.1875,1202.25,143.8125,0.4111328125,2
313,10,1573.5,64.96875,1597.5,103.96875,0.388671875,2
313,11,1197.0,103.40625,1227.0,150.65625,0.346923828125,2
313,12,1686.0,479.625,1770.0,580.125,0.341552734375,2
313,13,1203.0,117.5625,1230.0,168.75,0.338134765625,2
313,14,1162.5,108.5625,1192.5,145.3125,0.33203125,2
314,0,838.5,636.75,1066.5,773.25,0.73388671875,2
314,1,1302.0,89.4375,1315.5,119.8125,0.61669921875,2
314,2,1203.75,129.1875,1229.25,172.6875,0.546875,2
314,3,1770.0,471.75,1911.0,624.75,0.54296875,2
314,4,1056.75,188.25,1080.75,233.25,0.533203125,2
314,5,840.0,627.75,942.0,768.75,0.498046875,2
314,6,1552.5,24.0,1582.5,55.875,0.4609375,1
314,7,949.5,657.75,1066.5,765.75,0.445556640625,2
314,8,1366.5,46.21875,1381.5,65.34375,0.422607421875,2
314,9,1164.0,108.28125,1203.0,143.71875,0.4130859375,2
314,10,1573.5,64.96875,1597.5,103.96875,0.388671875,2
314,11,1197.0,103.5,1227.0,150.75,0.34326171875,2
314,12,1686.0,479.625,1770.0,580.125,0.341552734375,2
314,13,1203.0,117.75,1230.0,168.75,0.33984375,2
314,14,1162.5,108.5625,1192.5,145.3125,0.332763671875,2
315,0,825.0,639.75,1053.0,773.25,0.83544921875,2
315,1,1300.5,89.25,1315.5,119.25,0.67236328125,2
315,2,1203.0,129.9375,1228.5,172.6875,0.52734375,2
315,3,1053.0,193.5,1077.0,236.25,0.517578125,2
315,4,1552.5,24.09375,1582.5,55.78125,0.474609375,1
315,5,1366.5,46.21875,1381.5,65.53125,0.445556640625,2
315,6,1165.5,109.125,1203.0,144.0,0.445556640625,2
315,7,1573.5,64.875,1597.5,103.875,0.388671875,2
315,8,1770.0,474.0,1908.0,624.75,0.382080078125,2
315,9,1196.25,104.15625,1227.75,151.40625,0.29833984375,2
315,10,1201.5,119.25,1230.0,169.125,0.296630859375,2
315,11,1686.0,481.5,1770.0,580.5,0.264404296875,2
315,12,937.5,657.75,1051.5,764.25,0.25830078125,2
316,0,1299.0,90.75,1314.0,119.625,0.67724609375,2
316,1,808.5,648.0,1039.5,771.75,0.625,2
316,2,1050.0,196.125,1075.5,238.125,0.56787109375,2
316,3,1201.5,134.625,1225.5,174.375,0.54296875,2
316,4,1552.5,24.1875,1582.5,55.59375,0.48046875,1
316,5,1366.5,46.3125,1381.5,65.625,0.4765625,2
316,6,921.0,658.5,1039.5,761.25,0.4609375,2
316,7,1165.5,111.09375,1192.5,143.90625,0.437744140625,2
316,8,811.5,672.75,870.0,770.25,0.4130859375,2
316,9,1573.5,65.0625,1597.5,103.875,0.39599609375,2
316,10,1770.0,473.625,1908.0,624.375,0.32763671875,2
316,11,1686.0,482.25,1770.0,579.75,0.264404296875,2
316,12,1197.0,106.59375,1227.0,148.03125,0.25830078125,2
317,0,1299.0,90.75,1314.0,119.625,0.67724609375,2
317,1,809.25,648.0,1040.25,771.0,0.62158203125,2
317,2,1050.0,196.125,1075.5,238.125,0.56591796875,2
317,3,1201.5,134.8125,1225.5,174.375,0.54296875,2
317,4,1552.5,24.1875,1582.5,55.59375,0.48046875,1
317,5,921.0,658.5,1039.5,761.25,0.46484375,2
317,6,1366.5,46.125,1381.5,65.4375,0.449462890625,2
317,7,1164.75,111.1875,1193.25,143.8125,0.435791015625,2
317,8,811.5,673.5,870.0,770.25,0.418701171875,2
317,9,1573.5,65.0625,1597.5,103.875,0.394287109375,2
317,10,1770.0,474.0,1908.0,624.0,0.3310546875,2
317,11,1686.0,481.875,1770.0,580.125,0.265869140625,2
317,12,1197.0,106.6875,1227.0,147.9375,0.2568359375,2
318,0,894.0,661.5,1011.0,774.0,0.78662109375,2
318,1,1200.0,139.5,1221.0,176.625,0.64404296875,2
318,2,1047.0,197.0625,1071.0,237.9375,0.62451171875,2
318,3,783.0,639.0,876.0,775.5,0.60205078125,2
318,4,1296.0,92.625,1314.0,122.25,0.5947265625,2
318,5,1164.75,113.25,1194.75,144.375,0.501953125,2
318,6,1767.0,475.5,1911.0,624.0,0.482421875,2
318,7,1552.5,24.65625,1582.5,55.59375,0.48046875,1
318,8,783.0,666.0,846.0,775.5,0.447509765625,2
318,9,1365.0,47.0625,1380.0,66.5625,0.42626953125,2
318,10,1573.5,65.625,1597.5,103.875,0.388671875,2
318,11,1689.0,481.5,1767.0,579.75,0.332763671875,2
319,0,885.0,663.0,997.5,771.0,0.69580078125,2
319,1,1296.0,93.375,1314.0,122.0625,0.61669921875,2
319,2,1197.0,140.53125,1218.0,178.875,0.5849609375,2
319,3,1767.0,477.0,1911.0,624.75,0.55908203125,2
319,4,1045.5,197.625,1069.5,239.25,0.533203125,2
319,5,1552.5,24.75,1582.5,55.5,0.49609375,1
319,6,1164.0,112.5,1192.5,144.75,0.4755859375,2
319,7,1198.5,105.5625,1228.5,140.8125,0.43017578125,2
319,8,1365.0,47.53125,1380.0,67.78125,0.383056640625,2
319,9,769.5,633.75,883.5,777.75,0.373779296875,2
319,10,1573.5,66.375,1597.5,103.875,0.36669921875,2
319,11,769.5,675.0,832.5,775.5,0.27978515625,2
319,12,768.0,633.75,1000.5,777.0,0.257568359375,2
319,13,1689.0,480.75,1767.0,579.75,0.2509765625,2
320,0,882.0,661.5,999.0,771.0,0.708984375,2
320,1,1296.0,93.1875,1314.0,122.0625,0.61669921875,2
320,2,1197.0,140.8125,1218.0,179.0625,0.5849609375,2
320,3,1767.0,477.75,1911.0,624.75,0.5400390625,2
320,4,1045.5,197.625,1069.5,239.25,0.53515625,2
320,5,1552.5,24.65625,1582.5,55.40625,0.494140625,1
320,6,1164.0,112.3125,1192.5,144.5625,0.478515625,2
320,7,1198.5,105.46875,1228.5,140.71875,0.43017578125,2
320,8,1365.0,47.53125,1380.0,67.78125,0.373779296875,2
320,9,1573.5,66.375,1597.5,103.875,0.36669921875,2
320,10,768.75,633.0,882.75,777.75,0.36474609375,2
320,11,769.5,675.75,832.5,775.5,0.291015625,2
321,0,1768.5,477.75,1909.5,624.75,0.72021484375,2
321,1,1294.5,94.5,1314.0,122.25,0.6259765625,2
321,2,1195.5,144.1875,1216.5,183.1875,0.61669921875,2
321,3,753.375,634.5,984.0,780.75,0.6083984375,2
321,4,865.5,660.75,982.5,777.75,0.60400390625,2
321,5,1164.0,111.5625,1197.0,144.1875,0.5146484375,2
321,6,1552.5,24.515625,1582.5,55.546875,0.501953125,1
321,7,1197.0,103.3125,1230.0,140.0625,0.470703125,2
321,8,1041.0,197.625,1068.0,243.375,0.420654296875,2
321,9,752.25,635.25,863.25,780.0,0.4130859375,2
321,10,1573.5,66.75,1597.5,103.875,0.355712890625,2
321,11,1689.0,478.5,1767.0,580.5,0.313232421875,2
321,12,1365.0,47.4375,1380.0,68.0625,0.3115234375,2
322,0,856.5,661.5,970.5,772.5,0.70068359375,2
322,1,1295.25,96.0,1313.25,123.375,0.65478515625,2
322,2,737.625,634.5,852.0,781.5,0.6279296875,2
322,3,1192.5,144.9375,1213.5,183.1875,0.6259765625,2
322,4,737.25,637.5,971.25,781.5,0.6103515625,2
322,5,1768.5,481.875,1909.5,624.375,0.5283203125,2
322,6,1554.0,24.375,1584.0,55.5,0.509765625,1
322,7,1041.0,198.75,1066.5,243.75,0.5078125,2
322,8,1164.0,111.5625,1197.0,143.8125,0.505859375,2
322,9,1195.5,99.1875,1231.5,138.5625,0.39794921875,2
322,10,1573.5,66.75,1597.5,103.875,0.350341796875,2
322,11,1365.0,47.53125,1380.0,68.15625,0.307373046875,2
323,0,856.5,661.5,970.5,772.5,0.69775390625,2
323,1,1294.5,96.0,1312.5,123.375,0.6513671875,2
323,2,737.625,634.5,852.0,781.5,0.6318359375,2
323,3,1192.5,145.03125,1213.5,183.375,0.6259765625,2
323,4,737.25,636.75,971.25,782.25,0.6123046875,2
323,5,1768.5,482.25,1909.5,624.75,0.52734375,2
323,6,1552.5,24.375,1582.5,55.59375,0.509765625,1
323,7,1041.0,198.9375,1066.5,243.5625,0.509765625,2
323,8,1164.0,111.5625,1197.0,143.8125,0.505859375,2
323,9,1195.5,99.375,1231.5,138.375,0.401611328125,2
323,10,1573.5,66.84375,1597.5,103.78125,0.352294921875,2
323,11,1365.0,47.53125,1380.0,68.15625,0.315673828125,2
324,0,828.0,663.0,939.0,772.5,0.66552734375,2
324,1,1294.5,95.8125,1311.0,121.6875,0.64599609375,2
324,2,708.75,638.25,810.0,786.75,0.60205078125,2
324,3,1767.0,481.5,1911.0,622.5,0.56591796875,2
324,4,1035.0,196.5,1059.0,243.0,0.517578125,2
324,5,1552.5,23.71875,1582.5,55.3125,0.4921875,1
324,6,1163.25,111.1875,1191.75,144.5625,0.445556640625,2
324,7,1188.0,149.625,1209.0,185.25,0.437744140625,2
324,8,1191.0,146.4375,1212.0,185.0625,0.405517578125,2
324,9,1195.5,97.6875,1231.5,138.5625,0.369384765625,2
324,10,1573.5,66.75,1597.5,103.5,0.322509765625,2
324,11,709.5,669.75,774.75,786.75,0.315673828125,2
324,12,1189.5,91.3125,1231.5,137.0625,0.30078125,1
324,13,1363.5,47.53125,1380.0,68.90625,0.2958984375,2
324,14,750.375,647.25,939.0,778.5,0.28466796875,2
325,0,812.25,664.5,924.75,774.0,0.79833984375,2
325,1,1293.75,96.375,1310.25,122.625,0.64599609375,2
325,2,694.5,639.0,808.5,790.5,0.57177734375,2
325,3,1031.25,194.625,1056.75,244.125,0.541015625,2
325,4,694.5,655.5,780.0,789.0,0.509765625,2
325,5,1554.0,23.71875,1584.0,55.3125,0.4765625,1
325,6,1188.0,149.25,1207.5,185.25,0.453369140625,2
325,7,1163.25,111.5625,1191.75,144.5625,0.440673828125,2
325,8,1195.5,96.9375,1231.5,138.1875,0.369384765625,2
325,9,1767.0,483.0,1911.0,622.5,0.338134765625,2
325,10,1188.75,91.125,1230.75,137.25,0.329345703125,1
325,11,1573.5,66.75,1597.5,103.5,0.325927734375,2
325,12,695.25,681.0,759.75,789.0,0.303955078125,2
325,13,1362.0,47.625,1380.0,69.5625,0.287841796875,2
326,0,812.25,664.5,924.75,774.0,0.796875,2
326,1,1294.5,96.5625,1309.5,122.8125,0.6513671875,2
326,2,694.5,639.0,808.5,790.5,0.56982421875,2
326,3,1031.25,194.625,1056.75,244.125,0.54296875,2
326,4,694.5,655.5,780.0,789.0,0.5078125,2
326,5,1552.5,23.71875,1582.5,55.3125,0.474609375,1
326,6,1188.0,149.15625,1207.5,185.25,0.45703125,2
326,7,1163.25,111.5625,1191.75,144.5625,0.442626953125,2
326,8,1195.5,96.9375,1231.5,138.1875,0.3701171875,2
326,9,1767.0,482.25,1911.0,622.5,0.34521484375,2
326,10,1188.75,91.125,1230.75,137.25,0.332763671875,1
326,11,1573.5,66.5625,1597.5,103.6875,0.32421875,2
326,12,695.25,681.0,759.75,789.0,0.30078125,2
326,13,1362.0,47.625,1380.0,69.375,0.282958984375,2
327,0,800.25,673.5,914.25,777.0,0.81396484375,2
327,1,681.75,638.25,792.75,792.0,0.7431640625,2
327,2,1292.25,96.75,1308.75,125.25,0.6875,2
327,3,1185.0,150.1875,1206.0,188.0625,0.60595703125,2
327,4,1552.5,23.71875,1582.5,55.40625,0.47265625,1
327,5,1028.25,194.25,1052.25,246.0,0.470703125,2
327,6,1186.5,91.78125,1231.5,137.34375,0.3701171875,1
327,7,1573.5,66.75,1597.5,103.5,0.329345703125,2
327,8,1164.0,109.125,1200.0,144.375,0.325927734375,2
327,9,1362.0,47.625,1380.0,69.5625,0.322509765625,2
327,10,1190.25,95.8125,1232.25,138.0,0.2568359375,2
328,0,1292.25,97.21875,1308.75,125.15625,0.689453125,2
328,1,1182.75,149.8125,1203.75,189.9375,0.5927734375,2
328,2,784.5,683.25,898.5,780.75,0.552734375,2
328,3,665.25,628.5,779.25,795.0,0.525390625,2
328,4,1025.25,195.0,1049.25,246.0,0.513671875,2
328,5,1552.5,23.4375,1582.5,55.59375,0.466796875,1
328,6,1189.5,94.78125,1231.5,138.28125,0.37939453125,1
328,7,1573.5,66.5625,1597.5,103.6875,0.32763671875,2
328,8,1362.0,47.625,1380.0,69.5625,0.325927734375,2
328,9,1768.5,485.25,1909.5,621.75,0.307373046875,2
328,10,666.75,639.0,747.75,795.0,0.294189453125,2
328,11,1162.5,110.8125,1195.5,144.9375,0.264404296875,2
328,12,755.25,660.0,899.25,784.5,0.26123046875,2
328,13,666.0,624.75,891.0,792.75,0.260498046875,2
329,0,1292.25,97.21875,1308.75,125.15625,0.689453125,2
329,1,1183.5,149.8125,1204.5,189.9375,0.5908203125,2
329,2,784.5,683.25,898.5,780.75,0.544921875,2
329,3,665.25,628.5,779.25,795.0,0.529296875,2
329,4,1025.25,195.375,1049.25,246.0,0.513671875,2
329,5,1552.5,23.4375,1582.5,55.59375,0.46875,1
329,6,1189.5,94.78125,1231.5,138.28125,0.375732421875,1
329,7,1573.5,66.5625,1597.5,103.6875,0.332763671875,2
329,8,1362.0,47.625,1380.0,69.5625,0.32421875,2
329,9,1768.5,485.25,1909.5,621.75,0.307373046875,2
329,10,666.75,639.0,747.75,795.0,0.299072265625,2
329,11,1162.5,110.90625,1195.5,144.84375,0.264404296875,2
329,12,665.25,624.75,893.25,792.75,0.259765625,2
329,13,753.375,659.25,900.0,784.5,0.259033203125,2
330,0,758.625,681.0,867.0,783.0,0.751953125,2
330,1,639.75,654.0,752.25,799.5,0.71240234375,2
330,2,1177.5,151.5,1198.5,191.625,0.66357421875,2
330,3,1022.25,204.375,1046.25,248.625,0.60595703125,2
330,4,1188.75,93.75,1230.75,138.0,0.56787109375,1
330,5,1288.5,98.25,1308.0,126.0,0.546875,2
330,6,1554.0,23.15625,1584.0,55.78125,0.474609375,1
330,7,1767.0,486.0,1911.0,622.5,0.388671875,2
330,8,1362.0,47.4375,1380.0,68.8125,0.3310546875,2
330,9,1573.5,66.375,1597.5,103.5,0.31396484375,2
330,10,1162.5,120.375,1186.5,148.875,0.313232421875,2
330,11,637.5,649.5,870.0,799.5,0.2783203125,2
331,0,1176.0,152.625,1197.0,190.5,0.7138671875,2
331,1,744.75,690.75,851.25,783.75,0.6689453125,2
331,2,1188.0,93.1875,1230.0,137.0625,0.6669921875,1
331,3,1020.0,203.8125,1044.0,248.4375,0.5888671875,2
331,4,1554.0,23.0625,1584.0,55.5,0.48046875,1
331,5,621.75,652.5,740.25,802.5,0.43017578125,2
331,6,1287.0,98.0625,1308.0,126.0,0.403564453125,2
331,7,1362.0,47.34375,1380.0,68.53125,0.320068359375,2
331,8,1770.0,482.25,1914.0,624.75,0.318359375,2
331,9,1161.75,120.75,1185.75,149.25,0.30322265625,2
331,10,1573.5,66.65625,1597.5,103.40625,0.301513671875,2
331,11,623.25,678.0,692.25,801.0,0.26513671875,2
332,0,1176.0,152.625,1197.0,190.5,0.7138671875,2
332,1,744.75,691.125,851.25,784.5,0.67041015625,2
332,2,1188.0,93.1875,1230.0,137.0625,0.66357421875,1
332,3,1020.0,203.4375,1044.0,248.4375,0.58984375,2
332,4,1554.0,23.15625,1584.0,55.40625,0.48046875,1
332,5,621.75,651.75,740.25,802.5,0.42626953125,2
332,6,1287.0,97.96875,1308.0,125.90625,0.403564453125,2
332,7,1770.0,482.25,1914.0,624.75,0.315673828125,2
332,8,1362.0,47.34375,1380.0,68.53125,0.31494140625,2
332,9,1161.75,120.75,1185.75,149.25,0.302490234375,2
332,10,1573.5,66.5625,1597.5,103.3125,0.301513671875,2
332,11,623.25,680.625,692.25,801.0,0.26904296875,2
333,0,729.375,682.5,834.0,786.0,0.81298828125,2
333,1,1174.5,153.375,1195.5,192.375,0.69287109375,2
333,2,1188.0,93.5625,1230.0,137.0625,0.69091796875,1
333,3,608.625,655.5,734.625,805.5,0.67919921875,2
333,4,1017.0,209.25,1041.0,251.25,0.615234375,2
333,5,1554.0,23.0625,1584.0,55.5,0.46484375,1
333,6,1287.0,97.6875,1308.0,125.8125,0.388671875,2
333,7,1162.5,120.84375,1189.5,150.65625,0.296630859375,2
333,8,1362.0,47.53125,1380.0,68.71875,0.291748046875,2
333,9,1573.5,66.9375,1597.5,103.3125,0.287841796875,2
333,10,1283.25,97.6875,1304.25,127.6875,0.256103515625,2
334,0,595.5,657.0,718.5,808.5,0.7490234375,2
334,1,1014.0,209.25,1038.0,252.75,0.74609375,2
334,2,1185.75,93.375,1230.75,137.25,0.74462890625,1
334,3,1173.0,153.75,1194.0,193.875,0.69921875,2
334,4,720.375,681.75,819.0,789.75,0.58154296875,2
334,5,1552.5,22.78125,1582.5,55.59375,0.447509765625,1
334,6,1284.0,98.625,1302.0,128.25,0.3486328125,2
334,7,603.0,654.0,819.0,804.0,0.338134765625,2
334,8,1287.0,99.0,1308.0,126.75,0.32080078125,2
334,9,1170.0,94.875,1230.0,140.25,0.31396484375,1
334,10,1573.5,66.9375,1597.5,103.3125,0.279052734375,2
334,11,1362.0,47.53125,1380.0,69.0,0.267333984375,2
335,0,1014.0,208.875,1038.0,252.75,0.74755859375,2
335,1,1185.0,93.375,1230.0,137.25,0.74169921875,1
335,2,595.5,658.125,718.5,808.5,0.740234375,2
335,3,1173.0,153.75,1194.0,193.875,0.70263671875,2
335,4,720.375,681.75,819.0,789.75,0.58154296875,2
335,5,1554.0,22.875,1584.0,55.59375,0.451416015625,1
335,6,1283.25,98.625,1301.25,128.25,0.350341796875,2
335,7,600.0,654.0,819.0,804.0,0.3408203125,2
335,8,1287.0,99.0,1308.0,126.75,0.319091796875,2
335,9,1170.0,94.875,1230.0,140.25,0.312255859375,1
335,10,1573.5,66.75,1597.5,103.3125,0.28369140625,2
335,11,1362.0,47.53125,1380.0,69.0,0.2666015625,2
336,0,1008.0,209.25,1035.0,255.0,0.79931640625,2
336,1,569.25,663.75,788.25,812.25,0.71044921875,2
336,2,569.25,662.625,668.25,816.0,0.68603515625,2
336,3,1167.75,158.25,1190.25,196.5,0.5927734375,2
336,4,627.75,687.0,789.75,805.5,0.5546875,2
336,5,1282.5,98.71875,1300.5,128.90625,0.5234375,2
336,6,1186.5,95.25,1230.0,137.625,0.4765625,1
336,7,1552.5,23.0625,1582.5,55.875,0.42431640625,1
336,8,1573.5,66.375,1597.5,103.3125,0.315673828125,2
336,9,1551.0,10.125,1581.0,55.6875,0.26904296875,4
337,0,1006.5,209.625,1033.5,255.75,0.7880859375,2
337,1,553.5,671.25,670.5,819.75,0.658203125,2
337,2,1164.0,156.375,1185.0,196.875,0.62158203125,2
337,3,554.25,702.0,618.0,819.0,0.56591796875,2
337,4,676.5,687.0,777.75,796.5,0.55810546875,2
337,5,1283.25,101.0625,1299.75,130.6875,0.546875,2
337,6,1185.0,95.34375,1230.0,138.46875,0.517578125,1
337,7,555.0,671.625,776.25,816.0,0.48828125,2
337,8,1554.0,22.96875,1584.0,55.875,0.447509765625,1
337,9,1573.5,65.8125,1597.5,103.5,0.332763671875,2
338,0,1006.5,209.625,1033.5,255.375,0.7880859375,2
338,1,553.5,671.25,670.5,819.75,0.6494140625,2
338,2,1164.0,156.375,1185.0,196.875,0.62158203125,2
338,3,554.25,703.5,618.0,819.0,0.56787109375,2
338,4,676.5,687.0,777.75,796.5,0.556640625,2
338,5,1283.25,101.0625,1299.75,130.6875,0.546875,2
338,6,1185.0,95.25,1230.0,138.375,0.521484375,1
338,7,555.0,671.625,776.25,816.0,0.4912109375,2
338,8,1552.5,22.96875,1582.5,55.96875,0.447509765625,1
338,9,1573.5,65.90625,1597.5,103.40625,0.33447265625,2
339,0,1002.75,212.625,1028.25,256.125,0.78125,2
339,1,539.625,660.75,760.875,822.75,0.65673828125,2
339,2,1284.0,102.0,1299.0,131.625,0.58154296875,2
339,3,1163.25,158.25,1182.75,198.75,0.57666015625,2
339,4,1183.5,94.875,1228.5,139.125,0.458984375,1
339,5,540.0,669.0,658.5,822.0,0.43212890625,2
339,6,1552.5,23.34375,1582.5,55.96875,0.43017578125,1
339,7,540.375,673.5,603.375,822.0,0.420654296875,2
339,8,657.75,696.75,762.0,804.75,0.388671875,2
339,9,1573.5,65.8125,1597.5,103.5,0.341552734375,2
340,0,527.25,666.75,745.5,825.75,0.7890625,2
340,1,999.75,214.125,1026.75,256.875,0.75927734375,2
340,2,1281.0,103.875,1299.0,132.0,0.59619140625,2
340,3,1160.25,158.25,1181.25,197.25,0.591796875,2
340,4,1554.0,23.625,1584.0,55.96875,0.43408203125,1
340,5,1180.5,97.3125,1228.5,139.3125,0.338134765625,1
340,6,1573.5,66.09375,1597.5,103.40625,0.3310546875,2
340,7,527.25,685.125,602.25,823.5,0.291015625,2
341,0,527.25,666.75,745.5,825.75,0.79052734375,2
341,1,999.0,214.125,1026.0,256.875,0.7607421875,2
341,2,1281.0,104.0625,1299.0,132.0,0.5947265625,2
341,3,1160.25,158.625,1181.25,197.25,0.591796875,2
341,4,1552.5,23.71875,1582.5,55.96875,0.439697265625,1
341,5,1180.5,97.125,1228.5,139.3125,0.33984375,1
341,6,1573.5,66.09375,1597.5,103.40625,0.3310546875,2
341,7,527.25,684.0,602.25,823.5,0.291748046875,2
342,0,499.5,684.75,717.0,837.75,0.865234375,2
342,1,1156.5,167.0625,1177.5,201.9375,0.6513671875,2
342,2,1279.5,106.78125,1294.5,134.34375,0.6298828125,2
342,3,994.5,215.4375,1018.5,259.3125,0.56005859375,2
342,4,501.0,682.5,628.5,835.5,0.484375,2
342,5,1554.0,23.90625,1584.0,56.15625,0.462890625,1
342,6,1183.5,97.5,1228.5,138.75,0.39599609375,1
342,7,1573.5,66.1875,1597.5,103.3125,0.325927734375,2
343,0,486.0,682.5,705.0,840.0,0.86083984375,2
343,1,991.5,216.5625,1015.5,259.6875,0.74169921875,2
343,2,1153.5,167.625,1174.5,204.375,0.67041015625,2
343,3,1278.0,105.9375,1293.0,134.0625,0.5947265625,2
343,4,489.375,684.375,592.125,840.0,0.5830078125,2
343,5,1185.0,96.5625,1227.0,138.1875,0.517578125,1
343,6,1554.0,23.90625,1584.0,56.15625,0.455078125,1
343,7,1573.5,66.1875,1597.5,103.3125,0.32421875,2
343,8,489.375,714.375,565.125,840.0,0.28369140625,2
343,9,1356.0,52.96875,1371.0,74.71875,0.254638671875,2
343,10,488.25,756.0,545.25,840.0,0.251708984375,2
344,0,486.0,682.5,705.0,840.0,0.861328125,2
344,1,991.5,216.5625,1015.5,259.6875,0.74169921875,2
344,2,1153.5,167.625,1174.5,204.375,0.67041015625,2
344,3,1278.0,105.9375,1293.0,134.0625,0.5947265625,2
344,4,489.375,684.375,592.125,840.0,0.58154296875,2
344,5,1185.0,96.375,1227.0,138.375,0.521484375,1
344,6,1554.0,23.90625,1584.0,56.15625,0.455078125,1
344,7,1573.5,66.1875,1597.5,103.3125,0.322509765625,2
344,8,489.375,714.0,565.125,840.0,0.281494140625,2
344,9,1356.0,52.96875,1371.0,74.71875,0.26220703125,2
345,0,990.0,216.375,1014.0,260.25,0.75341796875,2
345,1,475.125,687.75,689.625,842.25,0.67578125,2
345,2,474.75,687.75,578.25,843.75,0.6689453125,2
345,3,1150.5,168.375,1174.5,205.875,0.658203125,2
345,4,1277.25,105.9375,1292.25,135.5625,0.6298828125,2
345,5,590.25,703.875,689.25,823.5,0.509765625,2
345,6,1554.0,24.1875,1584.0,56.25,0.466796875,1
345,7,1185.0,96.0,1228.5,138.75,0.46484375,1
345,8,1573.5,66.0,1597.5,103.5,0.33642578125,2
345,9,1356.0,53.015625,1371.0,74.8125,0.29345703125,2
346,0,463.5,694.5,586.5,847.5,0.8662109375,2
346,1,1148.25,166.875,1170.75,205.125,0.67578125,2
346,2,984.75,218.25,1010.25,262.5,0.6494140625,2
346,3,1275.0,105.09375,1293.0,135.65625,0.615234375,2
346,4,582.0,705.0,675.0,822.0,0.55810546875,2
346,5,461.625,696.75,674.625,843.75,0.552734375,2
346,6,1554.0,24.09375,1584.0,56.25,0.4765625,1
346,7,1185.0,95.25,1227.0,138.75,0.418701171875,1
346,8,1573.5,65.53125,1597.5,103.59375,0.350341796875,2
346,9,1356.0,52.875,1371.0,75.0,0.329345703125,2
347,0,463.125,694.5,586.125,847.5,0.8671875,2
347,1,1148.25,166.875,1170.75,205.125,0.67578125,2
347,2,984.75,218.25,1010.25,262.5,0.64794921875,2
347,3,1275.0,105.09375,1293.0,135.65625,0.615234375,2
347,4,582.0,705.0,675.0,822.0,0.56201171875,2
347,5,461.25,696.75,674.25,843.75,0.5439453125,2
347,6,1554.0,24.09375,1584.0,56.34375,0.474609375,1
347,7,1185.0,95.25,1227.0,138.75,0.43017578125,1
347,8,1573.5,65.625,1597.5,103.5,0.350341796875,2
347,9,1356.0,52.875,1371.0,75.0,0.325927734375,2
348,0,979.5,218.25,1005.0,264.75,0.67041015625,2
348,1,1143.0,168.375,1167.0,209.625,0.63330078125,2
348,2,1270.5,103.875,1290.0,136.875,0.609375,2
348,3,437.25,723.375,512.25,855.0,0.59814453125,2
348,4,1185.0,93.9375,1227.0,138.9375,0.517578125,1
348,5,554.25,714.0,644.25,825.0,0.46875,2
348,6,1554.0,24.0,1584.0,56.34375,0.466796875,1
348,7,438.75,723.375,642.75,855.0,0.438720703125,2
348,8,1573.5,65.25,1597.5,103.875,0.3720703125,2
348,9,1356.0,52.6875,1371.0,75.1875,0.33984375,2
348,10,437.25,714.0,552.0,855.0,0.33642578125,2
348,11,533.625,710.25,644.625,843.75,0.3251953125,2
349,0,426.0,706.125,630.0,862.5,0.8662109375,2
349,1,976.5,219.375,1003.5,265.125,0.72021484375,2
349,2,425.25,706.125,549.75,862.5,0.5849609375,2
349,3,1270.5,104.8125,1288.5,136.875,0.57568359375,2
349,4,1140.75,169.125,1164.75,211.125,0.56396484375,2
349,5,1185.0,93.5625,1227.0,138.75,0.529296875,1
349,6,1554.0,24.1875,1584.0,56.34375,0.478515625,1
349,7,1573.5,65.625,1597.5,103.875,0.3701171875,2
349,8,1356.0,52.59375,1371.0,75.28125,0.363037109375,2
349,9,538.875,713.25,631.125,831.75,0.315673828125,2
350,0,426.375,706.125,629.625,862.5,0.8623046875,2
350,1,976.5,219.1875,1003.5,265.3125,0.7216796875,2
350,2,425.25,705.75,549.75,863.25,0.59814453125,2
350,3,1270.5,105.0,1288.5,136.875,0.5830078125,2
350,4,1140.75,169.125,1164.75,211.125,0.56201171875,2
350,5,1185.0,93.75,1227.0,138.75,0.5234375,1
350,6,1554.0,24.234375,1584.0,56.390625,0.48046875,1
350,7,1573.5,65.4375,1597.5,103.6875,0.3720703125,2
350,8,1356.0,52.734375,1371.0,75.1875,0.36474609375,2
350,9,539.25,713.25,630.75,831.75,0.338134765625,2
350,10,1689.0,485.625,1773.0,580.875,0.262939453125,2
351,0,413.625,711.0,611.625,867.0,0.7880859375,2
351,1,1137.75,171.75,1161.75,213.0,0.70556640625,2
351,2,974.25,222.375,999.75,267.375,0.68603515625,2
351,3,533.25,717.375,617.25,831.0,0.611328125,2
351,4,1270.5,104.34375,1288.5,138.09375,0.59814453125,2
351,5,415.125,709.875,543.375,865.5,0.55810546875,2
351,6,1182.0,93.75,1227.0,139.125,0.53515625,1
351,7,1554.0,24.421875,1584.0,56.390625,0.490234375,1
351,8,1573.5,65.25,1597.5,103.875,0.385009765625,2
351,9,1356.0,52.40625,1371.0,75.28125,0.383056640625,2
352,0,403.125,716.25,601.875,870.75,0.8662109375,2
352,1,1135.5,174.0,1159.5,213.75,0.73095703125,2
352,2,1182.0,93.5625,1227.0,138.75,0.63525390625,1
352,3,972.0,224.4375,999.0,268.6875,0.61669921875,2
352,4,1269.75,104.625,1287.75,138.375,0.53125,2
352,5,1554.0,24.5625,1584.0,56.4375,0.50390625,1
352,6,1356.0,52.96875,1371.0,75.28125,0.392333984375,2
352,7,1573.5,65.34375,1597.5,103.78125,0.37939453125,2
352,8,402.375,720.0,529.875,871.5,0.3115234375,2
353,0,403.125,716.25,601.875,870.75,0.8662109375,2
353,1,1135.5,173.625,1159.5,213.75,0.7294921875,2
353,2,1182.0,93.5625,1227.0,138.75,0.638671875,1
353,3,972.0,224.4375,999.0,268.6875,0.615234375,2
353,4,1269.75,104.4375,1287.75,138.375,0.529296875,2
353,5,1554.0,24.609375,1584.0,56.484375,0.501953125,1
353,6,1356.0,52.921875,1371.0,75.375,0.39599609375,2
353,7,1573.5,65.0625,1597.5,103.6875,0.3701171875,2
353,8,402.375,721.125,529.875,871.5,0.31494140625,2
354,0,377.25,715.5,573.75,882.0,0.8955078125,2
354,1,1180.5,93.65625,1228.5,138.84375,0.73095703125,1
354,2,965.25,224.625,990.75,269.25,0.68603515625,2
354,3,1129.5,175.6875,1152.0,216.9375,0.67724609375,2
354,4,1266.0,110.4375,1284.0,141.375,0.544921875,2
354,5,1554.0,24.46875,1584.0,56.53125,0.517578125,1
354,6,1356.0,52.3125,1368.0,74.8125,0.414794921875,2
354,7,1573.5,64.5,1597.5,103.875,0.403564453125,2
354,8,1689.0,485.25,1773.0,581.25,0.2822265625,2
354,9,378.0,714.375,509.25,882.0,0.26513671875,2
355,0,366.0,723.75,559.5,887.25,0.896484375,2
355,1,1182.0,93.84375,1230.0,138.65625,0.77978515625,1
355,2,1128.0,176.625,1149.0,217.125,0.69091796875,2
355,3,960.0,228.0,987.0,270.75,0.65673828125,2
355,4,1266.0,112.5,1284.0,142.875,0.54296875,2
355,5,1554.0,24.46875,1584.0,56.53125,0.5234375,1
355,6,1356.0,52.78125,1368.0,74.90625,0.42822265625,2
355,7,1573.5,64.875,1597.5,103.875,0.39599609375,2
355,8,1689.0,485.625,1773.0,580.875,0.309814453125,2
355,9,366.1875,727.125,483.0,886.5,0.29736328125,2
356,0,365.625,723.75,559.875,887.25,0.8916015625,2
356,1,1182.0,93.9375,1230.0,138.5625,0.78125,1
356,2,1128.0,176.625,1149.0,217.125,0.69091796875,2
356,3,960.0,228.0,987.0,270.75,0.65673828125,2
356,4,1266.0,112.5,1284.0,142.875,0.546875,2
356,5,1551.0,24.46875,1584.0,56.53125,0.525390625,1
356,6,1356.0,53.15625,1368.0,75.28125,0.449462890625,2
356,7,1573.5,64.875,1597.5,103.875,0.394287109375,2
356,8,365.8125,727.125,483.0,886.5,0.3310546875,2
356,9,1689.0,485.25,1773.0,581.25,0.319091796875,2
357,0,351.75,724.875,546.0,892.5,0.7431640625,2
357,1,1179.75,95.25,1229.25,139.125,0.7138671875,1
357,2,1126.5,177.75,1147.5,218.25,0.61669921875,2
357,3,958.5,227.625,985.5,271.125,0.615234375,2
357,4,353.625,744.0,439.125,891.0,0.52734375,2
357,5,1551.0,24.515625,1584.0,56.765625,0.470703125,1
357,6,1264.5,111.65625,1282.5,144.09375,0.4697265625,2
357,7,1356.0,52.125,1368.0,75.375,0.46875,2
357,8,1573.5,63.28125,1597.5,104.15625,0.42822265625,2
357,9,380.625,688.875,401.625,710.625,0.2744140625,2
358,0,341.0625,733.5,459.75,895.5,0.8642578125,2
358,1,1179.0,94.3125,1230.0,138.9375,0.72021484375,1
358,2,954.75,230.625,981.75,271.5,0.6533203125,2
358,3,1125.0,180.0,1144.5,218.25,0.57958984375,2
358,4,1263.75,112.125,1280.25,144.75,0.470703125,2
358,5,1551.0,24.5625,1584.0,56.71875,0.4609375,1
358,6,1356.0,52.21875,1368.0,75.65625,0.453369140625,2
358,7,1573.5,63.1875,1597.5,104.0625,0.435791015625,2
358,8,455.25,738.0,533.25,858.0,0.39599609375,2
358,9,342.1875,728.625,534.0,894.0,0.390380859375,2
358,10,425.25,732.0,534.75,882.0,0.296630859375,2
358,11,1689.0,487.5,1773.0,581.25,0.282958984375,2
359,0,341.0625,733.5,459.75,895.5,0.86328125,2
359,1,1179.0,94.3125,1230.0,138.9375,0.72314453125,1
359,2,954.75,230.625,981.75,271.5,0.6533203125,2
359,3,1125.0,180.0,1144.5,218.25,0.58154296875,2
359,4,1263.75,112.125,1280.25,144.75,0.4697265625,2
359,5,1551.0,24.515625,1584.0,56.765625,0.4609375,1
359,6,1356.0,52.21875,1368.0,75.65625,0.45703125,2
359,7,1573.5,63.09375,1597.5,104.15625,0.43408203125,2
359,8,455.625,738.0,533.625,858.0,0.394287109375,2
359,9,342.1875,729.0,534.0,894.0,0.383056640625,2
359,10,428.25,732.0,534.75,882.0,0.294189453125,2
359,11,1689.0,487.5,1773.0,581.25,0.28466796875,2
360,0,1176.0,93.375,1230.0,138.375,0.75048828125,1
360,1,316.875,747.75,432.75,908.25,0.6806640625,2
360,2,948.0,229.5,975.0,273.75,0.67724609375,2
360,3,314.8125,738.0,502.5,909.0,0.59375,2
360,4,1118.25,182.25,1140.75,221.625,0.5390625,2
360,5,1356.0,53.484375,1368.0,75.9375,0.486328125,2
360,6,1261.5,114.5625,1276.5,145.6875,0.4775390625,2
360,7,1551.0,24.84375,1584.0,56.71875,0.466796875,1
360,8,429.0,751.5,505.5,871.5,0.462890625,2
360,9,1573.5,63.46875,1597.5,103.96875,0.420654296875,2
360,10,1765.5,481.875,1894.5,623.625,0.338134765625,2
360,11,340.5,706.5,358.125,727.5,0.33642578125,2
361,0,1176.75,93.375,1230.75,138.375,0.80322265625,1
361,1,305.25,750.0,415.5,913.5,0.67236328125,2
361,2,1113.0,182.4375,1137.0,222.9375,0.541015625,2
361,3,945.75,231.75,971.25,274.875,0.521484375,2
361,4,1551.0,24.984375,1584.0,56.765625,0.482421875,1
361,5,416.625,756.0,494.625,871.5,0.470703125,2
361,6,1355.25,53.484375,1367.25,75.5625,0.45703125,2
361,7,1765.5,480.75,1894.5,624.75,0.445556640625,2
361,8,1261.5,114.9375,1276.5,146.0625,0.436767578125,2
361,9,1573.5,63.5625,1597.5,104.0625,0.420654296875,2
361,10,1259.25,117.0,1274.25,146.8125,0.4072265625,2
361,11,303.75,739.5,495.0,913.5,0.394287109375,2
361,12,323.8125,711.75,342.5625,729.75,0.307373046875,2
361,13,369.375,746.25,496.125,893.25,0.287841796875,2
361,14,1512.0,0.0,1527.0,17.953125,0.27197265625,2
362,0,1176.75,93.375,1230.75,138.375,0.8056640625,1
362,1,305.25,750.0,415.125,913.5,0.67041015625,2
362,2,1113.0,182.4375,1137.0,222.9375,0.541015625,2
362,3,945.75,231.75,971.25,274.875,0.51953125,2
362,4,1551.0,24.984375,1584.0,56.765625,0.482421875,1
362,5,416.625,756.0,494.625,871.5,0.46875,2
362,6,1355.25,53.4375,1367.25,75.5625,0.458984375,2
362,7,1765.5,480.75,1894.5,624.75,0.449462890625,2
362,8,1261.5,114.9375,1276.5,146.0625,0.43505859375,2
362,9,1573.5,63.75,1597.5,103.875,0.418701171875,2
362,10,1259.25,117.0,1274.25,146.8125,0.405517578125,2
362,11,303.375,739.5,495.375,913.5,0.39892578125,2
362,12,323.8125,711.75,342.5625,729.75,0.3056640625,2
362,13,354.375,745.5,496.125,895.5,0.289306640625,2
362,14,1512.0,0.0,1527.0,18.0,0.271240234375,2
363,0,1176.0,93.1875,1230.0,138.375,0.810546875,1
363,1,292.875,742.5,478.875,919.5,0.806640625,2
363,2,942.75,230.625,969.75,276.375,0.689453125,2
363,3,292.125,747.0,407.625,918.0,0.53125,2
363,4,1764.0,477.375,1890.0,625.125,0.5009765625,2
363,5,1355.25,52.640625,1365.75,74.8125,0.48046875,2
363,6,1551.0,25.21875,1584.0,56.90625,0.458984375,1
363,7,1112.25,183.1875,1133.25,222.9375,0.43212890625,2
363,8,1573.5,63.5625,1597.5,103.875,0.43017578125,2
363,9,1261.5,114.75,1276.5,146.25,0.37939453125,2
363,10,1258.5,116.8125,1273.5,147.1875,0.36474609375,2
363,11,1509.75,0.0,1526.25,17.765625,0.30078125,2
363,12,312.75,718.5,330.75,739.5,0.285400390625,2
364,0,280.875,741.0,466.5,924.0,0.87255859375,2
364,1,1176.0,93.5625,1230.0,138.375,0.81982421875,1
364,2,939.0,232.5,964.5,276.75,0.63525390625,2
364,3,1764.0,477.0,1893.0,625.5,0.55810546875,2
364,4,1354.5,53.0625,1365.0,75.1875,0.5,2
364,5,1551.0,25.21875,1584.0,56.90625,0.453369140625,1
364,6,1573.5,63.5625,1597.5,103.6875,0.43408203125,2
364,7,1255.5,117.0,1272.0,147.75,0.390380859375,2
364,8,1107.0,181.5,1129.5,222.0,0.34326171875,2
364,9,296.625,719.25,316.875,747.75,0.2998046875,2
364,10,1259.25,115.125,1274.25,147.0,0.29248046875,2
364,11,1509.0,0.0,1525.5,18.0,0.2861328125,2
365,0,280.875,741.0,466.125,924.0,0.87841796875,2
365,1,1176.0,93.5625,1230.0,138.375,0.822265625,1
365,2,939.0,232.5,964.5,276.75,0.63720703125,2
365,3,1764.0,477.0,1893.0,625.5,0.56201171875,2
365,4,1354.5,53.0625,1365.0,75.1875,0.501953125,2
365,5,1551.0,25.21875,1584.0,56.90625,0.45703125,1
365,6,1573.5,63.5625,1597.5,103.6875,0.43017578125,2
365,7,1255.5,117.0,1272.0,147.75,0.38671875,2
365,8,1107.0,181.5,1129.5,222.0,0.34326171875,2
365,9,296.625,719.25,316.875,747.75,0.301513671875,2
365,10,1259.25,115.3125,1274.25,146.8125,0.2958984375,2
365,11,1509.0,0.0,1525.5,18.0,0.28466796875,2
366,0,1177.5,93.5625,1231.5,138.1875,0.83203125,1
366,1,256.125,763.5,435.0,936.0,0.74462890625,2
366,2,253.875,771.0,385.125,936.0,0.72314453125,2
366,3,255.375,804.0,370.125,936.0,0.708984375,2
366,4,1351.5,52.3125,1363.5,75.0,0.546875,2
366,5,1101.0,185.25,1125.0,225.75,0.546875,2
366,6,934.5,233.4375,958.5,279.5625,0.546875,2
366,7,1551.0,25.03125,1584.0,56.71875,0.462890625,1
366,8,1767.0,476.25,1905.0,626.25,0.446533203125,2
366,9,1573.5,63.46875,1597.5,103.96875,0.441650390625,2
366,10,1252.5,118.6875,1269.0,147.75,0.39794921875,2
366,11,1506.75,0.0,1524.75,17.71875,0.285400390625,2
367,0,1176.0,92.4375,1230.0,137.8125,0.82763671875,1
367,1,241.875,769.5,422.625,940.5,0.822265625,2
367,2,930.0,233.625,957.0,280.875,0.60595703125,2
367,3,241.5,775.5,360.375,940.5,0.541015625,2
367,4,1351.5,51.75,1363.5,75.0,0.51171875,2
367,5,1100.25,186.375,1122.75,227.625,0.474609375,2
367,6,1551.0,25.125,1584.0,56.625,0.45703125,1
367,7,1765.5,476.25,1903.5,625.5,0.453369140625,2
367,8,1573.5,63.5625,1597.5,104.0625,0.43017578125,2
367,9,351.1875,778.5,423.0,898.5,0.361083984375,2
367,10,1252.5,117.5625,1267.5,147.9375,0.287841796875,2
367,11,1507.5,0.0,1525.5,17.53125,0.257568359375,2
368,0,1176.0,92.4375,1230.0,137.8125,0.82666015625,1
368,1,241.875,768.0,422.625,940.5,0.82421875,2
368,2,930.0,233.625,957.0,280.875,0.60595703125,2
368,3,241.5,775.5,360.375,940.5,0.5234375,2
368,4,1351.5,51.796875,1363.5,75.0,0.509765625,2
368,5,1100.25,186.375,1122.75,227.625,0.474609375,2
368,6,1551.0,25.125,1584.0,56.71875,0.455078125,1
368,7,1765.5,476.25,1903.5,625.5,0.451416015625,2
368,8,1573.5,63.46875,1597.5,103.96875,0.42626953125,2
368,9,351.1875,778.5,423.0,898.5,0.3486328125,2
368,10,1252.5,117.5625,1267.5,147.9375,0.285400390625,2
368,11,1507.5,0.0,1525.5,17.53125,0.257568359375,2
369,0,227.25,771.75,409.125,947.25,0.8408203125,2
369,1,1176.75,91.875,1230.75,137.8125,0.8232421875,1
369,2,927.0,234.75,954.0,282.0,0.6494140625,2
369,3,1096.5,187.875,1120.5,228.375,0.505859375,2
369,4,1351.5,51.421875,1363.5,74.625,0.5,2
369,5,1765.5,476.625,1903.5,625.875,0.46875,2
369,6,1551.0,25.03125,1584.0,56.625,0.46484375,1
369,7,1573.5,63.1875,1597.5,104.0625,0.4609375,2
369,8,1248.0,119.0625,1263.0,148.6875,0.3486328125,2
369,9,228.0,777.75,344.25,945.75,0.3173828125,2
370,0,214.875,772.5,397.875,952.5,0.85009765625,2
370,1,1177.5,91.3125,1231.5,137.8125,0.8291015625,1
370,2,924.0,238.125,951.0,283.125,0.66015625,2
370,3,1348.5,51.75,1363.5,74.4375,0.51953125,2
370,4,1096.5,191.8125,1117.5,231.9375,0.46484375,2
370,5,1765.5,476.25,1906.5,625.5,0.458984375,2
370,6,1573.5,63.28125,1597.5,103.96875,0.45703125,2
370,7,1551.0,24.75,1584.0,56.625,0.451416015625,1
370,8,1246.5,121.5,1261.5,151.125,0.43017578125,2
371,0,214.875,772.5,397.875,952.5,0.8408203125,2
371,1,1177.5,91.3125,1231.5,137.8125,0.8291015625,1
371,2,923.25,238.125,950.25,283.125,0.66015625,2
371,3,1348.5,51.75,1363.5,74.4375,0.51953125,2
371,4,1765.5,475.5,1906.5,625.5,0.4619140625,2
371,5,1096.5,191.8125,1117.5,231.9375,0.4609375,2
371,6,1573.5,63.1875,1597.5,104.0625,0.45703125,2
371,7,1551.0,24.75,1584.0,56.625,0.449462890625,1
371,8,1246.5,121.5,1261.5,151.125,0.43212890625,2
372,0,1177.5,91.21875,1231.5,138.09375,0.78125,1
372,1,918.0,242.4375,942.0,286.3125,0.6875,2
372,2,298.6875,802.5,369.9375,918.0,0.662109375,2
372,3,189.75,784.5,306.75,964.5,0.60205078125,2
372,4,1347.0,51.890625,1362.0,74.8125,0.55078125,2
372,5,1551.0,24.28125,1584.0,56.34375,0.4765625,1
372,6,1573.5,63.5625,1597.5,104.0625,0.451416015625,2
372,7,1767.0,476.25,1905.0,624.75,0.43115234375,2
372,8,1245.0,122.15625,1260.0,154.96875,0.414794921875,2
372,9,1092.0,195.375,1110.0,231.75,0.373779296875,2
372,10,263.8125,768.0,313.6875,813.0,0.3056640625,2
373,0,1180.5,91.6875,1231.5,138.1875,0.7646484375,1
373,1,913.5,242.4375,940.5,286.6875,0.69580078125,2
373,2,174.46875,855.0,239.625,972.0,0.5927734375,2
373,3,1347.0,51.515625,1363.5,74.8125,0.537109375,2
373,4,1551.0,24.28125,1584.0,56.34375,0.482421875,1
373,5,1573.5,63.28125,1597.5,104.15625,0.46484375,2
373,6,1090.5,198.75,1108.5,236.25,0.437744140625,2
373,7,1767.0,476.25,1902.0,624.75,0.363037109375,2
373,8,186.65625,761.25,205.5,783.75,0.306640625,2
373,9,1245.0,121.6875,1260.0,152.8125,0.279052734375,2
373,10,235.125,775.5,301.125,826.5,0.27587890625,2
374,0,1179.0,91.6875,1231.5,138.1875,0.763671875,1
374,1,913.5,242.0625,940.5,286.6875,0.69580078125,2
374,2,174.46875,855.0,239.625,972.0,0.59619140625,2
374,3,1347.0,51.375,1362.0,74.8125,0.537109375,2
374,4,1551.0,24.28125,1584.0,56.34375,0.482421875,1
374,5,1573.5,63.28125,1597.5,104.15625,0.462890625,2
374,6,1090.5,198.375,1108.5,236.625,0.439697265625,2
374,7,1767.0,476.25,1902.0,624.75,0.36376953125,2
374,8,186.65625,761.25,205.5,783.75,0.304931640625,2
374,9,1245.0,121.6875,1260.0,152.8125,0.280517578125,2
374,10,234.75,775.5,301.125,826.5,0.27978515625,2
375,0,1179.0,91.6875,1231.5,138.375,0.72314453125,1
375,1,912.0,243.9375,936.0,288.1875,0.6259765625,2
375,2,160.03125,787.5,341.625,979.5,0.55078125,2
375,3,1084.5,198.9375,1105.5,239.8125,0.52734375,2
375,4,1347.0,51.46875,1362.0,75.46875,0.5234375,2
375,5,1551.0,24.65625,1584.0,56.34375,0.484375,1
375,6,1573.5,63.375,1597.5,104.25,0.470703125,2
375,7,1767.0,476.25,1899.0,624.75,0.362060546875,2
375,8,1243.5,121.96875,1260.0,152.71875,0.275146484375,2
375,9,160.40625,873.0,256.5,978.0,0.2705078125,2
376,0,145.125,787.5,330.75,985.5,0.77978515625,2
376,1,1079.25,198.375,1103.25,241.125,0.62255859375,2
376,2,908.25,243.5625,933.75,290.0625,0.607421875,2
376,3,1179.75,90.9375,1230.75,138.1875,0.55078125,1
376,4,1347.75,50.4375,1362.75,75.9375,0.49609375,2
376,5,1551.0,24.65625,1584.0,56.34375,0.474609375,1
376,6,1573.5,63.28125,1597.5,104.15625,0.474609375,2
376,7,1767.0,476.25,1893.0,624.75,0.462890625,2
376,8,147.375,796.5,265.875,985.5,0.4072265625,2
376,9,256.125,813.75,328.875,945.75,0.357666015625,2
377,0,145.125,787.5,330.75,985.5,0.77978515625,2
377,1,1079.25,198.375,1103.25,241.125,0.62060546875,2
377,2,908.25,243.5625,933.75,290.0625,0.609375,2
377,3,1179.75,90.9375,1230.75,138.1875,0.546875,1
377,4,1347.75,50.484375,1362.75,75.9375,0.49609375,2
377,5,1551.0,24.65625,1584.0,56.34375,0.474609375,1
377,6,1573.5,63.375,1597.5,104.25,0.474609375,2
377,7,1767.0,476.25,1893.0,624.75,0.4599609375,2
377,8,147.375,796.5,265.875,985.5,0.4072265625,2
377,9,256.125,813.75,328.875,945.75,0.359375,2
378,0,1074.0,199.875,1101.0,244.125,0.63525390625,2
378,1,901.5,250.5,928.5,293.625,0.59619140625,2
378,2,1347.0,50.4375,1362.0,76.125,0.529296875,2
378,3,1180.5,90.9375,1231.5,138.1875,0.521484375,1
378,4,1235.25,124.125,1253.25,159.0,0.521484375,2
378,5,1573.5,63.5625,1597.5,104.25,0.482421875,2
378,6,119.4375,811.5,302.4375,997.5,0.4765625,2
378,7,1767.0,475.875,1896.0,624.375,0.445556640625,2
378,8,1551.0,24.796875,1584.0,56.390625,0.443603515625,1
378,9,232.875,838.5,301.125,949.5,0.287841796875,2
379,0,106.03125,813.0,286.875,1003.5,0.7041015625,2
379,1,1071.0,201.5625,1098.0,244.3125,0.66015625,2
379,2,1233.0,125.4375,1251.0,159.5625,0.5888671875,2
379,3,1347.0,51.09375,1362.0,76.59375,0.556640625,2
379,4,1767.0,475.5,1899.0,624.0,0.509765625,2
379,5,1573.5,63.5625,1597.5,104.4375,0.5,2
379,6,1177.5,93.0,1234.5,139.5,0.455078125,2
379,7,1551.0,24.75,1584.0,56.34375,0.441650390625,1
379,8,900.75,248.625,926.25,293.625,0.43017578125,2
379,9,103.3125,825.0,222.9375,1005.0,0.418701171875,2
379,10,217.5,846.0,286.5,960.0,0.33984375,2
379,11,1179.75,91.875,1233.75,138.375,0.33642578125,1
379,12,118.59375,794.25,147.09375,819.75,0.32080078125,2
380,0,106.03125,811.5,286.875,1003.5,0.7041015625,2
380,1,1071.0,201.5625,1098.0,244.3125,0.66015625,2
380,2,1233.0,125.25,1251.0,159.75,0.5888671875,2
380,3,1347.0,51.09375,1362.0,76.59375,0.556640625,2
380,4,1573.5,63.5625,1597.5,104.4375,0.501953125,2
380,5,1767.0,475.5,1896.0,624.0,0.4970703125,2
380,6,1551.0,24.75,1584.0,56.4375,0.437744140625,1
380,7,1177.5,93.0,1234.5,139.5,0.43408203125,2
380,8,900.75,248.625,926.25,293.625,0.42822265625,2
380,9,103.3125,825.0,223.125,1005.0,0.418701171875,2
380,10,1179.75,91.875,1233.75,138.375,0.3486328125,1
380,11,118.5,794.25,147.0,819.75,0.320068359375,2
380,12,217.875,849.0,286.5,960.0,0.318359375,2
381,0,89.859375,808.5,275.8125,1012.5,0.8408203125,2
381,1,1070.25,201.75,1097.25,246.0,0.67724609375,2
381,2,1231.5,125.4375,1249.5,163.6875,0.609375,2
381,3,1344.75,50.625,1361.25,76.3125,0.56005859375,2
381,4,1573.5,63.5625,1597.5,104.4375,0.5078125,2
381,5,1767.0,476.25,1899.0,624.75,0.5029296875,2
381,6,1176.75,93.1875,1233.75,140.0625,0.455078125,2
381,7,1551.0,24.75,1584.0,56.34375,0.420654296875,1
381,8,897.0,250.125,921.0,295.875,0.357666015625,2
381,9,1179.0,92.0625,1233.0,138.9375,0.291748046875,1
381,10,161.25,807.0,214.125,849.0,0.257568359375,2
382,0,75.375,825.0,259.6875,1020.0,0.82421875,2
382,1,1068.0,201.375,1092.0,246.375,0.67724609375,2
382,2,894.75,250.6875,918.75,296.0625,0.5947265625,2
382,3,1230.0,126.1875,1248.0,162.9375,0.5830078125,2
382,4,1344.0,50.765625,1360.5,75.9375,0.525390625,2
382,5,1767.0,475.5,1902.0,624.75,0.50390625,2
382,6,1573.5,63.375,1597.5,104.25,0.498046875,2
382,7,1175.25,93.0,1233.75,140.25,0.42626953125,2
382,8,1551.0,24.9375,1584.0,56.4375,0.4130859375,1
382,9,1178.25,92.0625,1233.75,139.3125,0.309814453125,1
382,10,75.9375,831.0,180.375,1018.5,0.273681640625,2
383,0,75.375,825.0,259.6875,1020.0,0.82421875,2
383,1,1068.0,201.375,1092.0,246.375,0.67724609375,2
383,2,894.75,250.6875,918.75,296.0625,0.5947265625,2
383,3,1230.0,126.375,1249.5,163.125,0.5849609375,2
383,4,1344.0,50.765625,1360.5,75.9375,0.525390625,2
383,5,1767.0,475.5,1902.0,624.75,0.50390625,2
383,6,1573.5,63.46875,1597.5,104.34375,0.49609375,2
383,7,1175.25,93.0,1233.75,140.25,0.420654296875,2
383,8,1551.0,24.9375,1584.0,56.4375,0.4130859375,1
383,9,1178.25,92.0625,1233.75,139.3125,0.315673828125,1
383,10,75.9375,831.0,180.9375,1018.5,0.27197265625,2
384,0,44.390625,837.0,231.5625,1035.0,0.8642578125,2
384,1,1227.0,128.25,1248.0,165.375,0.64599609375,2
384,2,889.5,252.375,915.0,297.375,0.59814453125,2
384,3,1062.75,202.125,1083.75,248.625,0.5830078125,2
384,4,1767.0,475.5,1905.0,624.75,0.57666015625,2
384,5,1573.5,63.1875,1597.5,104.4375,0.50390625,2
384,6,1342.5,51.234375,1360.5,75.9375,0.47265625,2
384,7,1176.0,93.1875,1233.0,140.4375,0.414794921875,2
384,8,1551.0,24.84375,1584.0,56.34375,0.39599609375,1
384,9,126.9375,823.5,169.875,862.5,0.30322265625,2
384,10,1178.25,92.0625,1232.25,139.125,0.2666015625,1
384,11,1689.0,485.25,1770.0,580.5,0.2509765625,2
385,0,32.0625,862.5,214.5,1039.5,0.8173828125,2
385,1,1224.75,128.8125,1247.25,165.75,0.64599609375,2
385,2,886.5,247.875,913.5,298.875,0.62060546875,2
385,3,1057.5,205.875,1080.0,249.0,0.56982421875,2
385,4,1767.0,475.5,1908.0,624.75,0.548828125,2
385,5,1341.0,51.84375,1359.0,76.21875,0.51953125,2
385,6,1573.5,63.5625,1597.5,104.4375,0.484375,2
385,7,32.8125,916.5,140.8125,1039.5,0.394287109375,2
385,8,1176.0,93.1875,1231.5,140.4375,0.381103515625,2
385,9,1551.0,25.125,1584.0,56.34375,0.3701171875,1
385,10,1177.5,92.0625,1231.5,139.3125,0.26513671875,1
385,11,103.6875,831.0,155.4375,867.0,0.256103515625,2
386,0,32.0625,862.5,214.3125,1039.5,0.77880859375,2
386,1,1224.75,128.8125,1247.25,165.75,0.64404296875,2
386,2,886.5,247.875,913.5,298.875,0.62255859375,2
386,3,1057.5,205.875,1080.0,249.0,0.56982421875,2
386,4,1767.0,476.25,1908.0,624.75,0.5419921875,2
386,5,1573.5,63.375,1597.5,104.4375,0.482421875,2
386,6,1341.0,50.953125,1359.0,75.375,0.470703125,2
386,7,32.8125,916.5,146.34375,1039.5,0.470703125,2
386,8,1176.0,93.0,1231.5,140.4375,0.375732421875,2
386,9,1551.0,25.125,1584.0,56.34375,0.36669921875,1
386,10,1177.5,92.0625,1231.5,139.3125,0.2705078125,1
386,11,103.5,831.0,155.4375,867.0,0.25830078125,2
387,0,1222.5,127.875,1246.5,166.5,0.64599609375,2
387,1,1053.0,207.375,1077.0,250.875,0.611328125,2
387,2,883.5,248.0625,910.5,299.8125,0.5830078125,2
387,3,1767.0,475.875,1908.0,625.125,0.56298828125,2
387,4,1339.5,51.5625,1357.5,75.375,0.5234375,2
387,5,15.984375,867.0,203.4375,1047.0,0.5107421875,2
387,6,1573.5,63.75,1597.5,104.4375,0.4765625,2
387,7,1551.0,25.265625,1584.0,56.390625,0.390380859375,1
387,8,1176.0,93.375,1230.0,140.625,0.388671875,2
387,9,17.625,904.5,149.34375,1047.0,0.36376953125,2
388,0,1221.0,129.375,1245.0,166.875,0.67041015625,2
388,1,882.75,252.75,908.25,302.25,0.61328125,2
388,2,1765.5,475.875,1906.5,625.125,0.525390625,2
388,3,1340.25,52.03125,1356.75,75.46875,0.521484375,2
388,4,119.625,879.0,187.5,1005.0,0.486328125,2
388,5,1573.5,64.03125,1597.5,104.34375,0.4609375,2
388,6,1176.75,93.75,1230.75,140.25,0.43212890625,2
388,7,1050.0,207.0,1075.5,252.0,0.43017578125,2
388,8,1551.0,25.453125,1584.0,56.390625,0.394287109375,1
388,9,0.9375,868.5,187.40625,1060.5,0.391357421875,2
388,10,2.4375,869.25,121.875,1058.25,0.325927734375,2
389,0,1221.0,129.375,1245.0,166.875,0.67041015625,2
389,1,882.75,252.75,908.25,302.25,0.61328125,2
389,2,119.625,877.5,188.25,1006.5,0.52734375,2
389,3,1340.25,52.03125,1356.75,75.46875,0.5234375,2
389,4,1765.5,475.875,1906.5,625.125,0.5185546875,2
389,5,1573.5,64.03125,1597.5,104.34375,0.4609375,2
389,6,1176.75,93.84375,1230.75,140.34375,0.435791015625,2
389,7,1050.0,207.0,1075.5,252.0,0.43212890625,2
389,8,1551.0,25.40625,1584.0,56.34375,0.394287109375,1
389,9,0.84375,868.5,187.59375,1060.5,0.37109375,2
389,10,2.53125,870.0,122.0625,1059.0,0.341552734375,2
390,0,1216.5,129.5625,1239.0,166.6875,0.67919921875,2
390,1,876.75,256.3125,902.25,305.0625,0.63720703125,2
390,2,1045.5,210.75,1069.5,256.125,0.513671875,2
390,3,1339.5,53.953125,1357.5,77.25,0.5,2
390,4,0.1875,867.75,158.25,1067.25,0.484375,2
390,5,1767.0,476.25,1911.0,624.75,0.466796875,2
390,6,1173.75,98.34375,1227.75,141.09375,0.451416015625,2
390,7,1551.0,25.5,1584.0,56.25,0.449462890625,1
390,8,1573.5,64.40625,1597.5,104.34375,0.447509765625,2
391,0,0.09375,874.5,143.4375,1072.5,0.86083984375,2
391,1,1216.5,130.125,1237.5,169.125,0.67724609375,2
391,2,873.75,257.25,899.25,306.0,0.67041015625,2
391,3,1041.75,212.625,1065.75,257.625,0.5927734375,2
391,4,1339.5,54.9375,1357.5,77.625,0.482421875,2
391,5,1551.0,25.6875,1584.0,56.34375,0.453369140625,1
391,6,1573.5,64.6875,1597.5,104.0625,0.439697265625,2
391,7,1767.0,476.25,1911.0,624.75,0.3896484375,2
391,8,1173.0,98.0625,1227.0,140.8125,0.359375,2
392,0,0.09375,874.5,143.4375,1072.5,0.85791015625,2
392,1,1216.5,129.9375,1237.5,169.125,0.67578125,2
392,2,873.75,257.25,899.25,306.0,0.67041015625,2
392,3,1041.75,212.8125,1065.75,257.8125,0.5908203125,2
392,4,1339.5,54.890625,1357.5,77.4375,0.478515625,2
392,5,1551.0,25.6875,1584.0,56.34375,0.455078125,1
392,6,1573.5,64.6875,1597.5,104.0625,0.439697265625,2
392,7,1767.0,475.875,1911.0,625.125,0.39697265625,2
392,8,1173.0,98.25,1227.0,140.8125,0.355712890625,2
393,0,0.0,883.5,129.5625,1069.5,0.76220703125,2
393,1,1215.0,129.75,1237.5,169.125,0.70068359375,2
393,2,871.5,256.875,898.5,307.125,0.64794921875,2
393,3,1339.5,55.5,1357.5,78.375,0.47265625,2
393,4,1041.0,215.625,1062.0,258.75,0.47265625,2
393,5,1551.0,25.59375,1584.0,56.15625,0.453369140625,1
393,6,1573.5,64.6875,1597.5,104.0625,0.443603515625,2
393,7,1767.0,475.875,1908.0,625.125,0.417724609375,2
393,8,1173.0,97.6875,1228.5,140.8125,0.4072265625,2
394,0,868.5,258.375,895.5,309.0,0.615234375,2
394,1,1213.5,131.625,1237.5,169.875,0.56201171875,2
394,2,1338.0,56.53125,1356.0,79.21875,0.494140625,2
394,3,1036.5,216.5625,1060.5,257.4375,0.490234375,2
394,4,1551.0,25.734375,1584.0,56.109375,0.441650390625,1
394,5,1573.5,65.0625,1597.5,104.25,0.43212890625,2
394,6,1173.75,97.6875,1229.25,140.8125,0.42626953125,2
394,7,1767.0,476.25,1905.0,624.75,0.421630859375,2
394,8,0.09375,906.0,111.65625,1074.0,0.319091796875,2
395,0,868.5,258.375,895.5,309.0,0.615234375,2
395,1,1213.5,131.625,1237.5,169.875,0.56201171875,2
395,2,1338.0,56.53125,1356.0,79.21875,0.494140625,2
395,3,1036.5,216.375,1060.5,257.625,0.4921875,2
395,4,1551.0,25.6875,1584.0,56.0625,0.439697265625,1
395,5,1573.5,65.0625,1597.5,104.25,0.43212890625,2
395,6,1173.75,97.5,1229.25,140.8125,0.43017578125,2
395,7,1767.0,476.25,1905.0,624.75,0.4111328125,2
395,8,0.09375,906.0,111.75,1074.0,0.319091796875,2
396,0,1029.75,213.0,1050.75,260.25,0.6513671875,2
396,1,863.25,259.125,891.75,312.375,0.5927734375,2
396,2,0.046875,930.75,82.6875,1079.25,0.48828125,2
396,3,1171.5,101.4375,1225.5,142.3125,0.47265625,2
396,4,1551.0,25.5,1587.0,55.96875,0.466796875,1
396,5,1210.5,134.625,1231.5,171.5625,0.4609375,2
396,6,1770.0,475.5,1908.0,624.75,0.453369140625,2
396,7,1338.75,58.875,1356.75,80.625,0.42626953125,2
396,8,1573.5,65.0625,1597.5,104.4375,0.42626953125,2
396,9,1475.25,0.0,1491.75,16.03125,0.253173828125,1
397,0,0.0,925.5,68.90625,1075.5,0.7265625,2
397,1,1024.5,216.375,1048.5,259.875,0.69580078125,2
397,2,861.0,260.8125,888.0,313.6875,0.56591796875,2
397,3,1551.0,25.3125,1587.0,55.6875,0.494140625,1
397,4,1767.0,476.25,1905.0,624.75,0.474609375,2
397,5,1338.0,59.484375,1356.0,81.1875,0.451416015625,2
397,6,1171.5,100.3125,1228.5,142.6875,0.416748046875,2
397,7,1573.5,65.625,1597.5,104.25,0.403564453125,2
397,8,1473.0,0.0,1491.0,16.734375,0.359375,1
397,9,1209.75,136.5,1230.75,172.875,0.32421875,2
398,0,0.0,925.5,69.0,1075.5,0.7265625,2
398,1,1024.5,216.375,1048.5,259.875,0.69580078125,2
398,2,861.0,260.8125,888.0,313.6875,0.56787109375,2
398,3,1551.0,25.3125,1587.0,55.6875,0.494140625,1
398,4,1767.0,476.25,1905.0,624.75,0.4775390625,2
398,5,1338.0,59.484375,1356.0,81.1875,0.451416015625,2
398,6,1171.5,100.3125,1228.5,142.6875,0.414794921875,2
398,7,1573.5,65.625,1597.5,104.25,0.403564453125,2
398,8,1473.0,0.0,1491.0,16.734375,0.359375,1
398,9,1209.75,136.5,1230.75,172.6875,0.32421875,2
399,0,1023.0,218.4375,1047.0,261.5625,0.6826171875,2
399,1,0.09375,927.0,55.78125,1080.0,0.556640625,2
399,2,1767.0,475.5,1905.0,624.75,0.5498046875,2
399,3,1551.0,25.6875,1587.0,55.875,0.5,1
399,4,856.5,262.125,886.5,315.375,0.498046875,2
399,5,1338.0,59.625,1356.0,80.8125,0.462890625,2
399,6,1207.5,138.1875,1228.5,171.9375,0.43017578125,2
399,7,1573.5,65.4375,1597.5,104.0625,0.4130859375,2
399,8,1170.75,105.9375,1220.25,142.6875,0.39794921875,2
399,9,1472.25,0.0,1491.75,16.59375,0.388671875,1
399,10,1689.0,486.75,1767.0,579.75,0.2666015625,2
400,0,1020.0,216.375,1042.5,262.125,0.5830078125,2
400,1,1767.0,475.5,1905.0,625.5,0.57080078125,2
400,2,0.1875,936.0,38.390625,1080.0,0.54296875,2
400,3,1551.0,25.6875,1587.0,55.875,0.505859375,1
400,4,1204.5,140.53125,1224.0,172.875,0.490234375,2
400,5,1336.5,59.484375,1356.0,80.4375,0.455078125,2
400,6,1473.0,0.0,1491.0,16.734375,0.42626953125,1
400,7,858.0,264.5625,885.0,316.6875,0.42626953125,2
400,8,1573.5,65.8125,1597.5,104.0625,0.4072265625,2
400,9,1170.0,106.6875,1221.0,142.3125,0.31396484375,2
400,10,1689.0,486.75,1767.0,579.75,0.26123046875,2
401,0,1020.0,216.375,1042.5,262.125,0.583984375,2
401,1,1767.0,475.875,1905.0,625.125,0.57177734375,2
401,2,0.140625,936.0,38.34375,1080.0,0.544921875,2
401,3,1551.0,25.6875,1587.0,55.875,0.505859375,1
401,4,1204.5,140.53125,1224.0,172.875,0.490234375,2
401,5,1336.5,59.4375,1356.0,80.4375,0.45703125,2
401,6,858.0,264.75,885.0,316.5,0.43212890625,2
401,7,1473.0,0.0,1491.0,16.6875,0.42626953125,1
401,8,1573.5,65.8125,1597.5,104.0625,0.4091796875,2
401,9,1170.0,106.3125,1221.0,142.3125,0.31396484375,2
401,10,1689.0,486.75,1767.0,579.75,0.267333984375,2
402,0,1014.75,222.75,1038.75,266.25,0.67724609375,2
402,1,853.5,267.75,880.5,320.25,0.60205078125,2
402,2,1200.0,142.5,1221.0,177.375,0.5869140625,2
402,3,1767.0,477.75,1911.0,625.5,0.58154296875,2
402,4,1551.0,25.265625,1584.0,55.921875,0.482421875,1
402,5,1335.0,59.625,1356.0,80.8125,0.414794921875,2
402,6,1573.5,66.0,1597.5,104.0625,0.414794921875,2
402,7,1470.75,0.0,1488.75,17.296875,0.381103515625,1
402,8,1170.75,107.0625,1223.25,143.0625,0.352294921875,2
402,9,1689.0,485.625,1770.0,580.125,0.25390625,2
403,0,1011.0,222.75,1038.0,267.75,0.71240234375,2
403,1,852.0,268.875,879.0,321.375,0.611328125,2
403,2,1767.0,477.0,1911.0,625.5,0.56591796875,2
403,3,1198.5,143.625,1219.5,179.25,0.53515625,2
403,4,1551.0,25.59375,1584.0,55.78125,0.445556640625,1
403,5,1573.5,66.5625,1597.5,104.0625,0.418701171875,2
403,6,1335.0,60.0,1356.0,80.8125,0.357666015625,2
403,7,1170.0,110.625,1201.5,143.25,0.31494140625,2
403,8,1332.0,59.71875,1350.0,82.21875,0.269775390625,2
403,9,1470.0,0.0,1488.0,17.25,0.267333984375,1
404,0,1011.0,222.75,1036.5,267.75,0.71240234375,2
404,1,852.0,268.875,879.0,321.375,0.609375,2
404,2,1767.0,477.0,1911.0,625.5,0.56787109375,2
404,3,1198.5,143.71875,1219.5,179.625,0.533203125,2
404,4,1551.0,25.59375,1584.0,55.78125,0.445556640625,1
404,5,1573.5,66.75,1597.5,104.0625,0.416748046875,2
404,6,1335.0,60.1875,1356.0,80.8125,0.346923828125,2
404,7,1170.0,110.71875,1201.5,143.34375,0.3173828125,2
404,8,1332.0,59.71875,1350.0,82.21875,0.282958984375,2
404,9,1470.0,0.0,1488.0,17.25,0.26806640625,1
405,0,1008.0,223.5,1035.0,269.25,0.66015625,2
405,1,849.0,270.375,876.0,322.875,0.5830078125,2
405,2,1767.0,476.625,1911.0,625.875,0.55908203125,2
405,3,1197.0,144.1875,1215.0,179.0625,0.556640625,2
405,4,1551.0,25.6875,1584.0,55.875,0.439697265625,1
405,5,1573.5,66.5625,1597.5,104.0625,0.42626953125,2
405,6,1332.0,59.765625,1350.0,82.6875,0.355712890625,2
405,7,1335.0,60.375,1356.0,81.375,0.30322265625,2
405,8,1170.0,111.84375,1195.5,143.71875,0.291015625,2
405,9,1468.5,0.0,1486.5,17.8125,0.27587890625,1
405,10,1170.0,106.875,1203.0,144.75,0.271240234375,2
405,11,1195.5,95.0625,1231.5,138.9375,0.267333984375,2
406,0,1003.5,224.625,1030.5,271.125,0.70068359375,2
406,1,846.75,269.8125,875.25,324.9375,0.67919921875,2
406,2,1195.5,145.875,1213.5,183.0,0.57568359375,2
406,3,1765.5,477.0,1909.5,625.5,0.521484375,2
406,4,1551.0,25.6875,1584.0,56.0625,0.466796875,1
406,5,1332.0,59.53125,1350.0,83.15625,0.43212890625,2
406,6,1573.5,66.375,1597.5,104.25,0.42431640625,2
406,7,1468.5,0.0,1486.5,17.8125,0.361083984375,1
406,8,1170.0,108.75,1200.0,145.3125,0.28857421875,2
406,9,1196.25,95.0625,1232.25,138.5625,0.279052734375,2
406,10,1170.0,112.5,1194.0,144.0,0.27197265625,2
406,11,1335.0,60.84375,1356.0,82.40625,0.25244140625,2
407,0,1003.5,225.0,1030.5,271.125,0.70068359375,2
407,1,847.5,270.0,874.5,324.75,0.67724609375,2
407,2,1195.5,146.15625,1213.5,183.0,0.56982421875,2
407,3,1767.0,477.0,1911.0,625.5,0.5302734375,2
407,4,1551.0,25.78125,1584.0,55.96875,0.462890625,1
407,5,1573.5,66.5625,1597.5,104.0625,0.42822265625,2
407,6,1332.0,59.8125,1350.0,83.0625,0.42626953125,2
407,7,1467.75,0.0,1485.75,17.8125,0.35400390625,1
407,8,1170.0,108.75,1198.5,145.125,0.289306640625,2
407,9,1197.0,95.4375,1233.0,138.5625,0.280517578125,2
407,10,1335.0,60.75,1356.0,82.125,0.26123046875,2
408,0,997.5,228.75,1024.5,273.75,0.77734375,2
408,1,844.5,270.375,871.5,327.375,0.640625,2
408,2,1765.5,477.0,1909.5,625.5,0.5859375,2
408,3,1191.0,146.15625,1212.0,182.25,0.51953125,2
408,4,1573.5,66.1875,1597.5,104.4375,0.46484375,2
408,5,1332.0,59.4375,1350.0,83.4375,0.447509765625,2
408,6,1551.0,25.5,1584.0,56.0625,0.401611328125,1
408,7,1196.25,95.625,1232.25,136.125,0.30810546875,2
408,8,1333.5,60.75,1356.0,82.875,0.27197265625,2
408,9,1170.0,109.5,1197.0,144.75,0.26123046875,2
408,10,1689.0,483.75,1770.0,579.75,0.25830078125,2
409,0,840.0,273.75,870.0,329.25,0.64404296875,2
409,1,996.0,229.5,1023.0,276.0,0.6318359375,2
409,2,1765.5,477.375,1909.5,625.875,0.56884765625,2
409,3,1332.0,59.25,1350.0,83.8125,0.490234375,2
409,4,1191.0,148.3125,1212.0,185.4375,0.48046875,2
409,5,1573.5,66.1875,1597.5,104.25,0.474609375,2
409,6,1194.75,95.53125,1232.25,138.46875,0.388671875,2
409,7,1551.0,26.15625,1584.0,56.15625,0.3720703125,1
409,8,1170.0,109.6875,1197.0,145.875,0.27587890625,2
409,9,1333.5,60.75,1356.0,83.25,0.263671875,2
410,0,840.0,273.75,870.0,329.25,0.642578125,2
410,1,996.0,229.5,1023.0,276.0,0.6259765625,2
410,2,1765.5,477.375,1909.5,625.875,0.56689453125,2
410,3,1332.0,59.15625,1350.0,83.71875,0.4921875,2
410,4,1191.0,148.5,1212.0,185.25,0.4765625,2
410,5,1573.5,66.1875,1597.5,104.25,0.47265625,2
410,6,1194.75,95.625,1232.25,138.375,0.403564453125,2
410,7,1551.0,26.15625,1584.0,56.25,0.375732421875,1
410,8,1170.0,109.6875,1197.0,145.875,0.281494140625,2
410,9,1333.5,60.75,1356.0,83.0625,0.264404296875,2
411,0,993.75,229.125,1017.75,277.125,0.658203125,2
411,1,838.5,274.125,868.5,331.125,0.6298828125,2
411,2,1188.0,148.5,1207.5,183.0,0.517578125,2
411,3,1765.5,478.125,1909.5,625.875,0.5126953125,2
411,4,1332.0,59.8125,1350.0,83.8125,0.501953125,2
411,5,1573.5,66.5625,1597.5,104.25,0.46875,2
411,6,1193.25,95.8125,1232.25,137.4375,0.4091796875,2
411,7,1551.0,25.78125,1584.0,55.78125,0.329345703125,1
411,8,1464.0,0.0,1483.5,17.71875,0.312255859375,1
411,9,1170.0,112.875,1197.0,146.25,0.263671875,2
411,10,1689.0,485.25,1770.0,579.75,0.25390625,2
412,0,835.5,273.1875,865.5,331.6875,0.61865234375,2
412,1,990.75,232.5,1013.25,278.25,0.57763671875,2
412,2,1188.0,148.59375,1206.0,182.25,0.53515625,2
412,3,1332.0,59.90625,1350.0,83.90625,0.5234375,2
412,4,1573.5,66.1875,1597.5,104.25,0.470703125,2
412,5,1765.5,478.5,1909.5,626.25,0.4580078125,2
412,6,1551.0,25.40625,1584.0,55.96875,0.36669921875,1
412,7,1189.5,95.625,1231.5,138.0,0.29248046875,1
412,8,1462.5,0.0,1480.5,17.625,0.264404296875,1
412,9,1191.0,96.9375,1233.0,137.25,0.263671875,2
413,0,835.5,273.1875,865.5,331.6875,0.63330078125,2
413,1,990.75,232.5,1013.25,278.25,0.57763671875,2
413,2,1188.0,148.5,1206.0,182.25,0.53125,2
413,3,1332.0,59.8125,1350.0,84.0,0.529296875,2
413,4,1573.5,65.8125,1597.5,104.25,0.474609375,2
413,5,1765.5,479.25,1909.5,626.25,0.43212890625,2
413,6,1551.0,25.40625,1584.0,55.96875,0.357666015625,1
413,7,1191.0,96.9375,1233.0,137.4375,0.3056640625,2
413,8,1462.5,0.0,1480.5,17.578125,0.260498046875,1
414,0,831.0,276.375,861.0,336.375,0.66357421875,2
414,1,984.0,233.25,1008.0,281.25,0.62060546875,2
414,2,1186.5,93.375,1231.5,138.375,0.57177734375,1
414,3,1332.0,60.375,1348.5,84.375,0.56591796875,2
414,4,1573.5,66.375,1597.5,104.25,0.466796875,2
414,5,1767.0,478.5,1911.0,626.25,0.4658203125,2
414,6,1180.5,147.75,1201.5,189.0,0.422607421875,2
414,7,1461.0,0.0,1479.0,17.765625,0.28369140625,1
415,0,830.25,276.75,860.25,339.0,0.62451171875,2
415,1,981.0,233.625,1005.0,281.625,0.59814453125,2
415,2,1332.0,60.46875,1348.5,84.46875,0.57958984375,2
415,3,1179.0,148.3125,1200.0,190.3125,0.521484375,2
415,4,1186.5,93.5625,1231.5,138.1875,0.490234375,1
415,5,1573.5,66.0,1597.5,104.25,0.470703125,2
415,6,1767.0,477.75,1911.0,626.25,0.446533203125,2
416,0,830.25,276.75,860.25,339.0,0.62451171875,2
416,1,981.0,233.625,1005.0,281.625,0.60205078125,2
416,2,1332.0,60.5625,1348.5,84.5625,0.58154296875,2
416,3,1179.0,148.59375,1200.0,190.5,0.513671875,2
416,4,1186.5,93.46875,1231.5,138.28125,0.509765625,1
416,5,1573.5,65.8125,1597.5,104.25,0.47265625,2
416,6,1767.0,477.75,1911.0,626.25,0.448486328125,2
417,0,1186.5,93.0,1231.5,138.0,0.72314453125,1
417,1,828.0,277.875,858.0,340.125,0.67724609375,2
417,2,1175.25,149.53125,1197.75,192.375,0.60205078125,2
417,3,1332.0,60.75,1348.5,84.75,0.57568359375,2
417,4,977.25,235.875,1001.25,282.75,0.544921875,2
417,5,1767.0,477.75,1911.0,626.25,0.513671875,2
417,6,1573.5,65.8125,1597.5,104.0625,0.445556640625,2
418,0,1186.5,93.375,1231.5,137.625,0.642578125,1
418,1,824.25,279.0,855.75,342.75,0.630859375,2
418,2,1174.5,150.09375,1195.5,191.25,0.60205078125,2
418,3,973.5,238.875,999.0,285.0,0.59716796875,2
418,4,1332.0,60.375,1348.5,84.75,0.58154296875,2
418,5,1767.0,478.125,1911.0,625.875,0.5107421875,2
418,6,1573.5,65.625,1597.5,104.25,0.416748046875,2
418,7,1551.0,24.84375,1584.0,55.96875,0.4072265625,1
418,8,1689.0,485.25,1770.0,579.75,0.27978515625,2
419,0,1186.5,93.375,1231.5,137.625,0.642578125,1
419,1,824.25,279.1875,855.75,342.9375,0.6318359375,2
419,2,1174.5,149.8125,1195.5,191.0625,0.60400390625,2
419,3,973.5,238.875,999.0,285.0,0.59716796875,2
419,4,1332.0,60.375,1348.5,84.75,0.58154296875,2
419,5,1767.0,478.125,1911.0,625.875,0.4814453125,2
419,6,1573.5,65.71875,1597.5,104.15625,0.416748046875,2
419,7,1551.0,24.84375,1584.0,55.96875,0.4072265625,1
419,8,1689.0,485.25,1770.0,579.75,0.275146484375,2
420,0,1171.5,154.3125,1192.5,194.4375,0.69775390625,2
420,1,1332.0,60.1875,1347.0,85.5,0.6533203125,2
420,2,819.0,279.1875,852.0,346.6875,0.6494140625,2
420,3,969.0,238.5,993.0,288.0,0.63720703125,2
420,4,1185.0,93.0,1233.0,137.25,0.544921875,1
420,5,1767.0,478.5,1911.0,625.5,0.4716796875,2
420,6,1573.5,65.0625,1597.5,104.25,0.447509765625,2
420,7,1551.0,25.59375,1584.0,56.34375,0.290283203125,1
420,8,1692.0,484.5,1770.0,579.75,0.273681640625,2
421,0,1170.0,153.09375,1191.0,194.25,0.69287109375,2
421,1,1331.25,59.8125,1347.75,85.6875,0.66015625,2
421,2,816.0,283.125,849.0,348.375,0.626953125,2
421,3,966.0,239.8125,990.0,290.4375,0.61328125,2
421,4,1185.75,93.1875,1232.25,137.4375,0.501953125,1
421,5,1767.0,478.5,1911.0,625.5,0.4599609375,2
421,6,1573.5,64.875,1597.5,104.25,0.42626953125,2
421,7,1552.5,25.96875,1582.5,56.53125,0.257568359375,1
421,8,1692.0,483.75,1770.0,579.75,0.25537109375,2
422,0,1170.0,153.09375,1191.0,194.25,0.69091796875,2
422,1,1331.25,59.90625,1347.75,85.59375,0.66015625,2
422,2,816.0,283.125,849.0,348.375,0.6298828125,2
422,3,966.0,239.8125,990.0,290.4375,0.609375,2
422,4,1185.75,93.0,1232.25,137.625,0.533203125,1
422,5,1767.0,478.5,1911.0,625.5,0.4814453125,2
422,6,1573.5,65.25,1597.5,104.25,0.43212890625,2
422,7,1692.0,483.75,1770.0,579.75,0.28369140625,2
422,8,1552.5,26.0625,1582.5,56.625,0.259033203125,1
423,0,1167.0,155.8125,1191.0,196.3125,0.673828125,2
423,1,1331.25,59.953125,1347.75,85.5,0.6494140625,2
423,2,814.5,283.125,846.0,350.625,0.6494140625,2
423,3,960.0,241.875,987.0,291.375,0.57958984375,2
423,4,1185.75,92.8125,1232.25,137.4375,0.54296875,1
423,5,1767.0,479.25,1911.0,625.5,0.444580078125,2
423,6,1573.5,64.96875,1597.5,104.15625,0.416748046875,2
423,7,1690.5,484.5,1771.5,579.75,0.30078125,2
423,8,1552.5,26.859375,1582.5,56.953125,0.269775390625,1
424,0,1165.5,155.25,1186.5,196.125,0.6689453125,2
424,1,811.5,281.625,844.5,353.25,0.662109375,2
424,2,1332.0,60.46875,1347.0,85.78125,0.642578125,2
424,3,957.75,242.8125,983.25,292.6875,0.5849609375,2
424,4,1185.0,93.0,1233.0,137.625,0.505859375,1
424,5,1573.5,64.875,1597.5,104.25,0.42431640625,2
424,6,1768.5,479.25,1912.5,625.5,0.421630859375,2
424,7,1690.5,485.25,1771.5,579.75,0.286865234375,2
425,0,1165.5,155.34375,1186.5,196.5,0.6689453125,2
425,1,811.5,281.625,844.5,353.25,0.662109375,2
425,2,1332.0,60.5625,1347.0,85.6875,0.640625,2
425,3,957.75,242.8125,983.25,292.6875,0.5849609375,2
425,4,1185.0,93.0,1233.0,137.625,0.50390625,1
425,5,1573.5,64.875,1597.5,104.25,0.422607421875,2
425,6,1768.5,479.25,1912.5,625.5,0.422607421875,2
425,7,1690.5,485.25,1771.5,579.75,0.27978515625,2
426,0,807.75,283.875,840.75,356.625,0.7294921875,2
426,1,951.0,245.0625,978.0,295.6875,0.69775390625,2
426,2,1332.0,60.9375,1347.0,86.0625,0.642578125,2
426,3,1159.5,160.875,1180.5,198.75,0.5947265625,2
426,4,1182.0,92.4375,1233.0,138.5625,0.548828125,1
426,5,1573.5,65.25,1597.5,104.25,0.4111328125,2
426,6,1768.5,480.0,1912.5,625.5,0.376708984375,2
426,7,1554.0,25.5,1584.0,56.4375,0.33447265625,1
426,8,1690.5,485.25,1771.5,579.75,0.25537109375,2
427,0,805.5,292.5,838.5,360.0,0.732421875,2
427,1,1331.25,60.75,1346.25,86.25,0.658203125,2
427,2,1156.5,159.75,1177.5,198.75,0.521484375,2
427,3,1159.5,162.375,1180.5,199.125,0.513671875,2
427,4,946.5,247.125,973.5,296.625,0.443603515625,2
427,5,1573.5,65.25,1597.5,104.25,0.4072265625,2
427,6,1183.5,92.625,1233.0,138.5625,0.401611328125,1
427,7,1768.5,480.0,1912.5,625.5,0.384033203125,2
427,8,1554.0,25.171875,1584.0,56.390625,0.375732421875,1
427,9,1449.0,0.0,1468.5,16.921875,0.251708984375,1
428,0,805.5,292.5,838.5,360.0,0.73095703125,2
428,1,1331.25,60.75,1346.25,86.25,0.658203125,2
428,2,1156.5,159.75,1177.5,198.75,0.5205078125,2
428,3,1159.5,162.375,1180.5,199.125,0.513671875,2
428,4,946.5,247.125,973.5,296.625,0.443603515625,2
428,5,1182.0,92.625,1233.0,138.5625,0.4072265625,1
428,6,1573.5,65.25,1597.5,104.25,0.405517578125,2
428,7,1768.5,480.0,1912.5,625.5,0.382080078125,2
428,8,1554.0,25.21875,1584.0,56.34375,0.375732421875,1
428,9,1449.0,0.0,1468.5,16.921875,0.251708984375,1
429,0,801.75,294.375,836.25,363.375,0.763671875,2
429,1,945.0,249.375,969.0,298.875,0.7294921875,2
429,2,1330.5,61.59375,1345.5,86.34375,0.64794921875,2
429,3,1158.0,164.625,1179.0,200.625,0.61669921875,2
429,4,1185.0,92.4375,1233.0,138.1875,0.482421875,1
429,5,1573.5,66.1875,1597.5,104.0625,0.414794921875,2
429,6,1554.0,25.3125,1584.0,56.0625,0.39990234375,1
429,7,1768.5,480.75,1912.5,626.25,0.376708984375,2
429,8,1449.75,0.0,1467.75,17.578125,0.251708984375,1
430,0,943.5,251.8125,967.5,300.9375,0.75341796875,2
430,1,799.5,297.0,832.5,366.375,0.75048828125,2
430,2,1330.5,61.875,1345.5,86.625,0.64599609375,2
430,3,1155.0,165.0,1176.0,202.875,0.62255859375,2
430,4,1185.0,92.4375,1233.0,138.1875,0.470703125,1
430,5,1551.0,23.90625,1584.0,55.96875,0.462890625,1
430,6,1573.5,66.1875,1597.5,104.0625,0.39794921875,2
430,7,1767.0,482.25,1911.0,625.5,0.3876953125,2
431,0,943.5,251.8125,967.5,300.9375,0.75341796875,2
431,1,799.5,297.375,832.5,366.375,0.75048828125,2
431,2,1330.5,61.875,1345.5,86.625,0.64794921875,2
431,3,1155.0,164.8125,1176.0,202.6875,0.62451171875,2
431,4,1185.0,92.53125,1233.0,138.28125,0.46875,1
431,5,1551.0,23.90625,1584.0,55.96875,0.462890625,1
431,6,1573.5,66.1875,1597.5,104.0625,0.39599609375,2
431,7,1767.0,482.25,1911.0,625.5,0.385009765625,2
432,0,793.5,298.875,829.5,370.5,0.77880859375,2
432,1,934.5,255.0,961.5,303.75,0.73388671875,2
432,2,1330.5,61.5,1345.5,87.375,0.6689453125,2
432,3,1148.25,164.625,1172.25,206.625,0.65673828125,2
432,4,1185.0,92.25,1233.0,138.1875,0.501953125,1
432,5,1548.0,24.5625,1584.0,56.53125,0.4609375,1
432,6,1573.5,65.8125,1597.5,104.0625,0.4111328125,2
432,7,1767.0,481.875,1911.0,625.875,0.384033203125,2
433,0,789.75,301.125,827.25,372.75,0.751953125,2
433,1,931.5,255.1875,958.5,305.8125,0.72802734375,2
433,2,1330.5,61.5,1345.5,87.5625,0.67041015625,2
433,3,1144.5,165.0,1171.5,206.25,0.6669921875,2
433,4,1185.0,92.25,1233.0,138.375,0.53515625,1
433,5,1548.0,24.84375,1584.0,56.34375,0.49609375,1
433,6,1767.0,481.125,1911.0,625.875,0.392333984375,2
433,7,1573.5,65.53125,1597.5,103.96875,0.388671875,2
434,0,789.75,300.75,827.25,372.75,0.75341796875,2
434,1,931.5,255.1875,958.5,305.8125,0.72802734375,2
434,2,1330.5,61.3125,1345.5,87.5625,0.673828125,2
434,3,1144.5,165.0,1171.5,206.25,0.6689453125,2
434,4,1185.0,92.25,1233.0,138.375,0.53125,1
434,5,1548.0,24.84375,1584.0,56.34375,0.49609375,1
434,6,1573.5,65.53125,1597.5,103.96875,0.390380859375,2
434,7,1767.0,481.5,1911.0,625.5,0.374755859375,2
434,8,1692.0,483.75,1770.0,579.75,0.2509765625,2
435,0,926.25,254.4375,954.75,307.3125,0.7841796875,2
435,1,784.5,304.125,823.5,374.625,0.7216796875,2
435,2,1143.0,165.375,1170.0,208.125,0.6689453125,2
435,3,1331.25,62.0625,1344.75,87.9375,0.6533203125,2
435,4,1185.0,92.25,1233.0,138.375,0.61328125,1
435,5,1767.0,480.0,1911.0,625.5,0.42529296875,2
435,6,1573.5,65.0625,1597.5,103.875,0.416748046875,2
435,7,1548.0,25.96875,1584.0,56.90625,0.39990234375,1
435,8,1692.0,483.75,1770.0,579.75,0.26220703125,2
436,0,924.0,256.125,951.0,309.375,0.72314453125,2
436,1,783.75,304.125,821.25,377.625,0.69775390625,2
436,2,1331.25,63.5625,1344.75,88.6875,0.64599609375,2
436,3,1140.75,165.9375,1166.25,210.9375,0.60400390625,2
436,4,1185.75,92.4375,1233.75,138.5625,0.56591796875,1
436,5,1767.0,479.25,1911.0,625.5,0.486328125,2
436,6,1573.5,65.0625,1597.5,103.875,0.4072265625,2
436,7,1548.0,25.5,1584.0,57.0,0.359375,1
437,0,924.0,256.125,951.0,309.375,0.72314453125,2
437,1,783.75,304.125,821.25,377.625,0.69921875,2
437,2,1331.25,63.5625,1344.75,88.6875,0.64599609375,2
437,3,1140.75,165.9375,1166.25,210.9375,0.60205078125,2
437,4,1185.75,92.4375,1233.75,138.5625,0.544921875,1
437,5,1767.0,480.0,1911.0,625.5,0.478515625,2
437,6,1573.5,65.0625,1597.5,103.875,0.405517578125,2
437,7,1548.0,25.5,1584.0,57.0,0.361083984375,1
438,0,1136.25,167.0625,1161.75,211.3125,0.72509765625,2
438,1,918.0,263.625,945.0,313.875,0.71533203125,2
438,2,778.5,315.0,814.5,384.75,0.7138671875,2
438,3,1329.75,62.53125,1344.75,88.40625,0.67578125,2
438,4,1184.25,92.25,1233.75,139.125,0.56201171875,1
438,5,1767.0,479.25,1911.0,626.25,0.42333984375,2
438,6,1573.5,64.6875,1597.5,104.0625,0.39599609375,2
438,7,1548.0,23.0625,1584.0,56.8125,0.373779296875,1
438,8,1441.5,3.28125,1455.0,24.46875,0.281494140625,2
439,0,1135.5,168.375,1161.0,211.125,0.74169921875,2
439,1,776.25,317.4375,812.25,387.75,0.732421875,2
439,2,1329.0,63.75,1344.0,88.875,0.689453125,2
439,3,915.0,263.25,942.0,316.5,0.673828125,2
439,4,1183.5,92.625,1234.5,138.9375,0.529296875,1
439,5,1573.5,64.5,1597.5,103.875,0.4072265625,2
439,6,1548.0,24.421875,1584.0,56.578125,0.403564453125,1
439,7,1767.0,478.875,1911.0,625.875,0.349609375,2
440,0,1135.5,168.375,1161.0,211.125,0.74169921875,2
440,1,776.25,317.4375,812.25,387.75,0.732421875,2
440,2,1329.0,63.84375,1344.0,88.78125,0.689453125,2
440,3,915.0,263.25,942.0,316.5,0.67041015625,2
440,4,1183.5,92.625,1234.5,138.9375,0.53125,1
440,5,1573.5,64.5,1597.5,103.875,0.4072265625,2
440,6,1548.0,24.46875,1584.0,56.53125,0.403564453125,1
440,7,1767.0,479.25,1911.0,626.25,0.33984375,2
441,0,772.5,317.625,808.5,391.125,0.73583984375,2
441,1,1327.5,65.0625,1342.5,89.4375,0.6943359375,2
441,2,910.5,265.5,940.5,318.375,0.662109375,2
441,3,1132.5,169.5,1156.5,213.75,0.6318359375,2
441,4,1180.5,92.8125,1234.5,139.125,0.55810546875,1
441,5,1767.0,479.25,1911.0,625.5,0.403564453125,2
441,6,1573.5,64.6875,1597.5,103.6875,0.38671875,2
441,7,1548.0,25.3125,1584.0,56.8125,0.32421875,1
441,8,1125.75,160.5,1155.75,213.0,0.28369140625,2
441,9,1440.0,2.90625,1455.0,24.46875,0.250244140625,2
442,0,768.0,319.5,807.0,393.75,0.7734375,2
442,1,906.75,267.375,936.75,319.875,0.73388671875,2
442,2,1326.75,65.8125,1343.25,90.1875,0.7041015625,2
442,3,1129.5,169.875,1153.5,216.375,0.609375,2
442,4,1179.75,93.0,1233.75,139.5,0.521484375,1
442,5,1573.5,64.59375,1597.5,103.78125,0.401611328125,2
442,6,1767.0,480.0,1911.0,625.5,0.3720703125,2
442,7,1549.5,26.90625,1585.5,56.625,0.32080078125,1
442,8,1438.5,3.5625,1453.5,24.5625,0.316650390625,2
443,0,768.0,319.5,807.0,393.75,0.7734375,2
443,1,906.75,267.375,936.75,319.875,0.732421875,2
443,2,1326.75,65.8125,1343.25,90.1875,0.70263671875,2
443,3,1129.5,169.875,1153.5,216.375,0.609375,2
443,4,1179.75,93.0,1233.75,139.5,0.525390625,1
443,5,1573.5,64.6875,1597.5,103.6875,0.39794921875,2
443,6,1767.0,479.25,1911.0,625.5,0.38037109375,2
443,7,1551.0,26.90625,1587.0,56.625,0.322509765625,1
443,8,1438.5,3.5625,1453.5,24.5625,0.315673828125,2
444,0,900.0,270.0,930.0,321.75,0.7578125,2
444,1,761.25,321.75,801.75,400.5,0.7490234375,2
444,2,1326.0,66.1875,1341.0,90.0,0.69921875,2
444,3,1179.0,93.0,1233.0,139.3125,0.548828125,1
444,4,1125.0,169.5,1149.0,217.5,0.53515625,2
444,5,1573.5,65.34375,1597.5,103.78125,0.4072265625,2
444,6,1767.0,480.0,1911.0,625.5,0.37109375,2
444,7,1551.0,27.375,1587.0,56.4375,0.313232421875,1
444,8,1438.5,2.8828125,1453.5,24.46875,0.27587890625,2
445,0,757.875,324.9375,799.5,402.75,0.70751953125,2
445,1,1326.0,67.5,1341.0,90.75,0.68603515625,2
445,2,897.0,271.125,924.0,324.375,0.66357421875,2
445,3,1125.0,174.75,1146.0,217.5,0.611328125,2
445,4,1179.75,93.0,1233.75,139.125,0.56396484375,1
445,5,1573.5,65.8125,1597.5,103.6875,0.385009765625,2
445,6,1767.0,480.0,1911.0,625.5,0.376708984375,2
445,7,978.0,122.8125,1035.0,165.1875,0.34326171875,2
445,8,1551.0,27.84375,1584.0,56.90625,0.33984375,1
445,9,1438.5,3.9375,1453.5,24.65625,0.296630859375,2
446,0,757.875,324.9375,799.5,402.75,0.70751953125,2
446,1,1326.0,67.5,1341.0,90.75,0.6875,2
446,2,897.0,271.125,924.0,324.375,0.66357421875,2
446,3,1125.0,174.5625,1146.0,217.6875,0.611328125,2
446,4,1179.75,93.0,1233.75,139.125,0.56982421875,1
446,5,1573.5,65.625,1597.5,103.6875,0.392333984375,2
446,6,1767.0,479.25,1911.0,625.5,0.3857421875,2
446,7,1551.0,27.84375,1584.0,56.90625,0.33642578125,1
446,8,978.0,122.8125,1035.0,165.1875,0.33642578125,2
446,9,1438.5,3.9375,1453.5,24.65625,0.2958984375,2
447,0,895.5,273.375,922.5,325.875,0.76904296875,2
447,1,753.75,327.375,794.25,404.625,0.67919921875,2
447,2,1326.0,68.4375,1341.0,91.6875,0.67724609375,2
447,3,1122.75,174.75,1143.75,217.5,0.56591796875,2
447,4,1179.0,93.0,1233.0,139.125,0.56005859375,1
447,5,1573.5,66.1875,1597.5,103.6875,0.37939453125,2
447,6,1438.5,5.34375,1453.5,24.75,0.368408203125,2
447,7,1767.0,480.0,1911.0,625.5,0.345947265625,2
447,8,1551.0,27.9375,1584.0,56.90625,0.34521484375,1
447,9,978.75,122.8125,1034.25,164.8125,0.309814453125,2
448,0,891.0,272.4375,921.0,329.0625,0.7216796875,2
448,1,750.0,330.0,792.0,408.0,0.6826171875,2
448,2,1326.0,69.0,1341.0,92.625,0.66357421875,2
448,3,1179.0,92.8125,1233.0,139.125,0.61865234375,1
448,4,1119.0,175.5,1143.0,218.625,0.56396484375,2
448,5,1437.75,5.90625,1452.75,24.84375,0.39599609375,2
448,6,1573.5,66.375,1597.5,103.6875,0.37939453125,2
448,7,1548.0,28.3125,1584.0,57.1875,0.3486328125,1
448,8,1767.0,480.0,1911.0,625.5,0.31396484375,2
448,9,978.75,122.625,1034.25,164.625,0.275146484375,2
449,0,891.75,272.625,920.25,328.875,0.71533203125,2
449,1,750.0,330.0,792.0,408.0,0.6806640625,2
449,2,1326.0,69.0,1341.0,92.625,0.66357421875,2
449,3,1179.0,92.8125,1233.0,139.125,0.6298828125,1
449,4,1119.0,175.125,1143.0,218.625,0.56201171875,2
449,5,1437.75,5.90625,1452.75,24.84375,0.39599609375,2
449,6,1573.5,66.375,1597.5,103.6875,0.37939453125,2
449,7,1548.0,28.359375,1584.0,57.234375,0.3486328125,1
449,8,1768.5,480.0,1909.5,625.5,0.3115234375,2
449,9,978.75,122.8125,1034.25,164.8125,0.27587890625,2
450,0,885.0,274.875,915.0,333.75,0.70556640625,2
450,1,742.5,336.0,784.5,414.75,0.67724609375,2
450,2,1324.5,69.375,1339.5,93.375,0.62451171875,2
450,3,1178.25,93.375,1233.75,138.75,0.61328125,1
450,4,1108.5,182.0625,1135.5,221.8125,0.55078125,2
450,5,1551.0,27.5625,1584.0,56.90625,0.449462890625,1
450,6,1437.0,6.0,1452.0,24.84375,0.338134765625,2
450,7,1573.5,66.9375,1597.5,103.5,0.338134765625,2
450,8,1767.0,478.5,1911.0,625.5,0.325927734375,2
451,0,740.25,336.75,782.25,417.0,0.7138671875,2
451,1,882.75,277.125,911.25,335.625,0.67724609375,2
451,2,1324.5,69.1875,1339.5,93.5625,0.61669921875,2
451,3,1179.75,93.375,1233.75,138.75,0.57177734375,1
451,4,1106.25,183.1875,1131.75,222.5625,0.5390625,2
451,5,1551.0,27.375,1584.0,56.8125,0.4765625,1
451,6,1437.0,6.796875,1452.0,24.890625,0.355712890625,2
451,7,1573.5,66.9375,1597.5,103.5,0.33984375,2
451,8,1767.0,479.25,1911.0,625.5,0.282958984375,2
452,0,740.25,336.75,782.25,417.0,0.71240234375,2
452,1,883.5,277.125,910.5,335.625,0.67724609375,2
452,2,1324.5,69.1875,1339.5,93.5625,0.61669921875,2
452,3,1179.0,93.1875,1233.0,138.5625,0.61669921875,1
452,4,1106.25,183.1875,1131.75,222.5625,0.537109375,2
452,5,1551.0,27.46875,1584.0,56.8125,0.478515625,1
452,6,1437.0,6.796875,1452.0,24.890625,0.35400390625,2
452,7,1573.5,67.125,1597.5,103.5,0.33984375,2
452,8,1767.0,479.25,1911.0,625.5,0.28857421875,2
453,0,736.5,338.625,777.0,420.375,0.708984375,2
453,1,879.0,278.25,909.0,339.0,0.6494140625,2
453,2,1324.5,68.4375,1339.5,93.1875,0.61669921875,2
453,3,1179.0,93.1875,1233.0,138.75,0.60205078125,1
453,4,1551.0,27.046875,1584.0,56.765625,0.453369140625,1
453,5,1105.5,182.25,1129.5,222.375,0.43212890625,2
453,6,1767.0,478.5,1911.0,625.5,0.33447265625,2
453,7,1573.5,66.75,1597.5,103.5,0.322509765625,2
453,8,1435.5,6.328125,1452.0,24.890625,0.306640625,2
453,9,1319.25,66.09375,1337.25,91.03125,0.26806640625,2
454,0,730.5,341.0625,774.0,422.25,0.7041015625,2
454,1,876.75,282.0,905.25,342.75,0.70068359375,2
454,2,1179.0,93.1875,1233.0,138.5625,0.640625,1
454,3,1323.0,68.625,1339.5,93.0,0.58154296875,2
454,4,1102.5,183.75,1126.5,225.0,0.49609375,2
454,5,1551.0,26.90625,1584.0,56.4375,0.478515625,1
454,6,1767.0,478.5,1911.0,625.5,0.37939453125,2
454,7,1573.5,67.5,1597.5,103.5,0.303955078125,2
454,8,1318.5,66.46875,1336.5,90.84375,0.29833984375,2
455,0,730.5,341.0625,774.0,422.25,0.7041015625,2
455,1,876.75,282.0,905.25,342.75,0.70068359375,2
455,2,1179.0,93.1875,1233.0,138.5625,0.642578125,1
455,3,1323.0,68.625,1339.5,93.0,0.58154296875,2
455,4,1102.5,183.75,1126.5,225.0,0.49609375,2
455,5,1551.0,26.90625,1584.0,56.53125,0.478515625,1
455,6,1767.0,478.5,1911.0,625.5,0.38037109375,2
455,7,1573.5,67.5,1597.5,103.5,0.303955078125,2
455,8,1318.5,66.5625,1336.5,90.9375,0.29833984375,2
456,0,870.75,287.625,900.75,347.625,0.70751953125,2
456,1,721.125,346.125,766.875,430.875,0.6875,2
456,2,1320.0,68.4375,1338.0,93.9375,0.57177734375,2
456,3,1551.0,27.375,1584.0,57.0,0.486328125,1
456,4,1183.5,92.8125,1234.5,138.5625,0.482421875,1
456,5,1101.0,184.5,1125.0,228.0,0.462890625,2
456,6,1573.5,67.6875,1597.5,103.5,0.34326171875,2
457,0,865.5,288.375,897.0,349.125,0.72314453125,2
457,1,716.25,348.75,764.25,434.25,0.7216796875,2
457,2,1098.0,185.625,1119.0,227.625,0.56396484375,2
457,3,1320.0,68.8125,1338.0,94.125,0.56005859375,2
457,4,1551.0,27.375,1584.0,56.90625,0.482421875,1
457,5,1182.75,92.8125,1233.75,138.5625,0.474609375,1
457,6,1573.5,66.9375,1597.5,103.3125,0.35400390625,2
457,7,1435.5,7.1484375,1452.0,24.9375,0.29833984375,2
458,0,865.5,288.375,897.0,349.125,0.72314453125,2
458,1,715.875,348.75,763.875,434.25,0.7216796875,2
458,2,1098.0,185.8125,1119.0,227.8125,0.56201171875,2
458,3,1320.0,68.8125,1338.0,94.125,0.55810546875,2
458,4,1551.0,27.375,1584.0,56.90625,0.482421875,1
458,5,1182.75,92.90625,1233.75,138.46875,0.470703125,1
458,6,1573.5,67.03125,1597.5,103.40625,0.352294921875,2
458,7,1435.5,7.21875,1452.0,24.9375,0.29736328125,2
459,0,862.5,289.125,894.0,351.375,0.7578125,2
459,1,713.25,352.875,759.75,436.125,0.72802734375,2
459,2,1320.0,69.1875,1338.0,94.6875,0.546875,2
459,3,1096.5,186.0,1117.5,229.5,0.509765625,2
459,4,1182.75,92.8125,1233.75,138.5625,0.498046875,1
459,5,1551.0,27.375,1584.0,56.90625,0.490234375,1
459,6,1573.5,67.5,1597.5,103.5,0.352294921875,2
459,7,1435.5,7.171875,1452.0,24.890625,0.259033203125,2
460,0,860.25,291.75,891.75,354.0,0.767578125,2
460,1,708.75,354.75,754.5,440.25,0.75634765625,2
460,2,1319.25,68.625,1337.25,94.875,0.60205078125,2
460,3,1551.0,27.0,1584.0,56.8125,0.49609375,1
460,4,1183.5,93.1875,1234.5,138.5625,0.435791015625,1
460,5,1573.5,66.5625,1597.5,103.5,0.3701171875,2
460,6,1093.5,186.75,1117.5,231.75,0.33984375,2
461,0,860.25,291.75,891.75,354.0,0.76611328125,2
461,1,708.75,354.75,754.5,440.25,0.7548828125,2
461,2,1319.25,68.625,1337.25,94.875,0.60205078125,2
461,3,1551.0,27.0,1584.0,56.8125,0.49609375,1
461,4,1183.5,93.1875,1234.5,138.5625,0.441650390625,1
461,5,1573.5,66.5625,1597.5,103.5,0.3701171875,2
461,6,1093.5,186.75,1117.5,231.75,0.34326171875,2
462,0,855.0,295.125,888.0,358.875,0.7548828125,2
462,1,700.5,363.0,747.0,447.0,0.67578125,2
462,2,1089.0,192.0,1110.0,233.25,0.6513671875,2
462,3,1319.25,68.625,1337.25,94.6875,0.60009765625,2
462,4,1551.0,26.71875,1584.0,56.71875,0.42626953125,1
462,5,1573.5,66.1875,1597.5,103.5,0.39990234375,2
462,6,1183.5,93.28125,1234.5,138.65625,0.309814453125,2
462,7,1182.0,92.25,1233.0,138.1875,0.287841796875,1
463,0,852.0,298.125,885.0,363.375,0.74755859375,2
463,1,696.75,365.25,741.75,449.25,0.7373046875,2
463,2,1085.25,190.875,1106.25,235.875,0.517578125,2
463,3,1318.5,69.5625,1336.5,95.4375,0.51171875,2
463,4,1551.0,26.71875,1584.0,56.71875,0.42626953125,1
463,5,1573.5,66.375,1597.5,103.5,0.37939453125,2
463,6,1182.75,93.375,1233.75,138.75,0.33447265625,2
463,7,1182.0,92.4375,1233.0,138.1875,0.2666015625,1
464,0,852.0,298.125,885.0,363.375,0.74755859375,2
464,1,696.75,365.25,741.75,449.25,0.7373046875,2
464,2,1086.0,191.0625,1107.0,235.6875,0.515625,2
464,3,1318.5,69.46875,1336.5,95.34375,0.51171875,2
464,4,1551.0,26.71875,1584.0,56.71875,0.42626953125,1
464,5,1573.5,66.375,1597.5,103.5,0.37939453125,2
464,6,1182.75,93.375,1233.75,138.75,0.338134765625,2
464,7,1182.0,92.4375,1233.0,138.1875,0.262939453125,1
465,0,849.0,300.0,882.0,367.5,0.7431640625,2
465,1,690.75,367.875,738.0,453.375,0.73095703125,2
465,2,1080.0,191.25,1104.0,238.5,0.64599609375,2
465,3,1318.5,69.65625,1336.5,95.34375,0.494140625,2
465,4,1573.5,66.0,1597.5,103.5,0.394287109375,2
465,5,1551.0,26.53125,1584.0,56.53125,0.390380859375,1
465,6,1182.75,93.1875,1233.75,138.75,0.303955078125,2
465,7,1182.0,92.15625,1233.0,138.28125,0.296630859375,1
466,0,687.0,370.875,733.5,458.625,0.7294921875,2
466,1,846.0,302.625,879.0,370.125,0.72802734375,2
466,2,1077.0,194.25,1104.0,239.25,0.67724609375,2
466,3,1318.5,70.03125,1335.0,95.53125,0.49609375,2
466,4,1573.5,65.625,1597.5,103.5,0.403564453125,2
466,5,1551.0,26.578125,1584.0,56.578125,0.36669921875,1
466,6,1181.25,93.375,1233.75,138.75,0.301513671875,1
467,0,687.0,370.875,733.5,458.625,0.7294921875,2
467,1,846.0,302.625,879.0,370.125,0.72802734375,2
467,2,1077.0,194.25,1104.0,239.25,0.67919921875,2
467,3,1318.5,70.03125,1335.0,95.53125,0.49609375,2
467,4,1573.5,65.625,1597.5,103.5,0.401611328125,2
467,5,1551.0,26.578125,1584.0,56.578125,0.368408203125,1
467,6,1181.25,93.375,1233.75,138.75,0.304931640625,1
468,0,678.375,377.625,724.125,463.875,0.74755859375,2
468,1,839.25,307.5,872.25,375.75,0.740234375,2
468,2,1074.0,194.625,1099.5,241.875,0.673828125,2
468,3,1317.75,69.9375,1334.25,95.4375,0.5,2
468,4,1573.5,66.0,1597.5,103.5,0.39990234375,2
468,5,1554.0,26.625,1584.0,56.625,0.383056640625,1
468,6,1180.5,93.9375,1234.5,138.9375,0.30078125,1
468,7,1182.0,93.9375,1233.0,138.5625,0.25537109375,2
469,0,836.25,310.875,869.25,378.375,0.7578125,2
469,1,671.25,379.5,720.75,468.0,0.7373046875,2
469,2,1071.0,195.75,1098.0,243.0,0.6875,2
469,3,1315.5,70.21875,1333.5,95.90625,0.458984375,2
469,4,1573.5,65.8125,1597.5,103.5,0.422607421875,2
469,5,1551.0,26.625,1584.0,56.4375,0.359375,1
469,6,1179.0,94.3125,1233.0,139.125,0.322509765625,2
470,0,836.25,310.875,869.25,378.375,0.7578125,2
470,1,671.25,379.5,720.75,468.0,0.7373046875,2
470,2,1071.0,195.75,1098.0,243.0,0.6875,2
470,3,1315.5,70.21875,1333.5,95.90625,0.462890625,2
470,4,1573.5,65.625,1597.5,103.5,0.42431640625,2
470,5,1551.0,26.578125,1584.0,56.484375,0.357666015625,1
470,6,1179.0,94.3125,1233.0,139.125,0.32763671875,2
471,0,667.5,382.5,715.5,471.0,0.78271484375,2
471,1,834.0,313.125,867.0,383.625,0.7607421875,2
471,2,1065.75,194.25,1092.75,243.75,0.716796875,2
471,3,1315.5,72.65625,1333.5,97.21875,0.4921875,2
471,4,1554.0,26.4375,1584.0,56.625,0.422607421875,1
471,5,1573.5,66.0,1597.5,103.5,0.38671875,2
471,6,1180.5,94.6875,1233.0,138.75,0.34326171875,1
472,0,662.25,384.0,711.75,474.75,0.7646484375,2
472,1,831.75,317.0625,866.25,386.25,0.75341796875,2
472,2,1063.5,197.0625,1087.5,242.8125,0.65673828125,2
472,3,1314.0,72.46875,1332.0,97.40625,0.52734375,2
472,4,1573.5,65.0625,1597.5,103.6875,0.435791015625,2
472,5,1551.0,26.53125,1584.0,56.8125,0.381103515625,1
472,6,1500.0,27.09375,1513.5,45.65625,0.313232421875,2
472,7,1180.5,94.125,1233.0,138.9375,0.306640625,1
473,0,662.25,384.0,711.75,474.75,0.7646484375,2
473,1,831.75,317.0625,866.25,386.25,0.75341796875,2
473,2,1063.5,197.0625,1087.5,242.8125,0.65673828125,2
473,3,1314.0,72.5625,1332.0,97.3125,0.52734375,2
473,4,1573.5,65.15625,1597.5,103.59375,0.43212890625,2
473,5,1551.0,26.625,1584.0,56.8125,0.388671875,1
473,6,1180.5,94.125,1233.0,138.75,0.332763671875,1
473,7,1500.0,27.09375,1513.5,45.65625,0.313232421875,2
474,0,651.75,388.5,702.75,483.0,0.78125,2
474,1,825.0,321.5625,861.0,392.25,0.7294921875,2
474,2,1056.75,200.0625,1079.25,247.3125,0.544921875,2
474,3,1314.0,72.65625,1332.0,97.40625,0.537109375,2
474,4,1573.5,65.25,1597.5,103.5,0.42626953125,2
474,5,1551.0,26.4375,1584.0,56.8125,0.422607421875,1
474,6,1182.0,94.3125,1233.0,138.9375,0.39599609375,1
474,7,1498.5,26.671875,1513.5,45.890625,0.285400390625,2
475,0,642.75,388.5,699.0,489.0,0.751953125,2
475,1,822.75,324.0,858.75,395.25,0.708984375,2
475,2,1053.0,202.875,1077.0,250.5,0.57568359375,2
475,3,1314.0,72.65625,1332.0,97.59375,0.55078125,2
475,4,1551.0,26.484375,1584.0,57.046875,0.43017578125,1
475,5,1573.5,65.0625,1597.5,103.5,0.42626953125,2
475,6,1182.0,95.34375,1233.0,138.84375,0.304931640625,1
475,7,1767.0,479.25,1911.0,624.75,0.26220703125,2
476,0,642.0,388.5,699.0,489.0,0.751953125,2
476,1,822.75,324.0,858.75,395.25,0.708984375,2
476,2,1053.0,203.25,1077.0,250.5,0.57568359375,2
476,3,1314.0,72.65625,1332.0,97.59375,0.548828125,2
476,4,1551.0,26.4375,1584.0,57.0,0.42822265625,1
476,5,1573.5,65.0625,1597.5,103.5,0.42822265625,2
476,6,1182.0,95.0625,1233.0,138.9375,0.325927734375,1
477,0,640.125,396.0,694.125,490.5,0.80810546875,2
477,1,819.0,328.5,856.5,399.0,0.740234375,2
477,2,1048.5,202.125,1075.5,250.875,0.56396484375,2
477,3,1314.0,72.375,1332.0,97.6875,0.541015625,2
477,4,1185.0,96.375,1233.0,138.75,0.451416015625,2
477,5,1551.0,26.484375,1584.0,57.140625,0.42431640625,1
477,6,1573.5,65.0625,1597.5,103.6875,0.42431640625,2
477,7,1767.0,479.625,1911.0,625.875,0.3388671875,2
478,0,816.75,332.4375,854.25,402.75,0.74609375,2
478,1,635.25,400.875,689.25,493.875,0.74462890625,2
478,2,1045.5,204.375,1071.0,253.125,0.68603515625,2
478,3,1311.0,72.375,1332.0,97.875,0.5390625,2
478,4,1551.0,26.53125,1584.0,57.09375,0.449462890625,1
478,5,1185.0,96.84375,1233.0,138.46875,0.422607421875,2
478,6,1573.5,65.0625,1597.5,103.6875,0.414794921875,2
478,7,1173.0,100.125,1233.0,141.75,0.3310546875,2
478,8,1767.0,482.25,1911.0,624.75,0.299072265625,2
479,0,635.25,400.875,689.25,493.875,0.74755859375,2
479,1,816.75,332.4375,854.25,402.75,0.74609375,2
479,2,1045.5,204.1875,1071.0,253.3125,0.689453125,2
479,3,1311.0,72.375,1332.0,97.875,0.54296875,2
479,4,1551.0,26.53125,1584.0,57.09375,0.447509765625,1
479,5,1185.0,96.84375,1233.0,138.46875,0.42626953125,2
479,6,1573.5,64.96875,1597.5,103.78125,0.414794921875,2
479,7,1173.0,99.9375,1233.0,141.75,0.32763671875,2
479,8,1767.0,481.875,1911.0,625.125,0.30810546875,2
480,0,810.0,336.375,847.5,409.125,0.74609375,2
480,1,629.25,409.875,675.75,502.125,0.74462890625,2
480,2,1041.0,207.5625,1068.0,252.9375,0.60595703125,2
480,3,1309.5,72.5625,1327.5,99.9375,0.51171875,2
480,4,1551.0,26.34375,1584.0,57.28125,0.462890625,1
480,5,1573.5,65.15625,1597.5,103.78125,0.445556640625,2
480,6,1170.0,102.375,1197.0,142.3125,0.355712890625,2
480,7,1767.0,480.0,1911.0,625.5,0.32421875,2
480,8,1191.0,95.90625,1233.0,138.09375,0.29345703125,2
481,0,620.25,413.625,672.75,506.625,0.7744140625,2
481,1,807.0,339.5625,846.0,411.75,0.74169921875,2
481,2,1038.0,204.375,1063.5,250.125,0.59814453125,2
481,3,1309.5,72.9375,1327.5,99.9375,0.515625,2
481,4,1551.0,26.34375,1584.0,57.1875,0.453369140625,1
481,5,1573.5,65.34375,1597.5,103.78125,0.437744140625,2
481,6,1191.0,96.375,1233.0,138.0,0.37744140625,1
481,7,1767.0,479.625,1911.0,625.875,0.376708984375,2
481,8,1170.0,101.25,1203.0,142.125,0.338134765625,2
482,0,620.25,413.625,672.75,506.625,0.7744140625,2
482,1,807.0,339.5625,846.0,411.75,0.74169921875,2
482,2,1038.0,204.375,1063.5,250.5,0.60009765625,2
482,3,1309.5,72.9375,1327.5,99.9375,0.513671875,2
482,4,1551.0,26.25,1584.0,57.1875,0.46875,1
482,5,1573.5,65.25,1597.5,103.6875,0.439697265625,2
482,6,1767.0,479.625,1911.0,625.875,0.37744140625,2
482,7,1191.0,96.46875,1233.0,138.09375,0.361083984375,1
482,8,1170.0,101.25,1201.5,142.125,0.338134765625,2
483,0,615.0,417.0,667.5,510.75,0.80810546875,2
483,1,803.25,339.75,843.75,415.5,0.751953125,2
483,2,1033.5,204.75,1057.5,253.875,0.57177734375,2
483,3,1309.5,72.84375,1327.5,100.21875,0.5283203125,2
483,4,1551.0,26.109375,1584.0,57.234375,0.458984375,1
483,5,1573.5,65.34375,1597.5,103.78125,0.439697265625,2
483,6,1169.25,103.6875,1191.75,142.3125,0.363037109375,2
483,7,1764.0,482.25,1908.0,625.5,0.35302734375,2
483,8,1194.0,96.9375,1233.0,138.0,0.30322265625,1
484,0,608.25,419.625,661.5,514.875,0.79443359375,2
484,1,801.0,342.375,840.0,418.125,0.767578125,2
484,2,1030.5,208.875,1054.5,256.125,0.65673828125,2
484,3,1311.0,74.625,1327.5,100.5,0.470703125,2
484,4,1551.0,26.015625,1584.0,57.140625,0.455078125,1
484,5,1573.5,65.25,1597.5,103.5,0.42626953125,2
484,6,1194.0,97.3125,1233.0,137.4375,0.388671875,1
484,7,1765.5,481.5,1906.5,625.5,0.36376953125,2
484,8,1288.5,35.25,1327.5,61.40625,0.35400390625,1
484,9,1170.0,106.125,1191.0,142.3125,0.2958984375,2
485,0,608.25,419.625,661.5,514.875,0.79443359375,2
485,1,801.0,342.375,840.0,418.125,0.767578125,2
485,2,1030.5,208.6875,1054.5,255.9375,0.6533203125,2
485,3,1311.0,74.53125,1327.5,100.40625,0.470703125,2
485,4,1551.0,26.015625,1584.0,57.140625,0.455078125,1
485,5,1573.5,65.25,1597.5,103.6875,0.42626953125,2
485,6,1194.0,97.21875,1233.0,137.53125,0.39599609375,1
485,7,1765.5,481.5,1906.5,625.5,0.36474609375,2
485,8,1288.5,35.25,1327.5,61.40625,0.352294921875,1
485,9,1170.0,106.125,1191.0,142.5,0.2861328125,2
486,0,594.75,427.125,650.25,525.375,0.7744140625,2
486,1,795.0,348.0,834.0,424.5,0.73583984375,2
486,2,1023.0,207.5625,1047.0,257.4375,0.7138671875,2
486,3,1311.0,73.875,1329.0,100.875,0.48046875,2
486,4,1573.5,64.6875,1597.5,103.6875,0.445556640625,2
486,5,1551.0,25.96875,1584.0,57.1875,0.441650390625,1
486,6,1194.0,96.5625,1233.0,137.625,0.361083984375,1
486,7,1765.5,481.5,1909.5,625.5,0.3583984375,2
487,0,589.5,430.5,643.5,528.75,0.83984375,2
487,1,792.0,351.75,831.0,428.25,0.73583984375,2
487,2,1019.25,211.875,1043.25,258.375,0.6279296875,2
487,3,1308.0,73.40625,1327.5,101.34375,0.517578125,2
487,4,1551.0,25.78125,1584.0,57.1875,0.447509765625,1
487,5,1192.5,97.125,1233.0,138.0,0.447509765625,1
487,6,1765.5,481.125,1909.5,625.875,0.440673828125,2
487,7,1573.5,64.5,1597.5,103.875,0.437744140625,2
488,0,589.5,430.5,643.5,528.75,0.8408203125,2
488,1,792.0,351.75,831.0,428.25,0.73583984375,2
488,2,1019.25,211.5,1043.25,258.375,0.6279296875,2
488,3,1308.0,73.5,1327.5,101.25,0.515625,2
488,4,1192.5,97.125,1233.0,138.0,0.455078125,1
488,5,1765.5,481.5,1909.5,625.5,0.448486328125,2
488,6,1551.0,25.78125,1584.0,57.09375,0.445556640625,1
488,7,1573.5,64.40625,1597.5,103.78125,0.437744140625,2
489,0,582.75,435.0,639.75,532.5,0.7919921875,2
489,1,789.0,354.375,828.0,432.375,0.73388671875,2
489,2,1017.0,214.6875,1041.0,259.3125,0.71044921875,2
489,3,1308.0,73.875,1326.0,101.625,0.57958984375,2
489,4,1551.0,25.59375,1584.0,56.90625,0.47265625,1
489,5,1765.5,481.5,1909.5,625.5,0.439697265625,2
489,6,1573.5,64.59375,1597.5,103.78125,0.42822265625,2
489,7,1191.0,98.53125,1233.0,138.09375,0.3115234375,2
489,8,1171.5,103.3125,1207.5,141.9375,0.30810546875,2
489,9,1309.5,74.4375,1332.0,100.3125,0.271240234375,2
490,0,574.5,436.5,633.0,538.5,0.7841796875,2
490,1,783.75,356.25,824.25,435.75,0.751953125,2
490,2,1014.0,216.75,1038.0,262.5,0.7490234375,2
490,3,1308.0,74.25,1326.0,102.1875,0.61328125,2
490,4,1551.0,25.03125,1584.0,56.90625,0.4921875,1
490,5,1573.5,64.125,1597.5,103.875,0.443603515625,2
490,6,1765.5,482.25,1909.5,625.5,0.400634765625,2
490,7,1189.5,99.5625,1233.0,138.5625,0.357666015625,2
490,8,1173.0,102.1875,1227.0,141.9375,0.318359375,2
491,0,574.5,436.5,633.0,538.5,0.78125,2
491,1,783.75,356.25,824.25,435.75,0.751953125,2
491,2,1014.0,216.75,1038.0,262.5,0.74755859375,2
491,3,1308.0,74.15625,1326.0,102.28125,0.611328125,2
491,4,1551.0,25.03125,1584.0,56.90625,0.490234375,1
491,5,1573.5,64.125,1597.5,103.875,0.441650390625,2
491,6,1765.5,482.25,1909.5,625.5,0.39794921875,2
491,7,1189.5,99.5625,1233.0,138.5625,0.359375,2
491,8,1172.25,102.28125,1227.75,141.84375,0.318359375,2
492,0,560.625,444.375,621.375,547.875,0.79833984375,2
492,1,775.5,364.5,817.5,444.0,0.75927734375,2
492,2,1005.0,215.8125,1032.0,264.5625,0.74462890625,2
492,3,1308.0,75.1875,1326.0,103.5,0.6875,2
492,4,1551.0,24.9375,1584.0,56.8125,0.494140625,1
492,5,1573.5,64.21875,1597.5,103.96875,0.451416015625,2
492,6,1767.0,482.25,1911.0,625.5,0.43505859375,2
492,7,1185.75,100.21875,1232.25,139.21875,0.382080078125,1
493,0,552.75,447.0,617.25,549.75,0.8173828125,2
493,1,774.0,367.5,816.0,447.0,0.74755859375,2
493,2,1000.5,220.875,1026.0,265.875,0.73583984375,2
493,3,1308.0,76.40625,1326.0,104.15625,0.67236328125,2
493,4,1551.0,24.65625,1584.0,56.8125,0.513671875,1
493,5,1573.5,64.5,1597.5,103.875,0.441650390625,2
493,6,1185.75,100.6875,1232.25,139.3125,0.388671875,1
493,7,1767.0,481.5,1911.0,625.5,0.38671875,2
494,0,552.75,447.75,617.25,549.75,0.8154296875,2
494,1,773.25,368.25,815.25,447.75,0.74609375,2
494,2,1000.5,220.875,1026.0,265.875,0.73583984375,2
494,3,1308.0,76.5,1326.0,104.25,0.67724609375,2
494,4,1551.0,24.65625,1584.0,56.71875,0.513671875,1
494,5,1573.5,64.5,1597.5,103.875,0.437744140625,2
494,6,1185.75,100.59375,1232.25,139.21875,0.393310546875,1
494,7,1767.0,481.5,1911.0,625.5,0.383056640625,2
495,0,549.75,454.5,609.75,555.0,0.81884765625,2
495,1,769.5,371.25,813.0,450.75,0.75048828125,2
495,2,1308.0,76.6875,1326.0,104.25,0.66552734375,2
495,3,997.5,223.125,1021.5,267.375,0.640625,2
495,4,1551.0,24.375,1584.0,56.625,0.521484375,1
495,5,1573.5,64.5,1597.5,103.875,0.437744140625,2
495,6,1185.75,100.875,1232.25,139.125,0.350341796875,1
495,7,1767.0,481.5,1911.0,624.75,0.337158203125,2
496,0,543.75,458.25,602.25,560.25,0.830078125,2
496,1,765.75,376.5,809.25,454.5,0.7578125,2
496,2,1306.5,77.25,1324.5,104.25,0.68408203125,2
496,3,1551.0,24.46875,1584.0,56.625,0.53515625,1
496,4,993.75,223.125,1017.75,269.625,0.533203125,2
496,5,1573.5,64.5,1597.5,103.875,0.435791015625,2
496,6,1185.0,100.5,1233.0,138.75,0.36669921875,1
496,7,1767.0,480.75,1911.0,624.75,0.341552734375,2
496,8,1467.75,28.96875,1487.25,49.59375,0.267333984375,2
497,0,543.75,458.25,602.25,560.25,0.830078125,2
497,1,765.75,376.5,809.25,454.5,0.7578125,2
497,2,1306.5,77.0625,1324.5,104.25,0.6826171875,2
497,3,1551.0,24.46875,1584.0,56.625,0.53515625,1
497,4,994.5,223.125,1018.5,269.625,0.533203125,2
497,5,1573.5,64.5,1597.5,103.875,0.435791015625,2
497,6,1185.0,100.5,1233.0,138.9375,0.362060546875,1
497,7,1767.0,480.75,1911.0,624.75,0.342529296875,2
497,8,1467.75,28.921875,1487.25,49.546875,0.267333984375,2
498,0,757.5,381.0,801.0,462.75,0.7958984375,2
498,1,528.75,466.125,585.0,568.875,0.70556640625,2
498,2,1307.25,76.5,1323.75,103.875,0.67578125,2
498,3,985.5,226.125,1011.0,271.875,0.642578125,2
498,4,1551.0,24.0,1584.0,56.4375,0.56005859375,1
498,5,1182.0,99.9375,1233.0,138.5625,0.513671875,1
498,6,1573.5,64.6875,1597.5,103.875,0.416748046875,2
498,7,1767.0,480.0,1911.0,625.5,0.3486328125,2
499,0,753.75,383.25,798.75,467.25,0.79443359375,2
499,1,516.0,466.875,580.5,574.875,0.7646484375,2
499,2,1307.25,76.5,1323.75,104.25,0.69091796875,2
499,3,982.5,227.0625,1006.5,272.4375,0.658203125,2
499,4,1551.0,23.8125,1584.0,56.4375,0.56396484375,1
499,5,1182.75,99.5625,1232.25,138.5625,0.56201171875,1
499,6,1573.5,64.5,1597.5,103.875,0.420654296875,2
499,7,1767.0,478.875,1911.0,625.875,0.3583984375,2
499,8,1324.5,41.71875,1348.5,62.8125,0.280517578125,2
500,0,753.75,383.25,798.75,467.25,0.79443359375,2
500,1,516.0,466.875,580.5,574.875,0.76611328125,2
500,2,1307.25,76.5,1323.75,104.0625,0.689453125,2
500,3,982.5,227.0625,1006.5,272.4375,0.658203125,2
500,4,1551.0,23.8125,1584.0,56.4375,0.56201171875,1
500,5,1182.75,99.5625,1232.25,138.5625,0.56005859375,1
500,6,1573.5,64.40625,1597.5,103.96875,0.418701171875,2
500,7,1767.0,478.875,1911.0,625.875,0.3603515625,2
500,8,1324.5,41.71875,1348.5,62.8125,0.281494140625,2
501,0,516.75,475.5,573.75,582.75,0.8310546875,2
501,1,749.25,385.125,795.75,471.375,0.75634765625,2
501,2,1307.25,77.34375,1322.25,104.34375,0.69580078125,2
501,3,978.0,228.375,1002.0,274.125,0.64404296875,2
501,4,1182.0,99.0,1233.0,138.5625,0.5927734375,1
501,5,1551.0,23.71875,1584.0,56.34375,0.56787109375,1
501,6,1573.5,64.5,1597.5,103.875,0.414794921875,2
501,7,1767.0,480.0,1911.0,625.5,0.333740234375,2
502,0,500.25,475.5,569.25,588.75,0.83203125,2
502,1,746.25,390.0,794.25,475.5,0.78125,2
502,2,1306.5,77.4375,1321.5,104.4375,0.69091796875,2
502,3,974.25,228.375,998.25,275.625,0.609375,2
502,4,1182.75,99.0,1232.25,138.75,0.57958984375,1
502,5,1551.0,24.0,1584.0,56.4375,0.56201171875,1
502,6,1573.5,64.40625,1597.5,103.96875,0.418701171875,2
502,7,1332.0,39.28125,1356.0,60.09375,0.346923828125,2
502,8,1767.0,480.75,1911.0,624.75,0.338134765625,2
502,9,492.0,474.0,507.75,481.5,0.253173828125,2
503,0,500.25,475.5,569.25,588.75,0.83203125,2
503,1,746.25,390.0,794.25,475.5,0.78125,2
503,2,1306.5,77.4375,1321.5,104.4375,0.69091796875,2
503,3,974.25,228.375,998.25,275.625,0.609375,2
503,4,1182.75,98.8125,1232.25,138.75,0.5830078125,1
503,5,1551.0,24.0,1584.0,56.4375,0.56396484375,1
503,6,1573.5,64.40625,1597.5,103.96875,0.418701171875,2
503,7,1332.0,39.375,1356.0,60.09375,0.3486328125,2
503,8,1767.0,480.75,1911.0,624.75,0.34326171875,2
503,9,492.0,474.0,507.75,481.5,0.25390625,2
504,0,491.25,490.5,552.75,600.0,0.79052734375,2
504,1,737.25,398.25,783.75,485.25,0.7490234375,2
504,2,967.5,231.0,991.5,278.25,0.71533203125,2
504,3,1303.5,78.0,1320.0,105.375,0.66552734375,2
504,4,1551.0,24.046875,1584.0,56.484375,0.556640625,1
504,5,1332.0,40.6875,1356.0,62.0625,0.445556640625,2
504,6,1573.5,64.3125,1597.5,104.0625,0.420654296875,2
504,7,1767.0,481.5,1911.0,625.5,0.404541015625,2
504,8,1185.0,99.1875,1233.0,138.9375,0.403564453125,1
504,9,1461.0,30.65625,1473.0,49.96875,0.3056640625,2
504,10,1305.0,75.375,1323.0,104.8125,0.26806640625,2
505,0,477.75,495.0,545.25,604.5,0.7958984375,2
505,1,729.75,400.5,780.75,489.0,0.7890625,2
505,2,1303.5,77.0625,1320.0,105.9375,0.65478515625,2
505,3,963.0,234.0,987.0,280.875,0.6513671875,2
505,4,1551.0,23.71875,1584.0,56.53125,0.56005859375,1
505,5,1333.5,39.0,1357.5,60.375,0.470703125,2
505,6,1573.5,63.9375,1597.5,104.0625,0.437744140625,2
505,7,1765.5,481.5,1909.5,625.5,0.392333984375,2
505,8,1188.75,98.8125,1232.25,138.9375,0.355712890625,2
505,9,1171.5,99.1875,1231.5,141.9375,0.2705078125,2
506,0,477.75,495.0,545.25,604.5,0.796875,2
506,1,729.75,400.5,780.75,489.0,0.7890625,2
506,2,1303.5,77.0625,1320.0,105.9375,0.65673828125,2
506,3,963.0,234.0,987.0,280.5,0.6513671875,2
506,4,1551.0,23.71875,1584.0,56.53125,0.56005859375,1
506,5,1334.25,39.0,1356.75,60.375,0.470703125,2
506,6,1573.5,63.9375,1597.5,104.0625,0.439697265625,2
506,7,1765.5,481.5,1909.5,625.5,0.3857421875,2
506,8,1188.75,98.8125,1232.25,138.9375,0.35400390625,2
506,9,1171.5,99.09375,1231.5,142.03125,0.2705078125,2
507,0,727.5,406.5,775.5,493.5,0.7841796875,2
507,1,472.125,498.375,537.375,609.375,0.72802734375,2
507,2,1303.5,76.875,1321.5,105.75,0.67919921875,2
507,3,960.0,234.375,984.0,281.25,0.62255859375,2
507,4,1332.75,41.8125,1358.25,63.9375,0.57373046875,2
507,5,1551.0,24.234375,1584.0,56.484375,0.541015625,1
507,6,1573.5,64.125,1597.5,104.0625,0.43017578125,2
507,7,1767.0,481.5,1911.0,625.5,0.4091796875,2
507,8,1190.25,98.625,1232.25,138.75,0.30322265625,1
507,9,1454.25,28.875,1470.75,49.3125,0.299072265625,2
508,0,463.5,505.5,528.0,616.5,0.81640625,2
508,1,721.5,408.75,772.5,498.75,0.81396484375,2
508,2,1302.0,76.96875,1320.0,105.84375,0.6669921875,2
508,3,955.5,238.875,979.5,283.125,0.57958984375,2
508,4,1551.0,24.0,1584.0,56.4375,0.541015625,1
508,5,1335.0,38.0625,1359.0,58.6875,0.490234375,2
508,6,1573.5,63.9375,1597.5,104.0625,0.42431640625,2
508,7,1191.0,96.1875,1233.0,138.5625,0.414794921875,1
508,8,1767.0,481.5,1911.0,625.5,0.37744140625,2
508,9,1453.5,28.3125,1470.0,49.03125,0.3173828125,2
509,0,721.5,408.75,772.5,498.75,0.8154296875,2
509,1,463.5,505.5,528.0,616.5,0.81396484375,2
509,2,1302.0,76.96875,1320.0,105.84375,0.6689453125,2
509,3,955.5,238.875,979.5,283.125,0.57958984375,2
509,4,1551.0,24.046875,1584.0,56.390625,0.541015625,1
509,5,1335.0,38.15625,1359.0,58.78125,0.494140625,2
509,6,1573.5,63.9375,1597.5,104.0625,0.42431640625,2
509,7,1191.0,96.1875,1233.0,138.5625,0.416748046875,1
509,8,1767.0,481.5,1911.0,625.5,0.367431640625,2
509,9,1453.5,28.3125,1470.0,49.125,0.316650390625,2
