frame,track_id,x1,y1,x2,y2,conf,cls
10,1,1228.7263078474575,535.3323947201739,1300.4476964604157,629.9096832647002,0.79052734375,2
10,2,675.9946860395728,312.05317915923456,733.5930506660561,372.6801513548303,0.7744140625,2
10,3,1037.3452909059977,195.20997905387756,1066.9588510143835,240.1695217514735,0.609375,2
10,4,843.5570969279532,275.61832169912697,915.5996618329574,338.614652279404,0.70556640625,2
10,5,1764.6885734710347,487.28331841832954,1909.699963275463,624.2865348557559,0.48046875,2
10,6,1510.1021724466805,28.319419852219198,1524.472313317136,53.59617755121752,0.53515625,2
10,7,1338.2764020591194,53.22172931623096,1355.7240177890337,79.83059972031582,0.5078125,2
10,8,1573.6514000914892,63.226371344921446,1597.3485999085106,103.62434506806436,0.552734375,2
10,9,1033.5863361503593,257.8908933461593,1288.4166730486104,316.54079862437794,0.332763671875,1
10,10,1172.3602642037226,95.0385637208174,1233.4892930126064,138.9730164969907,0.45703125,2
10,11,1387.5265194093313,28.717149973873624,1404.5453397631622,50.823592532558806,0.0,2
10,12,1767.3115808091018,518.5202398439974,1882.6345851693857,623.1672909384384,0.0,2
10,13,1550.2711036446274,22.77520309950457,1581.7288963553726,56.43369627809885,0.447509765625,1
10,14,1533.1006975789905,745.5095389658509,1667.1125727847846,872.5736949258431,0.0,2
10,15,1282.094411856913,504.8113327911246,1303.905588143087,564.3679967467464,0.0,2
10,16,1103.7716803672347,131.8947363056614,1164.9421747165582,169.15599637364664,0.29345703125,2
10,18,1469.7621345354871,8.694191420888846,1491.7773746880964,31.824262990342266,0.63330078125,1
10,20,1288.1521802590346,501.3217398236111,1309.8038725226313,530.7013623791179,0.29345703125,2
10,24,981.4120792817531,123.72089230583255,1032.7266332102656,166.24517061880675,0.43408203125,2
11,1,1230.1519795799882,536.4554628579764,1301.7781140774505,629.798715526972,0.7890625,2
11,2,674.6289644418106,312.6035875619879,731.6799460429709,373.0913930409545,0.7744140625,2
11,3,1037.2268923088923,194.94248411772531,1066.4675028957918,240.02164370284441,0.607421875,2
11,4,843.0692352899512,276.12470353500777,913.9876760359523,339.05971905903834,0.70556640625,2
11,5,1764.9765858488847,487.100347754052,1909.9098603555194,624.3525051742228,0.4853515625,2
11,6,1510.0783057711883,28.28574348093432,1524.4907337454617,53.55131974809623,0.537109375,2
11,7,1338.1567165658228,53.115950339914164,1355.7164440873232,79.83337774588138,0.5078125,2
11,8,1573.6280213678654,63.22498668918608,1597.3719786321344,103.66960163973995,0.55078125,2
11,9,1033.747050277524,257.8642682973315,1288.3326201595628,316.3875014117291,0.3251953125,1
11,10,1173.4497626130558,94.71381828725852,1233.8149621653197,138.2879688523442,0.4580078125,2
11,11,1387.6043989796196,28.645270198192236,1404.5703413874337,50.68302779333382,0.0,2
11,12,1767.6174564621886,518.2526085997695,1883.1998282920729,623.1350165394551,0.0,2
11,13,1550.3632806360567,22.853076760659043,1581.6367193639435,56.43140843690308,0.447509765625,1
11,14,1527.227483710384,748.8393424023337,1660.750741039621,875.4402606118052,0.0,2
11,15,1282.342439041403,504.54043180625246,1303.6575609585973,562.7425908375135,0.0,2
11,16,1103.4444940261858,131.6821444262663,1164.8080636392342,169.14196823809948,0.294921875,2
11,18,1469.264849874107,8.807822206959852,1491.2464994024522,31.736052841519953,0.63330078125,1
11,20,1288.0390971635704,500.9303066182975,1310.3786265116992,530.433505459688,0.29248046875,2
11,24,981.5957872512975,123.97416161034681,1032.912702198181,166.39301162342662,0.43408203125,2
12,1,1232.2662649633094,533.3183211277143,1306.6415850115136,629.2721919762284,0.77197265625,2
12,2,666.6466998637977,312.4788346075445,726.1188732472175,376.4883811495526,0.71240234375,2
12,3,1034.5382931207266,194.9510609984298,1064.0450100710473,240.80972137138735,0.68408203125,2
12,4,834.8665328539848,278.0281513674849,903.8664663162976,340.1710025996932,0.81396484375,2
12,5,1765.1826172192511,487.04118349964114,1909.8788360655465,624.3762702848417,0.5390625,2
12,6,1509.51754476868,27.648688435137444,1524.039021605766,53.0400484068398,0.5546875,2
12,7,1338.0386584434118,53.817168786897135,1355.801726485577,80.81593659386635,0.52734375,2
12,8,1573.5484795654577,63.096236552506795,1597.4515204345423,103.81135566310539,0.56591796875,2
12,9,1033.70669858403,257.9767622732596,1288.3918767127832,316.45622162202227,0.36572265625,1
12,10,1173.4891231319195,94.79979879680951,1233.2592726477942,138.10852500828094,0.486328125,2
12,11,1387.6822785490308,28.573390422510855,1404.5953430125821,50.542463054108836,0.0,2
12,12,1765.752213133481,517.2139143721148,1882.6291365402822,623.5710029623306,0.2705078125,2
12,13,1550.2739863100412,22.56677979332253,1581.7260136899588,56.49390665051006,0.43017578125,1
12,14,1521.3542696557943,752.1691458388166,1654.38890948044,878.3068262977674,0.0,2
12,15,1297.0381790287317,505.4929505113398,1324.7555731463094,580.3889537930522,0.2666015625,2
12,16,1102.6990486298223,131.10818132654364,1165.3768369213435,169.38459076693937,0.361083984375,2
12,18,1468.1485713841303,9.063377433261733,1490.0266831833255,31.6964921399014,0.61865234375,1
12,20,1288.978613663065,500.40623286237184,1310.6957932432504,529.0874952650086,0.0,2
12,24,981.1353859738946,124.44402157161386,1032.4013964957646,166.69254234686838,0.4765625,2
13,1,1231.1620156167426,531.6790973314033,1306.2358162867408,628.5963938337834,0.7607421875,2
13,2,661.5634894528476,314.12595930050253,720.0340773347534,377.94551421358,0.7431640625,2
13,3,1032.0902400509908,193.58851888603834,1062.6670306337103,241.704408328146,0.6689453125,2
13,4,829.40383944608,278.21526773944856,898.805832482824,341.5373308006996,0.7705078125,2
13,5,1765.3512610542207,487.277282882334,1909.7640008597741,624.6334563339421,0.5380859375,2
13,6,1509.2321779267124,26.977968343151435,1523.944316172029,52.41955811978107,0.546875,2
13,7,1337.9265270099277,54.20275900525896,1355.9140824217823,81.54805278339667,0.48828125,2
13,8,1573.582084772484,63.17056342823145,1597.417915227516,103.73893836892759,0.56591796875,2
13,9,1033.0719816651474,258.0160382571323,1287.0231898881498,316.23233457216253,0.42431640625,1
13,10,1169.891087273563,96.47682646614118,1230.616897062034,140.55886169020246,0.474609375,2
13,11,1387.7601581175652,28.501510646829466,1404.620344638608,50.40189831488385,0.0,2
13,12,1765.7313003582206,517.042935412815,1882.546584128806,623.6140643733592,0.267333984375,2
13,13,1550.2823286078399,22.45928174151154,1581.71767139216,56.517536560011614,0.447509765625,1
13,14,1515.4810554152218,755.4989492752994,1648.0270781072418,881.1733919837295,0.0,2
13,15,1298.6104898564113,505.3331258891506,1326.4330381976754,580.5132646862655,0.0,2
13,16,1102.6047313564063,130.89660144869066,1165.4057623663607,169.22851955995074,0.34326171875,2
13,18,1466.7029952265484,11.062493001479984,1487.6453696511596,32.696371073775175,0.259765625,1
13,20,1289.9181305163636,499.8821591064461,1311.0129596209981,527.741485070329,0.0,2
13,24,981.0572751815126,125.24890199281593,1032.1251963171794,167.17606286461842,0.462890625,2
14,1,1230.6874534446513,531.0702417651745,1306.004747244479,628.3603779765821,0.75927734375,2
14,2,660.1235735935888,314.94104201589005,717.5588545365566,378.44070495956026,0.7431640625,2
14,3,1031.3112208646141,193.06831132148645,1062.0606173339331,242.02807456612825,0.6689453125,2
14,4,827.7934905144431,278.2592701323113,896.8103431733566,342.0090400337288,0.76904296875,2
14,5,1765.499329643516,487.37390070674337,1909.6250821259105,624.7289307463877,0.54296875,2
14,6,1509.095256159453,26.733026061046072,1523.940104563096,52.13366422992402,0.544921875,2
14,7,1337.8665715531363,54.312995228662835,1355.985333380953,81.8749052261484,0.48828125,2
14,8,1573.5893272888065,63.19681893548422,1597.4106727111932,103.71044448225817,0.56591796875,2
14,9,1032.7087942640153,258.1528711669153,1286.6299092640822,316.27408684467764,0.42333984375,1
14,10,1168.6525066527252,97.1102267522206,1229.5172479933797,141.35321949794363,0.474609375,2
14,11,1387.8380376852224,28.429630871148085,1404.6453462655104,50.26133357565888,0.0,2
14,12,1765.807161196953,516.7370103887463,1882.4338662672433,623.3793907523997,0.267333984375,2
14,13,1550.3242466030058,22.418918178643597,1581.675753396994,56.526571823253434,0.447509765625,1
14,14,1509.6078409886666,758.8287527117824,1641.6652469200264,884.0399576696918,0.0,2
14,15,1300.182800677277,505.1733012669614,1328.1105032558544,580.6375755794787,0.0,2
14,16,1102.5683184463285,130.82288765572082,1165.4190775575155,169.1669084696712,0.34326171875,2
14,18,1466.2106245747111,11.763838429351788,1486.8480942988606,33.05386976219533,0.260498046875,1
14,20,1290.8576477234656,499.35808535052047,1311.3301256449415,526.3954748756494,0.0,2
14,24,980.9619430981385,125.5172189638864,1032.0913597545,167.3328752665623,0.462890625,2
15,1,1231.7283658825822,530.3623874636535,1306.5796599801317,626.8014153350939,0.763671875,2
15,2,656.8983529849227,316.8092786495484,713.1762003882571,380.06704958603984,0.75048828125,2
15,3,1029.545878438747,195.05706896308777,1059.4877788904334,242.61713392779265,0.732421875,2
15,4,822.5859668515104,278.98565130080215,891.1685681760518,343.37550821610955,0.7646484375,2
15,5,1765.4067329495672,486.91870194783525,1909.7112574285927,624.7626991002655,0.5546875,2
15,6,1509.048585148432,26.49398248641113,1523.9367009399143,51.69431353246365,0.56396484375,2
15,7,1337.2259802265817,54.53324987454494,1355.6552133710175,82.41587564233753,0.453369140625,2
15,8,1573.5868180588695,63.32953626800108,1597.4131819411305,103.82375888888367,0.56201171875,2
15,9,1033.431293869856,258.07648792183966,1286.6268234247111,315.9165972747656,0.5302734375,1
15,10,1171.9843397644156,95.86823725403376,1231.2509514981791,139.05034133444605,0.4609375,2
15,11,1381.5660849866624,34.1981509051026,1398.1852106765032,55.21280314140493,0.2705078125,2
15,12,1765.9047559224528,517.1306325700133,1882.3075070942095,623.7874942541661,0.2666015625,2
15,13,1550.3264855413959,22.217867220394016,1581.6735144586041,56.46782121047863,0.46875,1
15,14,1503.7346263761283,762.1585561482652,1635.303415918794,886.9065233556539,0.0,2
15,15,1297.4856398290146,501.67686603272665,1323.629729319003,571.81497391069,0.271240234375,2
15,16,1102.5535270225844,130.9255539902372,1165.42696844649,169.26662174665142,0.414794921875,2
15,18,1464.749201309608,10.688656021987795,1485.8868252922944,32.402415523554794,0.38671875,1
15,20,1291.7971652843717,498.83401159459476,1311.6472913150817,525.0494646809698,0.0,2
15,24,982.6951855956099,126.62063040552187,1032.3650398452696,166.732816830275,0.43408203125,2
16,1,1233.4819582295895,529.1185158197297,1309.3309003356903,626.2328762226116,0.74169921875,2
16,2,653.0623301680082,318.4520604189062,707.9945847660568,381.62331194113835,0.740234375,2
16,3,1026.9242565138352,195.58583463573714,1056.5689821115548,243.06522507947543,0.72802734375,2
16,4,817.7045055399624,279.2355748844073,886.3630558477079,345.0850377413738,0.68408203125,2
16,5,1765.4635997884382,486.75238008011945,1909.6436197840296,624.7732001339889,0.5546875,2
16,6,1509.004331802247,26.47583518850424,1523.9654317709428,51.54071073201216,0.56591796875,2
16,7,1336.333378675864,54.61113891831205,1355.204193223768,82.8538026565214,0.385009765625,2
16,8,1573.5810124533436,63.377601174881086,1597.4189875466566,103.8657374102709,0.56396484375,2
16,9,1033.0591765370564,258.04487606233744,1286.2759995564438,315.7838522680164,0.486328125,1
16,10,1173.2275183753657,95.2719313401444,1231.9520147604696,138.1682727827939,0.454345703125,2
16,11,1381.1547180109012,34.59373191373672,1397.6721584741886,55.47980062866245,0.0,2
16,12,1765.918072067362,516.8839431285929,1882.633392016864,623.8272114611522,0.0,2
16,13,1550.315782550672,21.95698357247675,1581.684217449328,56.38370424025512,0.47265625,1
16,14,1497.8614115776074,765.4883595847481,1628.9415851035444,889.7730890416161,0.0,2
16,15,1298.6846386254417,501.2185148705191,1324.7475391642552,571.1388045676601,0.0,2
16,16,1102.2843502266192,130.84675174723336,1165.6952404047058,169.55147486884522,0.392333984375,2
16,18,1463.8290393366876,11.180650299933296,1484.6366043788917,32.55534719299271,0.0,1
16,20,1292.7366831990812,498.3099378386691,1311.9644566314175,523.7034544862902,0.0,2
16,24,983.5216466655011,126.7431417938798,1033.3142797129244,166.49399456466577,0.320068359375,2
17,1,1233.966542896945,528.6725814881181,1310.4515575780736,626.041336504415,0.74169921875,2
17,2,652.1679010004036,319.137500468903,705.8129592339684,382.15643862665394,0.73876953125,2
17,3,1026.0598700449127,195.77629004814267,1055.4517746418346,243.21401166503946,0.72802734375,2
17,4,816.4955931708051,279.30780055708397,884.2068599447514,345.69600064796464,0.68408203125,2
17,5,1765.5699835823955,486.6958878938625,1909.5255297211459,624.7750116661476,0.5537109375,2
17,6,1508.962833521548,26.508791402749864,1524.0040522586585,51.46339848410999,0.56396484375,2
17,7,1335.9454808208043,54.57344169609127,1355.09108971356,82.94532684367277,0.385009765625,2
17,8,1573.605954606729,63.45576442283898,1597.3940453932712,103.81841044200868,0.56201171875,2
17,9,1032.7842363447685,258.1555067610053,1286.2832115894241,315.86139551505977,0.48828125,1
17,10,1173.7230272433035,95.05772050003237,1232.1647326238735,137.84813438165494,0.452392578125,2
17,11,1380.743351054484,34.98931292237083,1397.1591062525301,55.74679811591997,0.0,2
17,12,1765.9313882352951,516.6372536871726,1882.9592769164951,623.8669286681383,0.0,2
17,13,1550.350806352646,21.860186042539254,1581.649193647354,56.352244382368326,0.47265625,1
17,14,1491.9881965931036,768.8181630212309,1622.5797544742777,892.6396547275782,0.0,2
17,15,1299.883637431578,500.76016370831155,1325.8653489997985,570.4626352246304,0.0,2
17,16,1102.2040727247702,130.82165399548313,1165.7765652375235,169.65803224460058,0.39599609375,2
17,18,1462.9088774788056,11.672644577878797,1483.3863833504502,32.70827886243063,0.0,1
17,20,1293.6762014675946,497.78586408274344,1312.28162159395,522.3574442916107,0.0,2
17,24,983.6970650538492,126.89557023551593,1033.7570171538061,166.40351642283005,0.320068359375,2
17,29,1291.0041820431936,496.5,1315.9958179568064,514.4779016738842,0.315673828125,2
18,1,1236.4629995003415,527.0399559819257,1313.425519496408,624.5047447209,0.69921875,2
18,2,648.0742164640594,320.33402466007107,702.0960251667094,385.2904110493863,0.78271484375,2
18,3,1024.1395668696946,197.07482078228776,1052.7774837583615,243.49663325513797,0.7138671875,2
18,4,811.141980506257,281.0284148087918,876.8602324549032,346.8650006226391,0.767578125,2
18,5,1764.7823134669263,487.1767440520386,1908.3182768050344,624.7737625485216,0.57373046875,2
18,6,1508.4093403136994,26.029810467311535,1523.5613356557872,50.94619174316881,0.556640625,2
18,7,1333.4613391675637,54.706432529070014,1353.4662767269965,84.25555269150823,0.451416015625,2
18,8,1573.5769217310453,63.29648106849545,1597.4230782689547,103.737421929423,0.57373046875,2
18,9,1032.5576945882485,258.1951068724822,1286.414669493895,315.893182673201,0.46875,1
18,10,1172.9486632969522,96.66806170199716,1231.1917641060638,139.17076266745713,0.405517578125,2
18,11,1380.331984117411,35.384893931004946,1396.6460540115277,56.01379560317749,0.0,2
18,12,1765.7500773770587,514.7934676350436,1884.9751491126074,623.9855088689471,0.318359375,2
18,13,1550.4000133098693,21.826097489058334,1581.599986690131,56.340930430250914,0.46875,1
18,14,1486.114981422617,772.1479664577139,1616.2179240309938,895.5062204135405,0.0,2
18,15,1301.0826362474234,500.301812546104,1326.9831588256327,569.7864658816006,0.0,2
18,16,1101.759580187682,130.07642651276382,1166.2228484429365,169.57318915209026,0.394287109375,2
18,18,1461.9887157359622,12.164638855824299,1482.13616220697,32.86121053186855,0.0,1
18,20,1294.615720089912,497.26179032681773,1312.5987862026786,521.0114340969311,0.0,2
18,24,981.9658200437642,126.16990598796043,1033.6593908653767,166.8744449701403,0.3486328125,2
18,29,1292.9893640072196,495.91738403066586,1316.341099870117,512.6866208057544,0.291015625,2
19,1,1236.3308910286428,529.9167619020262,1308.5909646730397,621.9634051127656,0.60400390625,2
19,2,644.3428224114671,321.9703240392745,698.211415073988,388.14021645155293,0.7646484375,2
19,3,1021.4543407883738,198.18174338554596,1049.853069669985,245.20116789199204,0.6875,2
19,4,807.9683664402172,282.40483867610317,872.5756092466403,348.50008879659424,0.76611328125,2
19,5,1764.686894516605,487.8605569560071,1907.6553797952674,624.7715210279305,0.56787109375,2
19,6,1508.6648995111161,25.608368712747065,1523.9325550607925,50.5134870553956,0.53515625,2
19,7,1332.1412510286664,55.026041165003654,1352.2776410631627,84.86210941272168,0.5078125,2
19,8,1573.5624049616094,63.29688023008872,1597.4375950383906,103.76852681998308,0.57177734375,2
19,9,1032.3602869486053,258.33221569855624,1286.5821144602307,316.0315443409803,0.486328125,1
19,10,1172.5949963345074,97.3431734646499,1230.8697405535552,139.7393947731826,0.4072265625,2
19,11,1379.9206171996816,35.78047493963906,1396.133001751181,56.28079309043501,0.0,2
19,12,1765.7040631481707,514.4628566243864,1885.3655547003254,624.0106985821537,0.329345703125,2
19,13,1550.4032531564278,21.691972756351692,1581.596746843572,56.33729802986875,0.46875,1
19,14,1480.2417660661474,775.4777698941967,1609.8560937736927,898.3727860995026,0.0,2
19,15,1302.281635072978,499.84346138389645,1328.1009686417578,569.1102965385708,0.0,2
19,16,1102.1644818857562,130.41262684899678,1165.8196546552358,169.41659897776023,0.361083984375,2
19,18,1461.0685541081575,12.6566331337698,1480.885940948452,33.01414220130647,0.0,1
19,20,1295.555239066033,496.7377165708921,1312.9159504576037,519.6654239022515,0.0,2
19,24,980.8718016663748,125.27175611742099,1034.0744497720584,167.1679622428944,0.33984375,2
19,29,1295.9495696161907,495.16002404633184,1318.7275541475053,511.58106171247795,0.259765625,2
20,1,1236.7420862234715,531.0603541131625,1307.1323071844436,621.0295678580378,0.60400390625,2
20,2,643.3712356516454,322.5471883937603,696.5451446632028,389.17782464298006,0.76611328125,2
20,3,1020.6723367406205,198.4580634456205,1048.644149808638,245.69468452883365,0.68408203125,2
20,4,807.3080249437431,282.89929281472604,870.7428864040487,349.0769165872209,0.76611328125,2
20,5,1764.6155458408796,488.12077804839873,1907.4449698127446,624.7691284162954,0.56689453125,2
20,6,1508.7461322151787,25.48958075588918,1524.0922225594043,50.331118504032986,0.533203125,2
20,7,1331.663372524777,55.14527867768824,1351.808504818151,85.07963893931712,0.505859375,2
20,8,1573.5537258549682,63.295855568929895,1597.446274145032,103.77999200701532,0.56982421875,2
20,9,1032.1839201363352,258.3816539973712,1286.7526616358039,316.0851776971274,0.4814453125,1
20,10,1172.408809369579,97.47100476961849,1230.7943645840273,139.82989101783815,0.405517578125,2
20,11,1379.5092503012966,36.176055948273174,1395.6199494714904,56.54779057769253,0.0,2
20,12,1765.6755354389213,514.3512316827083,1885.5097654283327,624.0190521544469,0.3310546875,2
20,13,1550.438857922608,21.64379708419649,1581.5611420773923,56.3365175803753,0.47265625,1
20,14,1474.368550523695,778.8075733306796,1603.4942637023744,901.2393517854648,0.0,2
20,15,1303.4806339082413,499.38511022168893,1329.2187784481735,568.434127195541,0.0,2
20,16,1102.3304459210904,130.4266098863868,1165.6556513833107,169.23051040001212,0.375732421875,2
20,18,1460.1483925953912,13.148627411715301,1479.635719574895,33.16707387074439,0.0,1
20,20,1296.4947583959577,496.21364281496636,1313.2331143587246,518.3194137075719,0.0,2
20,24,980.4544604241263,124.92424709923884,1034.2287674337722,167.27385192630015,0.34521484375,2
20,29,1296.2408311612833,494.94254201761817,1318.8867498188538,511.2828374901716,0.2568359375,2
21,1,1241.6278441183738,525.6740737805642,1315.949618657099,620.4699821235586,0.6689453125,2
21,2,641.146352779588,324.682001418275,693.1349654970002,390.9881385440535,0.77978515625,2
21,3,1019.4062796254707,198.05230618833764,1047.3055845291287,245.85800478661466,0.6689453125,2
21,4,804.6798159289596,284.2911524569837,866.8463421357326,350.4841473725907,0.73583984375,2
21,5,1764.6956161805738,488.21811608843376,1907.2653151257027,624.7669207022843,0.544921875,2
21,6,1508.795198185575,25.422882053019713,1524.1365040473067,50.05655530518647,0.509765625,2
21,7,1331.124696515424,55.0320507674729,1351.040919081958,84.89989044441182,0.552734375,2
21,8,1573.610454987975,63.48049731157036,1597.389545012025,103.72194250595015,0.56787109375,2
21,9,1032.0247426688397,258.14950354639797,1286.9145726708819,315.85788768907224,0.43505859375,1
21,10,1169.3506700259484,97.516187803979,1228.7732561447233,140.8589243564022,0.39697265625,2
21,11,1379.6686979848366,32.592481410795386,1396.6962716402784,53.900893449817914,0.26806640625,2
21,12,1765.8814865193174,514.8169146812265,1885.3310786919956,624.0206467299631,0.352294921875,2
21,13,1550.6269561995775,21.99950280598936,1581.3730438004222,56.336782291240176,0.478515625,1
21,14,1468.4953347952599,782.1373767671624,1597.132433817039,904.1059174714269,0.0,2
21,15,1304.679632753214,498.92675905948136,1330.3365882448804,567.7579578525113,0.0,2
21,16,1101.36421759299,129.56909120295603,1165.6320996856223,169.15987123390903,0.390380859375,2
21,18,1459.2282311976635,13.640621689660803,1478.3854980862993,33.32000554018231,0.0,1
21,20,1297.4342780796862,495.6895690590407,1313.550277906042,516.9734035128924,0.0,2
21,24,980.1413591745405,124.91049474184493,1033.447967581866,166.81318167815886,0.2744140625,2
21,29,1297.4182151906878,494.6037423615362,1319.4849066989757,510.5260931571056,0.0,2
21,30,1335.0502597492793,54.51058264099898,1355.9497402507207,82.82079160386516,0.338134765625,2
22,1,1244.5661989776572,526.4383066100019,1317.9124077018462,619.0545784261138,0.7431640625,2
22,2,638.2251029904646,325.4443006958754,689.7420149534154,392.110325499307,0.77734375,2
22,3,1018.2344264105154,198.86898205380362,1045.632497446852,246.3908847173701,0.6875,2
22,4,799.4323092766374,284.2969936498814,862.0347325114038,352.45646016917283,0.7646484375,2
22,5,1764.7705446702341,488.7498000935044,1907.159588009156,625.26136443349,0.533203125,2
22,6,1508.8341203524792,25.126087392318812,1524.1342746749544,49.74684079783742,0.445556640625,2
22,7,1330.928048322261,54.644821263392146,1350.7756274912351,84.69068050898943,0.5830078125,2
22,8,1573.592224702912,63.486946967003576,1597.407775297088,103.76185825975014,0.57568359375,2
22,9,1031.8805422645992,258.0599989008873,1287.06417548033,315.773097137454,0.39794921875,1
22,10,1168.2247458971283,97.2845234291999,1228.0045932120897,141.1187441817545,0.393310546875,2
22,11,1378.8451576635885,31.986629247884302,1396.3561499755156,53.84218274384366,0.306640625,2
22,12,1766.157509662274,515.5026993641989,1885.0484100082392,624.0196431206618,0.33642578125,2
22,13,1550.666423125498,22.01281306910923,1581.333576874502,56.33743483617657,0.462890625,1
22,14,1462.6221188808418,785.4671802036454,1590.7706041176866,906.9724831573892,0.0,2
22,15,1305.8786316078958,498.46840789727383,1331.4543980318783,567.0817885094814,0.0,2
22,16,1100.6237429697703,128.88351979482712,1165.0210575876845,168.64242227348797,0.405517578125,2
22,18,1458.3080699149743,14.132615967606304,1477.1352764826652,33.47293720962023,0.0,1
22,20,1298.3737981172185,495.165495303115,1313.8674410995557,515.6273933182129,0.0,2
22,24,980.08125312276,124.95766093531702,1033.4256162029856,166.89001566302696,0.0,2
22,29,1298.5955992175113,494.26494270545425,1320.0830635816783,509.76934882403964,0.0,2
22,30,1334.3861323327183,54.072334786900086,1355.4677231621426,82.55732384514059,0.318359375,2
23,1,1245.4442087373009,526.7825478720298,1318.7790338857988,618.5496807096789,0.7431640625,2
23,2,637.3227594674898,325.56141334142836,688.4990496486485,392.7259946532093,0.77587890625,2
23,3,1017.9428213337749,199.16738101401558,1044.9679422694364,246.57071624180878,0.6875,2
23,4,797.8692368046922,284.27734226958614,860.0385565615886,353.41026161965766,0.7646484375,2
23,5,1764.8394094978821,488.9480996131365,1907.0854442219938,625.4462132281285,0.5283203125,2
23,6,1508.8404197320665,24.99168509884979,1524.1425791506545,49.672825200918524,0.449462890625,2
23,7,1330.8890328187867,54.43217963512083,1350.6743039518533,84.65928751684729,0.5908203125,2
23,8,1573.549007761393,63.42580555052038,1597.450992238607,103.83876792338913,0.57763671875,2
23,9,1032.3162789201742,258.0253099108397,1287.6269500272558,315.74271724406276,0.400634765625,1
23,10,1167.818763402067,97.07008637493928,1227.7068146001436,141.2129462464076,0.392333984375,2
23,11,1378.5531155912158,31.780593568360885,1396.2499548745488,53.82222131621447,0.29736328125,2
23,12,1766.2123389614785,515.7723371594868,1884.9758259195592,624.0178242875968,0.33642578125,2
23,13,1550.6756502053295,21.95658664810454,1581.3243497946705,56.33809411499157,0.45703125,1
23,14,1456.7489027804409,788.7969836401282,1584.408774604317,909.8390488433513,0.0,2
23,15,1307.0776304722867,498.0100567350663,1332.572207809167,566.4056191664516,0.0,2
23,16,1100.215242832271,128.38224970214435,1164.9167295884947,168.44450914027448,0.4072265625,2
23,18,1457.3879087473238,14.624610245551805,1475.8850547639925,33.625868879058146,0.0,1
23,20,1299.3133185085544,494.64142154718934,1314.1846039392651,514.2813831235333,0.0,2
23,24,980.0211470619817,125.00482712878912,1033.403264833103,166.96684964789506,0.0,2
23,29,1299.772983241754,493.9261430493723,1320.681220466962,509.0126044909736,0.0,2
23,30,1334.079079239969,54.00419696121102,1355.4086505516636,82.75337103971052,0.3115234375,2
23,32,1583.3018885028882,738.7611399420371,1644.74267126526,855.6274606375919,0.47265625,2
23,33,1177.411474826387,94.31096280850579,1231.588525173613,137.3946294372171,0.448486328125,2
24,1,1246.900284641959,519.4362546343989,1324.8475845681787,616.8968977234565,0.7373046875,2
24,2,631.9787313364678,327.03655461945664,682.9305258862934,395.3671610477166,0.689453125,2
24,3,1015.0610811146355,198.27532735626573,1042.6517087112454,247.11285170817706,0.71240234375,2
24,4,793.6939111791586,285.46478067406304,854.3559864344621,354.7088609948089,0.7744140625,2
24,5,1763.502698589575,489.51515462778286,1904.4570049423764,625.0166315673406,0.5390625,2
24,6,1508.6826415337998,24.700804054769073,1524.3065135189997,49.77978670193971,0.47265625,2
24,7,1330.8378865289137,54.77807060552719,1350.7067752954306,85.18781755245855,0.642578125,2
24,8,1573.4682547886193,63.15369134866444,1597.5317452113807,103.86744171539524,0.57958984375,2
24,9,1031.4107578573291,257.88767022909406,1287.9189228850942,315.85701219805475,0.3251953125,1
24,10,1167.403435734375,97.0819934816235,1227.4620465182338,141.3505887422133,0.0,2
24,11,1378.3547100093,31.149251775360042,1396.3254241149903,54.1225229445035,0.420654296875,2
24,12,1765.656307746563,516.8718960007972,1883.5286929087029,624.0159231159429,0.394287109375,2
24,13,1550.6265877879907,21.81225555830867,1581.3734122120095,56.400667495254474,0.414794921875,1
24,14,1450.8756864940572,792.1267870766111,1578.0469452769303,912.7056145293135,0.0,2
24,15,1308.2766293463865,497.55170557285874,1333.6900175767462,565.7294498234219,0.0,2
24,16,1100.0202163119097,128.0778488941621,1164.926456299553,168.49477991208602,0.405517578125,2
24,18,1444.847023316418,11.193413429968018,1467.1756707116826,34.663269936330025,0.390380859375,1
24,20,1300.2528392536942,494.1173477912636,1314.5017664251714,512.9353729288537,0.0,2
24,24,980.4013589199512,125.37846001712184,1032.6510110826725,166.26569552897746,0.394287109375,2
24,29,1300.9503672634155,493.5873433932903,1321.2793773548262,508.25586015790765,0.0,2
24,30,1333.8445563174641,53.85026616284928,1355.2523817440795,82.70491519800187,0.0,2
24,32,1589.502872019137,738.7829527741817,1647.9387929708164,848.4051290640814,0.640625,2
24,33,1177.2160341938238,94.0223461373348,1231.7839658061764,137.43760294085143,0.462890625,2
24,34,1507.9137702065568,20.988210529789008,1522.0862297934434,48.31380214023489,0.444580078125,2
25,1,1244.6699232905273,503.639366015169,1333.673285029726,616.3047307739586,0.7705078125,2
25,2,629.3016211094086,328.29216771439786,679.7180079221753,397.30156722981826,0.716796875,2
25,3,1014.1869075716598,199.64413317756583,1041.6567348979224,248.035661314541,0.68603515625,2
25,4,790.710755101646,287.3699727135274,849.9301958428578,356.6339930520189,0.77880859375,2
25,5,1763.067692521713,489.72457979758804,1903.4025851180984,624.8509893121452,0.529296875,2
25,6,1508.6070215143818,24.41345010884919,1524.384923127657,49.88997221395684,0.478515625,2
25,7,1330.8124739584237,55.39954825682288,1350.7570416708731,85.99272893447534,0.64794921875,2
25,8,1573.4421235470847,62.9885112492804,1597.557876452915,103.81594665003252,0.5830078125,2
25,9,1031.0436927112003,257.8356404539476,1288.0544365497553,315.9014835884708,0.345947265625,1
25,10,1167.635337532545,96.8998221887381,1227.5744700164305,141.3276456176236,0.388671875,2
25,11,1377.3526706285359,31.186205882932207,1395.3551147499245,54.75193528634591,0.46875,2
25,12,1765.2795202016357,517.0429911087593,1883.1372547193919,624.2628335948509,0.39990234375,2
25,13,1550.5842920942684,21.63513824579601,1581.4157079057313,56.42454222444546,0.403564453125,1
25,14,1576.3683479897293,739.998039974368,1682.4571566163886,842.1592772432617,0.462890625,2
25,15,1309.4756282301955,497.0933544106512,1334.8078273346166,565.0532804803921,0.0,2
25,16,1100.2955136557332,128.34076917438793,1164.5909765531978,168.63963114939466,0.4091796875,2
25,18,1443.6384075328658,11.157720836055738,1465.7701551262558,34.87910937071564,0.3115234375,1
25,20,1301.192360352638,493.59327403533797,1314.8189285572737,511.58936273417413,0.0,2
25,24,981.4552500998258,126.09206571080404,1032.5630108679359,165.90846803644848,0.414794921875,2
25,29,1302.1277512824963,493.24854373720837,1321.8775342452718,507.4991158248417,0.0,2
25,30,1333.6100333942522,53.69633536448754,1355.0961129372029,82.65645935629323,0.0,2
25,32,1587.6947372389784,736.4703303147999,1645.6613652718006,843.9947874588133,0.373779296875,2
25,33,1177.7509137264105,93.93043852438122,1232.3504252890411,137.44900573775396,0.484375,2
25,34,1507.7843545688054,20.723627342105782,1522.2156454311946,48.54826551277195,0.0,2
26,1,1244.1747384234798,497.66537633792365,1336.666173363173,616.0797350687072,0.76904296875,2
26,2,628.6492889670964,328.727604635432,678.3683323690175,397.98415069015306,0.71533203125,2
26,3,1013.891435370342,200.16426906182446,1041.3738486586826,248.36906431997625,0.68603515625,2
26,4,790.3007459778777,288.3154798215098,847.8200291667583,357.0752979206288,0.77880859375,2
26,5,1763.7006939169855,490.7911741854471,1902.2330211863214,624.7877719069262,0.5390625,2
26,6,1508.6201322988495,24.342798321024844,1524.3733168754243,49.90878201219553,0.474609375,2
26,7,1330.857440245705,55.35746103877893,1350.7502919072135,85.9197055212459,0.64794921875,2
26,8,1573.4364405973013,62.92621768095884,1597.5635594026985,103.79585989747338,0.58154296875,2
26,9,1031.3539131799303,257.94010113163654,1287.6583810973455,315.7954014317816,0.34423828125,1
26,10,1167.6853642419467,96.79636128932592,1227.5376671447748,141.39913005472204,0.39501953125,2
26,11,1377.0797696524073,31.174193389957757,1394.8866559017558,54.96493595345012,0.46875,2
26,12,1765.1637527575153,517.1065505356304,1882.964284068242,624.3541304135763,0.403564453125,2
26,13,1550.5939911096093,21.600419011838422,1581.406008890391,56.46448817658043,0.403564453125,1
26,14,1578.563133843572,738.5946133961463,1684.3681145142514,841.3666544888705,0.4609375,2
26,15,1310.6746271237137,496.6350032484437,1335.925637082778,564.3771111373624,0.0,2
26,16,1100.52306631869,128.32895358793763,1164.351565752689,168.57414480446405,0.36669921875,2
26,18,1443.330924545194,11.137261616214168,1465.1994669822186,34.95460543461859,0.313232421875,1
26,20,1302.131881805385,493.06920027941226,1315.136090335572,510.24335253949454,0.0,2
26,24,981.7499832049442,126.33154355749167,1032.5946810963446,165.78820123457126,0.4072265625,2
26,29,1303.3051352989962,492.9097440811264,1322.4756911382983,506.7423714917757,0.0,2
26,30,1333.3755104703328,53.5424045661258,1354.939844131033,82.60800351458458,0.0,2
26,32,1587.889905654016,735.7716565469142,1646.3065201098545,842.8064826762529,0.37744140625,2
26,33,1177.399679093049,93.97201301704996,1232.0028661546307,137.51755006352712,0.48828125,2
26,34,1507.6549389307102,20.459044154422557,1522.3450610692896,48.78272888530901,0.0,2
27,1,1249.802521719072,509.76066378130633,1331.8874394646425,614.3733540007894,0.76611328125,2
27,2,626.5645513678177,329.4624393736796,676.0076999256486,399.65984120715007,0.67724609375,2
27,3,1014.1769163849979,203.44024483830788,1039.9905502401687,248.59764966448608,0.708984375,2
27,4,787.9861328161754,289.1366526577008,845.5395354589131,359.1687648290936,0.80419921875,2
27,5,1763.5296156469603,490.68714221099003,1902.2291701445542,625.26177838893,0.5498046875,2
27,6,1508.592313198662,24.417155343855722,1524.4021465829012,49.95414948228927,0.490234375,2
27,7,1330.9189912217676,55.52100899690235,1350.7308269269479,86.24704162977032,0.65673828125,2
27,8,1573.4382424675991,62.9035733494767,1597.5617575324009,103.7879618553741,0.58154296875,2
27,9,1030.4697926885,257.7318705357283,1288.51252618891,316.00418782852773,0.32763671875,1
27,10,1167.7248183753088,96.5123228220576,1227.5115711006229,141.29902827046507,0.37744140625,2
27,11,1377.1368394533904,31.631342197567896,1394.5736737097147,55.31884082787563,0.470703125,2
27,12,1764.7654758426856,516.6333943537661,1883.2553824752713,624.3865785473665,0.39990234375,2
27,13,1550.6446616410349,21.65104956689313,1581.3553383589651,56.47955702890393,0.4130859375,1
27,14,1584.4125107928483,736.1754717584364,1687.872986472796,833.9450135147193,0.355712890625,2
27,15,1311.873626026941,496.1766520862361,1337.0434468212304,563.7009417943325,0.0,2
27,16,1101.5497847708818,128.7032625325785,1164.3179896989432,168.4274414006669,0.4072265625,2
27,18,1443.7254995806904,11.612532105790548,1464.5982024784182,34.731020239677164,0.33642578125,2
27,20,1303.0714036119364,492.5451265234866,1315.453251760067,508.897342344815,0.0,2
27,24,981.0879674105911,125.91233612782742,1032.3721110561746,165.49518647156674,0.37744140625,2
27,29,1304.482519312915,492.5709444250445,1323.0738480339055,505.9856271587098,0.0,2
27,30,1333.1409875457064,53.38847376776406,1354.7835753255708,82.55954767287594,0.0,2
27,32,1589.20207187511,735.1184042198769,1646.246651463065,839.6392882544535,0.0,2
27,33,1177.7776576895758,93.86053255844487,1232.4148234630723,137.53982131791497,0.4921875,2
27,34,1508.5137692644914,21.018770824804143,1522.8611666475078,48.77227743736559,0.447509765625,2
27,35,1688.7619243753793,485.4153334851547,1767.238075624621,578.25,0.271240234375,2
28,1,1250.8308585972206,502.73901016896775,1336.9340558307463,612.9775935918701,0.77978515625,2
28,2,624.8544313015856,332.03228639221885,673.2946111442404,401.7165447443377,0.6943359375,2
28,3,1011.3172968354718,203.02505804535625,1037.5161035107028,249.0333509640202,0.80908203125,2
28,4,786.5610918390859,293.58740176971304,841.5328459970915,361.63493939847956,0.80419921875,2
28,5,1762.7374014471773,490.6393027262832,1900.9939666850976,625.4383030619547,0.56591796875,2
28,6,1508.5464837790898,24.391430410502068,1524.4487303184644,49.977623687881874,0.474609375,2
28,7,1331.0310879429564,55.67125115241937,1350.6566780087724,86.35981122018183,0.67919921875,2
28,8,1573.4738252336044,63.019835560460734,1597.5261747663953,103.78479028414134,0.57763671875,2
28,9,1029.6976793713675,257.6538297844663,1289.2755949857594,316.330543866515,0.309814453125,1
28,10,1168.2554118649139,96.15947905051844,1227.9895036467783,141.13414984535964,0.382080078125,2
28,11,1377.2473172828338,31.964388908103686,1394.3969033063447,55.6045273577099,0.462890625,2
28,12,1765.3389406674287,517.691970954224,1882.644016288714,624.6443124542349,0.36669921875,2
28,13,1550.6129857776011,21.51740596133047,1581.387014222399,56.515976873772075,0.42822265625,1
28,14,1586.618902803593,735.9097337180365,1688.2160660598502,831.9184853122763,0.0,2
28,15,1313.0726249398774,495.7183009240286,1338.1612565499736,563.0247724513027,0.0,2
28,16,1101.6723349102317,128.72931350237866,1164.581614767926,168.74630165151987,0.42431640625,2
28,18,1442.2773636057277,11.77327545066276,1463.145816666013,35.10050258265992,0.2783203125,1
28,20,1304.010925772291,492.0210527675609,1315.7704128307578,507.5513321501354,0.0,2
28,24,980.2889156922636,124.87925358176383,1032.8428273244167,165.51332913447374,0.37744140625,2
28,29,1305.659903324253,492.23214476896254,1323.6720049320938,505.22888282564384,0.0,2
28,30,1332.9064646203724,53.23454296940232,1354.6273065208156,82.51109183116728,0.0,2
28,32,1590.5142382024,734.4651518928395,1646.1867827100793,836.472093832654,0.0,2
28,33,1177.739710880245,93.63064704690193,1232.7313112968682,137.7392119373203,0.509765625,2
28,34,1508.6373357885388,21.04720218391627,1522.9064792856364,48.738773094392215,0.4638671875,2
28,35,1688.6958125909855,485.2317273303666,1767.3041874090147,578.25,0.272705078125,2
29,1,1251.3178967551883,500.30041768765716,1338.5771787611245,612.4869300325619,0.7841796875,2
29,2,624.4977085641691,332.97297559019285,672.2085813235432,402.44198920900294,0.69287109375,2
29,3,1010.3511271657779,202.8668325792832,1036.6310640120932,249.1797899385451,0.80908203125,2
29,4,786.4406338860289,295.2683642879467,839.9199607283501,362.52270490941976,0.80419921875,2
29,5,1762.6262337410944,490.61280006358743,1900.36445392782,625.5026465692495,0.57080078125,2
29,6,1508.5133054262556,24.388049742766157,1524.4824996922268,49.99154852995237,0.474609375,2
29,7,1331.1041989838923,55.75470301934667,1350.6196713593897,86.51360683546635,0.67919921875,2
29,8,1573.4877887207888,63.0647623052855,1597.5122112792112,103.78345094803652,0.57763671875,2
29,9,1029.4768946159215,257.6251511199151,1289.4951660445818,316.4539054632159,0.310791015625,1
29,10,1168.5464880888896,96.02756218522612,1228.096334074117,141.06835232621944,0.37939453125,2
29,11,1377.347770613983,32.0304519607123,1394.2981799011618,55.708371822128235,0.46484375,2
29,12,1765.6376624028203,517.8454054272826,1882.3338824782932,624.4912305892284,0.36669921875,2
29,13,1550.624869839346,21.468476720370624,1581.3751301606542,56.52944859029531,0.42626953125,1
29,14,1588.8252942489491,735.6439956776366,1688.5591462122939,829.8919571098334,0.0,2
29,15,1314.2716238625228,495.259949761821,1339.2790662690074,562.3486031082729,0.0,2
29,16,1101.724748566725,128.61988037491403,1164.6763099023306,168.86702494563613,0.42626953125,2
29,18,1441.828538225158,11.8281417720672,1462.60152258529,35.23268019533596,0.2783203125,1
29,20,1304.9504482864497,491.49697901163523,1316.087573547645,506.2053219554559,0.0,2
29,24,980.0880157900133,124.49258235874117,1032.9236312205883,165.52238628983946,0.37744140625,2
29,29,1306.83728733301,491.8933451128806,1324.2701618328629,504.47213849257787,0.0,2
29,30,1332.6719416943313,53.080612171040585,1354.4710377167678,82.46263598945865,0.0,2
29,32,1591.8264046358863,733.8118995658022,1646.1269138508978,833.3048994108545,0.0,2
29,33,1177.8551570766083,93.5504130506998,1232.708275468561,137.68303126712007,0.5087890625,2
29,34,1508.66214884015,20.992415008907287,1522.9331259207706,48.791188749798934,0.4638671875,2
29,35,1688.6901797757882,485.1866799555974,1767.3098202242118,578.25,0.276611328125,2
30,1,1255.901190563526,500.4094437995515,1340.5104498702237,609.4179065811508,0.8154296875,2
30,2,620.9176693923418,335.1355922649545,668.0460675914192,404.88193239707937,0.708984375,2
30,3,1008.2456694204534,204.52060131169537,1035.173611829423,251.4467583766466,0.82421875,2
30,4,781.0121986033874,295.3520030900955,834.9946961950144,364.29549900409387,0.79931640625,2
30,5,1764.2411615159756,490.0995241564102,1902.467189131344,625.5242440893011,0.6318359375,2
30,6,1508.4993368916057,24.245511610368634,1524.4898257011391,49.88312646726351,0.0,2
30,7,1330.7495026462561,56.30586051368613,1350.0195993975453,86.86920950636161,0.6875,2
30,8,1573.5246739610366,63.20601865717596,1597.4753260389634,103.78283778909676,0.57568359375,2
30,9,1029.9286598109493,257.86250098963154,1289.0450316200029,316.49934026409306,0.35498046875,1
30,10,1168.34914458204,95.94292644078948,1228.0788690814577,141.1198087392416,0.0,2
30,11,1376.7028325153306,33.22474735571101,1392.998108931614,56.66586453417556,0.513671875,2
30,12,1766.0614989475725,516.6575431151748,1883.895184924318,624.1827203285355,0.453369140625,2
30,13,1550.697600873784,21.575424226635697,1581.302399126216,56.53417059823759,0.43017578125,1
30,14,1591.031685128916,735.3782576372365,1688.902226930126,827.8654289073902,0.0,2
30,15,1315.4706227948773,494.8015985996135,1340.3968759783322,561.6724337652431,0.0,2
30,16,1102.7404552473934,128.82965672321689,1164.7051771685153,168.5430557947292,0.447509765625,2
30,18,1440.1251114120196,11.842600968593118,1461.0820398358574,35.46075243348271,0.352294921875,1
30,20,1305.8899711544123,490.9729052557095,1316.4047339107285,504.8593117607763,0.0,2
30,24,980.7638766721066,124.84045556690023,1033.1935891692651,165.52858498082446,0.513671875,2
30,29,1308.0146713391862,491.5545454567986,1324.868318736213,503.7153941595119,0.0,2
30,30,1332.4374187675828,52.92668137267884,1354.3147689134273,82.41418014774999,0.0,2
30,32,1593.1385711755686,733.1586472387648,1646.06704488552,830.1377049890551,0.0,2
30,33,1177.459060370433,93.52539747244367,1232.11745712712,137.53287646321482,0.505859375,2
30,34,1508.21042198848,21.35691343830907,1522.3761857754282,48.80464226271232,0.48046875,2
30,35,1688.2833191835255,484.6465596297139,1767.7166808164743,578.7861365595659,0.405517578125,2
31,1,1258.9964302786009,500.57524681947456,1341.763572607078,607.2721972274018,0.8447265625,2
31,2,618.8124597487489,337.1418497103931,665.4464652499548,406.9833692436407,0.7138671875,2
31,3,1005.6265065220165,205.3736741064386,1033.5842362792262,253.51903075196032,0.81396484375,2
31,4,776.9226937570328,295.1052451713139,831.4820607401124,366.1454263150017,0.80908203125,2
31,5,1765.6494510264831,489.40526355670715,1904.4645906699477,625.5298694394435,0.64892578125,2
31,6,1508.5435515877914,24.46032594240511,1524.4525618124267,49.56107952927431,0.42431640625,2
31,7,1330.6906518386513,56.69625786055343,1349.7330915564255,87.05484136824904,0.68408203125,2
31,8,1573.5673893536973,63.32146360601325,1597.432610646303,103.72047679922974,0.57373046875,2
31,9,1030.120977626284,257.7057366378122,1288.8552556831094,316.2670940264557,0.3583984375,1
31,10,1168.151801235481,95.85829069635284,1228.0614039285076,141.17126515226374,0.0,2
31,11,1376.591402786615,34.11229621427413,1392.3935601537005,57.457973025770606,0.537109375,2
31,12,1767.1626726853913,516.2095389676855,1885.5173019751867,624.065576068146,0.418701171875,2
31,13,1550.8800542288668,21.927416963349724,1581.119945771133,56.47363137248054,0.42822265625,1
31,14,1584.4557756512627,729.5225902356397,1692.0985216298004,829.1869940925357,0.254638671875,2
31,15,1316.669621736941,494.343247437406,1341.5146856779484,560.9962644222134,0.0,2
31,16,1102.5786858901488,128.6661622930602,1164.2714932443077,168.4196537595298,0.48828125,2
31,18,1438.1132463192093,12.057783315538513,1458.0358327103884,34.7105744806323,0.273681640625,1
31,20,1306.8294943761782,490.44883149978386,1316.721893920008,503.51330156609674,0.0,2
31,24,980.3863819486405,123.98269135837002,1032.9419258043015,164.91242611969273,0.4111328125,2
31,29,1309.1920553427813,491.21574580071666,1325.466475642144,502.9586498264459,0.0,2
31,30,1332.202895840127,52.7727505743171,1354.158500110794,82.36572430604134,0.0,2
31,32,1594.450737821447,732.5053949117275,1646.0071758139463,826.9705105672557,0.0,2
31,33,1177.1846996559568,93.52047589059381,1232.0165222944281,137.72694231483055,0.521484375,2
31,34,1508.1760552252797,21.36833779003178,1522.0255718664114,48.23171864343473,0.5009765625,2
31,35,1688.7845971383342,485.51015388773516,1767.2154028616658,578.4502887114302,0.4072265625,2
32,1,1260.112522268282,500.719210661662,1342.1328558544753,606.5089851202345,0.84375,2
32,2,618.270734245351,337.8532302477314,664.4158421649512,407.7206810394175,0.7138671875,2
32,3,1004.5920190507475,205.67679185002532,1033.118047879962,254.280936750423,0.81396484375,2
32,4,775.7674200688186,294.97488791291323,829.9584934341453,366.8052373298127,0.80908203125,2
32,5,1766.217806930079,489.14017440393553,1905.1894143573895,625.5296740901853,0.6494140625,2
32,6,1508.4531841350508,24.49616746119502,1524.5439029621182,49.54165025365636,0.42822265625,2
32,7,1330.680231180786,56.86821040823962,1349.6321957800317,87.23761072168536,0.67919921875,2
32,8,1573.5467939211878,63.24026843357463,1597.4532060788122,103.69695167965104,0.57568359375,2
32,9,1030.2105783960487,257.6467227047012,1288.7682274556282,316.17804747565685,0.352294921875,1
32,10,1167.9544580492122,95.77365495191619,1228.043938615267,141.22272156528584,0.0,2
32,11,1376.672377123497,34.503215215952345,1392.070300647616,57.80969879089295,0.537109375,2
32,12,1767.5356519943084,516.0416270922282,1886.1684322065357,624.0208735208062,0.420654296875,2
32,13,1550.9506992650604,22.061695025766852,1581.0493007349394,56.45036503247702,0.420654296875,1
32,14,1585.746972477209,728.5864544072848,1692.6457236610017,827.562001268426,0.0,2
32,15,1317.8686206887137,493.8848962751984,1342.632495367855,560.3200950791835,0.0,2
32,16,1102.441835435356,128.48404078566563,1164.1828234164886,168.4986858628626,0.482421875,2
32,18,1437.4577913252963,12.132727982843276,1456.8980605414285,34.41118989028923,0.27197265625,1
32,20,1307.7690179517483,489.92475774385815,1317.039053575484,502.16729137141715,0.0,2
32,24,980.3616283521399,123.78694462940582,1032.7310581301733,164.68390748699704,0.4091796875,2
32,29,1310.3694393437954,490.8769461446347,1326.0646325506557,502.2019054933799,0.0,2
32,30,1331.968372911964,52.61881977595536,1354.0022313088682,82.3172684643327,0.0,2
32,32,1595.7629045735216,731.8521425846902,1645.9473066361763,823.8033161454564,0.0,2
32,33,1177.1749853130023,93.5846896096773,1231.8856208829839,137.7356464639725,0.517578125,2
32,34,1508.153599682808,21.3726769983247,1521.904082349754,48.078557625837874,0.5,2
32,35,1688.971323307724,485.8362520756147,1767.0286766922757,578.3222807529927,0.405517578125,2
33,1,1263.314947100853,499.84639637052913,1345.3022462841816,605.2748596840969,0.830078125,2
33,2,616.1552337366251,337.8233983825316,663.1791820015161,409.6676395513025,0.7294921875,2
33,3,1002.3854983991679,205.76796829084975,1031.9174798880836,255.52426307227006,0.8173828125,2
33,4,773.4256404927443,294.884542870061,827.6227743801742,368.4715913399378,0.810546875,2
33,5,1767.308231933395,488.7923028544666,1906.5617082306594,625.2800163653325,0.66015625,2
33,6,1508.363283418747,24.509947407353103,1524.6342073898425,49.53650728865538,0.443603515625,2
33,7,1330.7365012578016,57.08075419081973,1349.5511725103459,87.35812102254772,0.70068359375,2
33,8,1573.5682476548448,63.39498368038451,1597.4317523451555,103.7502955313422,0.57568359375,2
33,9,1029.3214494526835,257.37740313797724,1289.659759432755,316.3917167475654,0.3486328125,1
33,10,1167.757115023234,95.68901920747953,1228.0264731417358,141.274177978308,0.0,2
33,11,1376.7391205903987,34.82821524994605,1391.9396095837565,58.11733797662329,0.56201171875,2
33,12,1767.3998671705237,515.4864469594129,1886.6740543529907,624.0041464491809,0.368408203125,2
33,13,1550.9312638369838,21.98724821953488,1581.068736163016,56.441596604162115,0.42626953125,1
33,14,1587.0381693493096,727.65031857893,1693.192925646049,825.9370084443162,0.0,2
33,15,1319.0676196501956,493.4265451129909,1343.7503050480525,559.6439257361537,0.0,2
33,16,1102.7319862264553,128.5423189174919,1163.8072580683952,168.28287178150802,0.513671875,2
33,18,1436.3992288059842,12.342686195766431,1455.4021987485257,34.235839969211376,0.29833984375,2
33,20,1308.7085418811218,489.4006839879325,1317.356212877156,500.8212811767376,0.0,2
33,24,980.8649498803359,123.96549856598308,1032.1408186669005,163.98255708117279,0.437744140625,2
33,29,1311.546823342229,490.53814648855274,1326.6627894617486,501.44516116031394,0.0,2
33,30,1331.7338499830937,52.46488897759362,1353.8459625076493,82.26881262262404,0.0,2
33,32,1597.0750714317921,731.1988902576529,1645.88743735221,820.636121723657,0.0,2
33,33,1177.257726946811,93.61205484298688,1231.7509423205836,137.61218159093448,0.5,2
33,34,1508.1797684035696,21.37428192548396,1521.826237742423,47.895932071663026,0.4990234375,2
33,35,1688.8422001239687,485.9552282440894,1767.1577998760313,578.7873783955278,0.418701171875,2
33,36,1397.3106598513705,14.989459340422187,1413.6893401486298,36.758483043797945,0.272705078125,2
34,1,1267.1776669478195,500.5714749078043,1347.664762685974,603.8631517562753,0.77880859375,2
34,2,613.3500768693929,338.50990923585005,660.4650451684156,411.08961799008534,0.74169921875,2
34,3,1001.3950432017567,207.00556317788107,1030.7255145405497,255.97082573859927,0.79833984375,2
34,4,772.0215765465265,295.79794452172655,825.4951347133467,370.0388027756645,0.79296875,2
34,5,1766.5355915362395,488.9093834700615,1906.273671841941,625.4313797071486,0.6396484375,2
34,6,1507.9088773438662,24.61129206290494,1524.09553610921,49.44551918382383,0.439697265625,2
34,7,1330.358465590338,57.46362924018174,1348.9452583884008,87.45516603366444,0.6875,2
34,8,1573.6030568501062,63.576963734089404,1597.396943149894,103.77066777393644,0.57373046875,2
34,9,1029.0842903095474,257.27694119151136,1289.8989865458366,316.4718981414348,0.315673828125,1
34,10,1167.5597721575464,95.6043834630429,1228.009007507914,141.3256343913301,0.0,2
34,11,1376.365099786876,35.0348783598697,1391.3248640514867,58.191484253848344,0.57373046875,2
34,12,1767.3280504825034,515.2807111344472,1886.866844041558,623.9981546853286,0.363037109375,2
34,13,1550.9982249997313,22.144532720532432,1581.0017750002687,56.4383400118896,0.42431640625,1
34,14,1588.329366267564,726.7141827505751,1693.7401275849425,824.3120156202066,0.0,2
34,15,1320.2666186213864,492.9681939507833,1344.868114718541,558.9677563931239,0.0,2
34,16,1103.0713413951955,128.69277378917513,1163.4358702706813,168.07813404747787,0.466796875,2
34,18,1436.705942596175,13.543270524293188,1454.2650187954703,34.04356498844355,0.56982421875,2
34,20,1309.6480661642993,488.8766102320068,1317.6733718250243,499.475270982058,0.0,2
34,24,981.6054334571725,124.16412639218652,1031.370837986857,163.09770785728784,0.359375,2
34,29,1312.7242073380812,490.1993468324708,1327.2609463754225,500.688416827248,0.0,2
34,30,1331.4993270535163,52.31095817923188,1353.689693707138,82.22035678091541,0.0,2
34,32,1598.387238396259,730.5456379306156,1645.8275679620479,817.4689273018575,0.0,2
34,33,1176.0314589611655,93.56234573814422,1230.9613952533582,138.00139135204236,0.46484375,2
34,34,1507.7174151936883,21.56376162378765,1521.2636871634347,47.89177194369974,0.5107421875,2
34,35,1688.8055388322866,485.9976409651755,1767.1944611677131,578.9564139637504,0.3701171875,2
34,36,1397.9174574448798,15.674830259435831,1414.2305225947393,37.346413275743494,0.26904296875,2
35,1,1268.5167044215152,500.9164943224421,1348.505052101785,603.3819903346055,0.77880859375,2
35,2,612.4740087808104,338.72821614196823,659.4076866176651,411.5750756564362,0.74169921875,2
35,3,1001.0171406467141,207.45958188960358,1030.3956943509847,256.1027342028033,0.79833984375,2
35,4,771.9262808671954,296.3657328716756,824.4696838424779,370.8345963953442,0.79052734375,2
35,5,1767.2502136779462,488.95573516807247,1907.1205855536432,625.487786273875,0.640625,2
35,6,1507.866407131087,24.552714262245814,1524.0233397079112,49.34128593141388,0.0,2
35,7,1330.2624061339554,57.693667989604165,1348.685875291984,87.48152378287563,0.6875,2
35,8,1573.6090042869112,63.644350440234334,1597.390995713089,103.77833998430017,0.57373046875,2
35,9,1029.5519014247377,257.4878055421197,1289.4333051682588,316.501302698156,0.315673828125,1
35,10,1167.3624294521494,95.51974771860625,1227.991541713802,141.37709080435224,0.0,2
35,11,1376.2762385642116,35.13433192213721,1391.0646837405347,58.23889813772678,0.57373046875,2
35,12,1767.282477599603,515.208400181239,1886.939406793441,623.9962485202083,0.36474609375,2
35,13,1550.9982460224917,22.141226596521072,1581.0017539775083,56.43717622732742,0.42626953125,1
35,14,1589.6205632319723,725.7780469222203,1694.2873294776816,822.6870227960969,0.0,2
35,15,1321.4656176022866,492.5098427885758,1345.9859243793205,558.2915870500941,0.0,2
35,16,1103.2433636592712,128.7526617254916,1163.2525082256789,168.0031826679137,0.462890625,2
35,18,1436.9581467153819,13.984980972071039,1453.8723830243127,33.97009973555609,0.56982421875,2
35,20,1310.5875908012806,488.3525364760811,1317.990530419089,498.1292607873785,0.0,2
35,24,981.8425853466782,124.24230659313683,1031.1259985065785,162.9019864241219,0.3486328125,2
35,29,1313.9015913313526,489.8605471763888,1327.859103291677,499.931672494182,0.0,2
35,30,1331.2648041232314,52.15702738087014,1353.5334249073342,82.17190093920675,0.0,2
35,32,1599.6994054669217,729.8923856035783,1645.7676984656896,814.3017328800581,0.0,2
35,33,1175.6067234519346,93.54553451168951,1230.6357714769986,138.1458853566423,0.466796875,2
35,34,1507.9852304143815,21.634005675872686,1521.6232264504563,47.89162248075212,0.509765625,2
35,35,1688.80280392985,486.011753232412,1767.1971960701503,579.0156512524533,0.3701171875,2
35,36,1398.1060413730545,15.884858217023943,1414.4068294419578,37.52822742247413,0.267333984375,2
36,1,1269.7157334798087,493.8613344046749,1353.9465206735438,602.4994417112825,0.7607421875,2
36,2,608.4827538640334,340.98133149484886,655.9667071971784,415.3882307952009,0.73876953125,2
36,3,997.3491174858117,208.10310368156968,1026.9668125743456,257.36082841041315,0.7646484375,2
36,4,769.5371188938844,300.9693048244667,819.7873879493673,373.0485183664171,0.76611328125,2
36,5,1767.0480532957367,487.98420350202315,1907.8987462090067,625.5078311373675,0.6669921875,2
36,6,1507.0691969559384,24.841055113390475,1523.3169363098411,49.442801059716146,0.420654296875,2
36,7,1330.3910281531496,57.98948584166805,1348.4414858933376,87.42022527157086,0.68408203125,2
36,8,1573.6045654557454,63.60591336592601,1597.3954345442546,103.71907137149748,0.56396484375,2
36,9,1028.8095007199195,257.56978671259384,1289.1867117273775,316.75887899020614,0.37109375,1
36,10,1167.165086907043,95.4351119741696,1227.9740757593993,141.4285472173744,0.0,2
36,11,1375.8290978931182,35.162789778526765,1390.4129920882197,58.122661943689955,0.60595703125,2
36,12,1766.2653194108925,513.7024197507362,1887.9496366779028,623.995872325602,0.2705078125,2
36,13,1550.9982769855762,22.200985073758012,1581.0017230144235,56.49884701642711,0.42822265625,1
36,14,1590.9117602425345,724.8419110938654,1694.834531324267,821.0620299719872,0.0,2
36,15,1322.6646165928958,492.05149162636826,1347.1037340303908,557.6154177070644,0.0,2
36,16,1103.5912655691063,129.14996120859695,1162.9010799036942,167.97767236127135,0.443603515625,2
36,18,1436.0296245065074,13.209668230852733,1452.8025099233987,33.27601953652249,0.611328125,2
36,20,1311.5271157920656,487.8284627201554,1318.3076886593499,496.7832505926989,0.0,2
36,24,982.7113596589226,125.77445916149846,1030.2568291975415,162.96441338385495,0.32421875,2
36,29,1315.0789753220433,489.52174752030686,1328.4572602105127,499.17492816111604,0.0,2
36,30,1331.0302811922393,52.0030965825084,1353.3771561082372,82.1234450974981,0.0,2
36,32,1601.0115726437807,729.239133276541,1645.707828863135,811.1345384582587,0.0,2
36,33,1175.6811259623275,93.85117029809476,1230.2885727186722,138.13602079604902,0.46875,2
36,34,1507.658102760078,21.784364431417615,1521.187094663069,47.83008236137425,0.498046875,2
36,35,1688.439301142254,485.01129949687777,1767.560698857746,579.0339174087618,0.385009765625,2
36,36,1398.3222486220347,16.179161192142445,1414.5818991324838,37.76790996379995,0.0,2
37,1,1273.523504511748,493.71714884920465,1356.402726918044,600.7350659042535,0.7734375,2
37,2,605.9499633415858,342.9026934952059,653.3833511450559,418.0093316227276,0.71044921875,2
37,3,994.6164300148665,207.21864308520858,1025.152934203369,258.1782534157206,0.70068359375,2
37,4,767.1911709893631,302.2074270398306,816.6925494934601,374.33242429305994,0.7578125,2
37,5,1766.9744940056669,487.3729300801938,1908.1725910711239,625.2672157822731,0.6494140625,2
37,6,1506.8357546810919,25.05906433634719,1523.2033247200386,49.55093200521395,0.441650390625,2
37,7,1330.1533650792258,58.5908137497246,1347.6558467323357,87.26384606035752,0.6826171875,2
37,8,1573.65976149687,63.77587673733855,1597.3402385031297,103.63467503522081,0.55078125,2
37,9,1028.6089111350564,257.6015165972823,1289.016244727788,316.8546129594596,0.406494140625,1
37,10,1167.6214132994578,97.75463887084331,1224.9941720669563,141.38000623351974,0.393310546875,2
37,11,1375.3233058560284,35.599584954365106,1389.5354890703723,58.06922703082485,0.5908203125,2
37,12,1766.2904349897722,513.4100962626393,1888.2889988510622,623.9883642405787,0.0,2
37,13,1550.9750744438768,22.160492292705907,1581.0249255561234,56.52209488216863,0.443603515625,1
37,14,1592.2029572992508,723.9057752655107,1695.3817331246983,819.4370371478776,0.0,2
37,15,1323.863615593214,491.5931404641607,1348.221543671752,556.9392483640346,0.0,2
37,16,1103.6538424933785,129.42581689192883,1162.8379343182112,168.22021361797243,0.4130859375,2
37,18,1435.252701214538,14.337029130386778,1451.9262087621617,34.31614807855122,0.509765625,2
37,20,1312.4666411366543,487.30438896422976,1318.624846545807,495.43724039801936,0.0,2
37,24,983.0673872395078,126.47818427739095,1029.9039142169254,163.0010119071148,0.381103515625,2
37,29,1316.256359310153,489.1829478642249,1329.0554171319293,498.4181838280501,0.0,2
37,30,1330.7957582605397,51.84916578414666,1353.2208873098475,82.07498925578946,0.0,2
37,32,1580.1814336574078,737.1707358856739,1642.0561696942104,849.3677493407191,0.25830078125,2
37,33,1175.5952393133405,93.65772849513917,1230.2851598627597,138.06702916325742,0.373779296875,2
37,34,1507.5789114262063,22.528608790745288,1520.9843812134418,48.30961671210746,0.501953125,2
37,35,1688.3435563518015,484.6381828929541,1767.6564436481983,579.0375711910167,0.394287109375,2
37,36,1398.5384558711025,16.473464167260946,1414.7569688229219,38.00759250512577,0.0,2
38,1,1274.7859076313725,493.51486617204165,1357.3795091346901,600.3459952123628,0.7734375,2
38,2,605.2067128724823,343.59847199922973,652.3456138669155,418.9536394835262,0.71240234375,2
38,3,993.6561286510896,206.86787206765965,1024.4790830389693,258.46533750318537,0.69921875,2
38,4,766.6191435780108,302.6313271334509,815.419416334747,374.7646479714415,0.75927734375,2
38,5,1766.9492059416248,486.8992589812948,1908.2554305267818,624.9276519286262,0.65673828125,2
38,6,1506.7225534308493,25.16713171488781,1523.1991445359322,49.559040452525615,0.437744140625,2
38,7,1330.094208016502,58.806160108592195,1347.3498669614494,87.19708428099099,0.6826171875,2
38,8,1573.6694474700857,63.900570509014294,1597.3305525299145,103.66525540282129,0.55078125,2
38,9,1028.6077024419776,257.61401748760164,1288.8821052191242,316.8886699699306,0.408203125,1
38,10,1167.640604375856,97.7368721814565,1224.7777704434661,141.3893807505078,0.39501953125,2
38,11,1375.1630448403334,35.755219333963026,1389.204487738918,58.03998473482672,0.5908203125,2
38,12,1766.3155505272239,513.1177727745425,1888.628361065649,623.9808561555554,0.0,2
38,13,1550.991653533308,22.144206476519756,1581.0083464666923,56.468674965710846,0.439697265625,1
38,14,1593.494154402121,722.9696394371558,1695.9289348789757,817.8120443237679,0.0,2
38,15,1325.0626146032414,491.13478930195316,1349.339353303404,556.2630790210048,0.0,2
38,16,1103.6141663117885,129.4040824362133,1162.8779984429193,168.31284944005895,0.4111328125,2
38,18,1435.0148126757776,14.74819827293325,1451.6464850685445,34.70557373838967,0.5078125,2
38,20,1313.4061668350469,486.7803152083041,1318.9420040784603,494.0912302033398,0.0,2
38,24,983.0795837626437,126.72844429546586,1029.89490396377,163.02233450195962,0.37939453125,2
38,29,1317.4337432956816,488.84414820814294,1329.6535740559268,497.6614394949841,0.0,2
38,30,1330.561235328133,51.69523498578492,1353.0646185121652,82.02653341408082,0.0,2
38,32,1579.7936340150998,737.1862092446806,1641.6916843116464,849.4254800510781,0.0,2
38,33,1175.5898726080202,93.58556253885014,1230.268654166677,138.03897784562238,0.375732421875,2
38,34,1507.5620944902976,22.803658280587626,1520.9026182454222,48.42658469320793,0.5009765625,2
38,35,1688.3461184550897,484.50158953076715,1767.65388154491,579.0357962948246,0.39794921875,2
38,36,1398.7546631202579,16.767767142379448,1414.9320385132723,38.247275046451584,0.0,2
39,1,1276.8437207152333,494.48653631595437,1356.9923685267213,598.2626608900595,0.79443359375,2
39,2,603.8328288552559,345.16873118482704,650.2793246587894,419.98388917343016,0.75048828125,2
39,3,991.8154213092354,208.05882401095843,1021.9029269061671,258.9113391332759,0.7138671875,2
39,4,764.0073448531526,303.98503458877485,812.5966223346163,376.8536403805487,0.76220703125,2
39,5,1766.9424679425304,487.2217037985088,1908.2669050611828,625.2937041547079,0.63623046875,2
39,6,1506.6750802072122,25.39385362140826,1523.2127133555641,49.62647297308321,0.458984375,2
39,7,1329.5984458489268,59.25160840568759,1346.7264291956094,87.54319743024624,0.69775390625,2
39,8,1573.7259357020773,64.13170998578855,1597.274064297923,103.61505629902715,0.544921875,2
39,9,1029.6057278765734,257.86654532031406,1287.8387936738156,316.65177931855715,0.4111328125,1
39,10,1167.5054293270512,98.23362646551885,1223.8427743405373,141.51827250951595,0.388671875,2
39,11,1374.7207509675213,35.74215349969828,1388.4933119528534,57.89797058544568,0.5927734375,2
39,12,1766.3406660232479,512.8254492864455,1888.9677233216632,623.9733480705321,0.0,2
39,13,1551.0442670325642,22.32327987182012,1580.9557329674358,56.510267239856134,0.441650390625,1
39,14,1594.7853515511454,722.033503608801,1696.4761365870993,816.1870514996582,0.0,2
39,15,1326.2616136229778,490.67643813974564,1350.4571629253471,555.586909677975,0.0,2
39,16,1104.6763117317664,129.76683265642382,1162.8090211007695,167.9764480807836,0.359375,2
39,18,1434.3531905298864,14.41917022878234,1451.1986529463964,34.502899315173956,0.381103515625,2
39,20,1314.345692887243,486.2562414523784,1319.2591612573099,492.7452200086602,0.0,2
39,24,983.1416650612979,127.06396522646969,1029.8357750612174,163.0370153246986,0.388671875,2
39,29,1318.6111272786293,488.505348552061,1330.251730982505,496.9046951619181,0.0,2
39,30,1330.3267123950193,51.54130418742318,1352.9083497151905,81.97807757237217,0.0,2
39,32,1580.4439137326253,737.8043040101967,1643.5101009546352,851.383045436011,0.70556640625,2
39,33,1175.6130322796075,93.43542741346486,1230.2486046490205,137.90260699376194,0.346923828125,2
39,34,1507.6096867949243,23.338786272405017,1520.8250145522106,48.65652530138908,0.501953125,2
39,35,1688.746192522677,485.44982904662595,1767.253807477323,579.0324140421809,0.394287109375,2
39,36,1398.970870369501,17.06207011749795,1415.1071082035353,38.4869575877774,0.0,2
40,1,1280.2013010046526,489.4218989888381,1361.07330134982,595.0200681959909,0.7744140625,2
40,2,601.9989092141693,347.4488787617845,647.5306813827959,421.04910058431244,0.7294921875,2
40,3,989.4011224282583,209.73833547176775,1018.7954956417866,259.7911406584896,0.73095703125,2
40,4,762.1059766923772,304.4584132086381,810.6563155797819,378.33517450005087,0.767578125,2
40,5,1767.3759213064109,487.84634334709324,1907.8199268278147,624.9383656625796,0.60693359375,2
40,6,1506.5464389468011,25.353407872375332,1523.3386268603015,49.77841554081225,0.48046875,2
40,7,1329.4071450956978,59.84434860272693,1346.5201738824119,88.22927427469622,0.70263671875,2
40,8,1573.7002953487658,64.09164606403492,1597.2997046512342,103.5965318636189,0.55078125,2
40,9,1029.4967012384345,257.96229574724936,1287.9368899974468,316.80825489423717,0.33544921875,1
40,10,1166.643462055993,99.22600335292582,1221.325126791642,141.75183985617494,0.36474609375,2
40,11,1374.6182192698068,35.4793939601108,1388.193771201146,57.58974256259459,0.5947265625,2
40,12,1766.3657814778442,512.5331257983487,1889.3070856191055,623.9658399855089,0.0,2
40,13,1551.01333151833,22.32794796664134,1580.9866684816702,56.58798960292574,0.422607421875,1
40,14,1596.0765487463236,721.0973677804461,1697.0233382490687,814.5620586755485,0.0,2
40,15,1327.4606126524234,490.21808697753806,1351.574972537581,554.9107403349452,0.0,2
40,16,1105.419921278555,129.77779514416298,1162.4418960938604,167.22476540466445,0.341552734375,2
40,18,1433.2735192526138,13.631812984315376,1450.94115162716,34.51836850624253,0.2509765625,2
40,20,1315.2852192932432,485.73216769645273,1319.5763180823558,491.3992098139807,0.0,2
40,24,983.0070428656272,127.80810094645099,1029.9732168646744,163.67763582652714,0.42822265625,2
40,29,1319.788511258996,488.166548895979,1330.8498879116644,496.1479508288521,0.0,2
40,30,1330.092189461198,51.38737338906144,1352.7520809189227,81.92962173066353,0.0,2
40,32,1578.7811913666012,738.9522773199396,1643.7151970081015,855.8488387563817,0.65673828125,2
40,33,1176.2094749114603,93.25611151585494,1230.6550876182641,137.72575586085253,0.33984375,2
40,34,1507.6064744115395,23.6574529194595,1520.8237345894859,48.928580047470135,0.5048828125,2
40,35,1689.0826211372441,486.0628950743788,1766.9173788627556,578.7790731563149,0.390380859375,2
40,36,1399.1870776188318,17.35637309261645,1415.2821778937107,38.72664012910322,0.0,2
41,1,1281.5716448539074,487.59521187516,1362.33202126841,593.8608667625306,0.77587890625,2
41,2,601.4435090288605,348.26332790237836,646.5351019173983,421.3852507725526,0.7294921875,2
41,3,988.6129354336482,210.35466303162605,1017.6259179333051,260.094915442119,0.7294921875,2
41,4,761.0372546776965,304.59944753791643,809.22107782561,378.8485575812095,0.767578125,2
41,5,1767.503938858238,488.08883486583636,1907.672159043663,624.8036171757981,0.60400390625,2
41,6,1506.4691223827672,25.337007510721705,1523.422588294859,49.836266721560094,0.478515625,2
41,7,1329.3633910160306,60.05473770741351,1346.435556265575,88.47930736201316,0.70068359375,2
41,8,1573.679511289011,64.0738568824014,1597.3204887109887,103.5900823737203,0.55078125,2
41,9,1029.4745134496723,257.9973651264161,1287.9599425481338,316.8659184336021,0.33642578125,1
41,10,1166.4790129588048,99.59171339178017,1220.2438306687827,141.83709917014204,0.36669921875,2
41,11,1374.638132891556,35.374186760024166,1388.0528987411674,57.470365855487756,0.5947265625,2
41,12,1766.3908968910127,512.2408023102518,1889.6464479579754,623.9583319004855,0.0,2
41,13,1551.02502247055,22.328448843214336,1580.97497752945,56.55496712768985,0.422607421875,1
41,14,1597.3677459876558,720.1612319520913,1697.5705398648843,812.9370658514388,0.0,2
41,15,1328.659611691578,489.75973581533054,1352.692782140106,554.2345709919155,0.0,2
41,16,1105.6780351006405,129.90458521046585,1162.319770513258,167.072610134425,0.329345703125,2
41,18,1432.3775313164049,13.733519064228224,1449.9994358754677,34.5660601654192,0.0,2
41,20,1316.224746053047,485.208093940527,1319.8934745535978,490.0531996193011,0.0,2
41,24,982.8406655731128,128.0741417034376,1030.1420308746954,163.91928776791352,0.43212890625,2
41,29,1320.9658952367822,487.82774923989706,1331.448044843405,495.39120649578615,0.0,2
41,30,1329.8576665266694,51.233442590699696,1352.5958121233623,81.88116588895488,0.0,2
41,32,1577.9589592161728,739.3651119054441,1644.0164616584086,858.4273219799825,0.65673828125,2
41,33,1175.8615920567242,93.19026453390347,1230.3983178166939,137.7823114669576,0.33984375,2
41,34,1507.599548295072,23.83072804181652,1520.8342771550363,49.08933765436306,0.5048828125,2
41,35,1689.1946842664952,486.292351802824,1766.8053157335048,578.6822822505621,0.394287109375,2
41,36,1399.4032848682502,17.650676067734953,1415.4572475837986,38.96632267042904,0.0,2
42,1,1284.5090212316559,480.54416533534146,1368.1268470954658,591.9937755331682,0.73876953125,2
42,2,597.8530813757972,352.9861144404458,641.7683719027507,424.4315766973311,0.77978515625,2
42,3,985.5601944148161,212.30100356469302,1014.1158731214913,260.9265804318453,0.75341796875,2
42,4,757.2983887872688,308.05987517928014,804.8143274374864,381.6983074728163,0.763671875,2
42,5,1767.5175955126663,488.6786734345337,1907.6391621785258,625.2503579141396,0.57861328125,2
42,6,1506.4509796440932,25.174672186955444,1523.4510533074874,49.57984560137679,0.39794921875,2
42,7,1329.4441810952824,60.24580789176391,1346.3267401785258,88.68942117704238,0.70556640625,2
42,8,1573.6298112719423,64.00264040572034,1597.3701887280574,103.6502434965196,0.556640625,2
42,9,1029.017696816246,258.0094531328404,1288.4218239345744,317.1339330269167,0.25244140625,1
42,10,1167.1771091587293,100.03108821216037,1220.11629608482,141.80334929895884,0.34423828125,2
42,11,1373.6380963768581,35.70287037086936,1387.0442300799098,58.04531382557978,0.60205078125,2
42,12,1766.4160122627536,511.9484788221549,1889.9858103382728,623.9508238154623,0.0,2
42,13,1551.0507743288822,22.45144389042785,1580.9492256711176,56.60402566083583,0.39990234375,1
42,14,1598.658943275142,719.2250961237365,1698.117741434546,811.3120730273292,0.0,2
42,15,1329.8586107404417,489.301384653123,1353.8105917329215,553.5584016488856,0.0,2
42,16,1106.3358295050373,129.69898472428497,1162.7081376924966,166.6459569556984,0.2705078125,2
42,18,1431.4815432821742,13.835225144141072,1449.0577202217976,34.61375182459588,0.0,2
42,24,981.7538144693787,126.78636045018905,1031.2310080309621,164.26075019631847,0.43017578125,2
42,29,1322.1432792119872,487.4889495838151,1332.046201777726,494.6344621627202,0.0,2
42,30,1329.6231435914335,51.07951179233796,1352.439543328509,81.83271004724624,0.0,2
42,32,1576.7857993978785,738.5462660477566,1645.00776050305,862.3150716080092,0.322509765625,2
42,33,1175.8844003025201,93.22958323200888,1230.1514727891977,137.74179428583386,0.301513671875,2
42,34,1508.2164802261777,23.51321340012587,1521.2213064572954,48.52226966027678,0.4892578125,2
42,35,1689.4028570044775,487.123021485295,1766.5971429955225,578.8947432416951,0.32080078125,2
42,36,1396.933000222702,27.812402367144323,1414.1975599752336,51.546554328053624,0.26123046875,2
43,1,1289.8470564822233,486.1926160673688,1366.9389208648631,588.8977174540557,0.67041015625,2
43,2,596.4781661091477,357.2135936055513,638.6737182712304,426.0179501479474,0.7734375,2
43,3,983.3068191845314,213.2604183423653,1012.0362909911521,261.96010657595804,0.72021484375,2
43,4,755.4755200904002,311.0734689492276,801.7501362939284,383.4732762543217,0.76904296875,2
43,5,1768.3402303506437,488.90168782944863,1908.7826767338204,625.4197219289143,0.552734375,2
43,6,1506.45515211941,24.957109581346497,1523.4579722068115,49.20396289405386,0.276611328125,2
43,7,1329.6311960567498,60.74089133041679,1346.147424685435,88.8222511498162,0.67578125,2
43,8,1573.668350598937,64.2217377523135,1597.3316494010633,103.6732931170148,0.546875,2
43,9,1030.3267060709088,257.8892144794161,1288.1082976028183,316.614808827479,0.280517578125,1
43,10,1166.7160588442612,100.247133682401,1218.8189537371086,141.59970205162455,0.338134765625,2
43,11,1373.349548236499,35.94560870593727,1386.604883254955,58.258410741832584,0.57958984375,2
43,12,1766.441127593067,511.65615533405804,1890.3251727599984,623.943315730439,0.0,2
43,13,1551.1031337333354,22.620737874579714,1580.8968662666646,56.622176994654566,0.4072265625,1
43,14,1599.950140608782,718.2889602953817,1698.6649429580532,809.6870802032195,0.0,2
43,15,1331.0576097990147,488.84303349091545,1354.9284013160284,552.8822323058558,0.0,2
43,16,1106.2173840589994,129.6199792815997,1162.2103673155773,166.24254721046324,0.29833984375,2
43,18,1430.5855551499214,13.93693122405392,1448.1160046661491,34.66144348377255,0.0,2
43,24,981.3431866816435,125.44905021506742,1031.6430161284516,163.52850445557925,0.45703125,2
43,29,1323.3206631846112,487.1501499277332,1332.6443587146282,493.8777178296543,0.0,2
43,30,1329.3886206554905,50.92558099397622,1352.2832745343633,81.7842542055376,0.0,2
43,32,1576.2525235841435,738.6399678386458,1645.0143132969663,863.3881168471307,0.0,2
43,33,1176.5040613678314,93.0608924685632,1230.4447366736229,137.41645445533885,0.310791015625,2
43,34,1508.0590581155166,22.135019151659257,1520.7591694802834,46.67985054611966,0.47265625,2
43,35,1689.5885753023488,487.1814984230951,1766.4114246976515,578.7247788475208,0.33984375,2
43,36,1397.5744861067474,28.268614439996966,1414.4625755751129,52.24806972622585,0.29345703125,2
44,1,1291.8265615950688,488.6458726566509,1366.2583310646282,587.7665632431033,0.673828125,2
44,2,596.0974738704803,358.7151991733915,637.6030805909062,426.53464405980367,0.77197265625,2
44,3,982.4971877479901,213.59161705330126,1011.3612712635169,262.3195344911435,0.72021484375,2
44,4,755.0119850725528,312.1617219025273,800.5828675190088,384.08228645630606,0.76904296875,2
44,5,1768.9810452250854,489.48032035360006,1908.8718776645346,624.9870352554544,0.5361328125,2
44,6,1506.430015372743,24.875220435519655,1523.4935046919616,49.06425806516181,0.275146484375,2
44,7,1329.749046649867,60.9772841469524,1346.0507407222137,88.9256056154369,0.673828125,2
44,8,1573.67177016263,64.30273480465749,1597.32822983737,103.68217853362025,0.546875,2
44,9,1030.2980670634815,257.96667367952887,1287.5247383438852,316.5396245916405,0.26123046875,1
44,10,1166.6278348070339,100.3164503099394,1218.281674942093,141.52173582592607,0.33447265625,2
44,11,1373.291304129217,36.03198674100391,1386.4205838785692,58.334741522915024,0.57763671875,2
44,12,1766.4662428819524,511.36383184596116,1890.6645352231515,623.9358076454157,0.0,2
44,13,1551.161700748579,22.745021070174488,1580.8382992514212,56.566400813635454,0.4091796875,1
44,14,1601.241337988576,717.3528244670268,1699.2121444354068,808.0620873791098,0.0,2
44,15,1332.2566088672966,488.3846823287079,1356.0462108894258,552.2060629628261,0.0,2
44,16,1105.8857850735333,129.4639888335136,1162.302785236508,166.34916706156844,0.318359375,2
44,18,1429.6895669196467,14.038637303966768,1447.1742892085229,34.70913514294923,0.0,2
44,24,981.2464611266153,125.0519804014006,1031.7412988965973,163.24481779155252,0.4609375,2
44,29,1324.4980471546544,486.81135027165124,1333.2425156541112,493.1209734965883,0.0,2
44,30,1329.1540977188401,50.77165019561448,1352.1270057409247,81.73579836382893,0.0,2
44,32,1575.7192476935743,738.733669629535,1645.0208661677175,864.4611620862522,0.0,2
44,33,1177.344330597346,92.9992582172253,1230.9472631426531,137.29390551248287,0.296630859375,2
44,34,1508.0151740254096,21.614780737749122,1520.5711953546331,45.99177516344931,0.4716796875,2
44,35,1689.5664046569234,487.44598425211484,1766.4335953430768,578.9093178610331,0.34521484375,2
44,36,1397.9726628872484,28.474866930437408,1414.3890383903715,52.47766607903626,0.296630859375,2
45,1,1294.90762325027,489.0663588552343,1368.549781147343,586.9086430108337,0.78271484375,2
45,2,594.5853795097266,359.19479129174886,636.7364371984506,428.1750690633462,0.78271484375,2
45,3,981.3642753898619,215.17696806212152,1010.0907121645538,263.4195997308054,0.740234375,2
45,4,752.7585429708712,312.3927163514519,799.1808498733516,386.4926747515277,0.7890625,2
45,5,1768.8661182817748,489.4477426119523,1909.2442789130093,625.0713416634968,0.546875,2
45,6,1506.396002945513,24.907484629065323,1523.5365740068657,49.07692328553344,0.280517578125,2
45,7,1329.8033719897285,60.866563119112534,1346.018104119281,88.89420336738723,0.68408203125,2
45,8,1573.5988409308761,64.08242314315483,1597.401159069124,103.68556644596697,0.5546875,2
45,9,1030.3292629319862,257.98602204672824,1287.4442173623058,316.53353343273136,0.0,1
45,10,1167.261734636525,99.26929318159135,1219.4469870064147,141.05411833574897,0.303955078125,2
45,11,1373.3472945976223,36.30700167438599,1386.3037292058314,58.48300063211812,0.4609375,2
45,12,1766.4913581294102,511.0715083578643,1891.003897727732,623.9282995603925,0.0,2
45,13,1551.1256150736003,22.727449278514758,1580.8743849263997,56.607130917852274,0.4091796875,1
45,14,1602.5325354145243,716.416688638672,1699.7593458666065,806.4370945550002,0.0,2
45,15,1333.4556079452877,487.9263311665004,1357.1640204531143,551.5298936197962,0.0,2
45,16,1105.259463116123,128.90817262777276,1162.8359675964878,166.64380300758904,0.325927734375,2
45,18,1420.127425486074,10.004331114087334,1441.6387922921963,35.848845903901456,0.251708984375,1
45,24,981.198191402688,125.39627342444997,1031.7910416484106,163.63226209732727,0.403564453125,2
45,29,1325.6754311221166,486.4725506155693,1333.8406725961752,492.36422916352234,0.0,2
45,30,1328.9195747814824,50.61771939725274,1351.9707369481935,81.6873425221203,0.0,2
45,32,1575.1859717261702,738.8273714204241,1645.027419115303,865.5342073253735,0.0,2
45,33,1177.1063182377384,92.66837797467277,1230.699180920719,137.18721039214145,0.301513671875,2
45,34,1508.0138609665044,21.674811386992438,1520.489152182297,45.99591090697518,0.462890625,2
45,35,1689.3035488824385,486.54395892027566,1766.6964511175615,578.9781943772275,0.34521484375,2
45,36,1397.7395694470647,28.385197431410674,1413.7583722957002,52.45084950132389,0.416748046875,2
46,1,1295.8384455878388,484.72477619731103,1371.4378041135521,585.643754761287,0.806640625,2
46,2,592.4634398242371,360.3100205720413,635.6251304052809,430.71982050909514,0.78125,2
46,3,978.9766884317188,216.24387696757526,1007.7294178079345,264.30384944309304,0.76220703125,2
46,4,749.8982659051769,313.6701520573612,796.8803325274472,389.3131871149875,0.78271484375,2
46,5,1768.9343338898661,489.6797356583139,1909.2554821471203,624.8555207224116,0.5244140625,2
46,6,1506.3984746805365,25.16898948108613,1523.542086638206,49.20892216314445,0.294189453125,2
46,7,1328.9624488945744,61.37371251339191,1344.890486730692,89.06210569714645,0.67919921875,2
46,8,1573.631438847638,64.12148599404765,1597.3685611523622,103.56304579374677,0.548828125,2
46,9,1030.3604588015223,258.00537041392755,1287.3636963796946,316.5274422738221,0.0,1
46,10,1166.4177690203471,99.617678493695,1218.0061197947748,141.25241714536708,0.37841796875,2
46,11,1372.5229522378597,36.77787020091645,1385.1454180963121,58.47211396284537,0.33447265625,2
46,12,1766.5164733354402,510.7791848697674,1891.3432602737405,623.9207914753691,0.0,2
46,13,1551.152267622699,22.780731275082204,1580.8477323773013,56.560138474046056,0.383056640625,1
46,14,1603.8237328866264,715.4805528103171,1700.306547251652,804.8121017308904,0.0,2
46,16,1105.3005515317504,128.94704508054704,1162.7571802492896,166.63552843493062,0.319091796875,2
46,18,1418.4366277970937,9.732884558674112,1440.2955698317617,35.995059951087015,0.0,1
46,24,981.3095629465532,126.02426189255041,1031.6809451705515,164.0289234700039,0.32080078125,2
46,29,1326.852815086998,486.1337509594873,1334.43882954082,491.6074848304563,0.0,2
46,30,1328.6850518434176,50.463788598891,1351.8144681561696,81.63888668041164,0.0,2
46,32,1574.6526956819318,738.9210732113133,1645.0339721397233,866.607252564495,0.0,2
46,33,1176.5959539027504,92.60821521972653,1230.0334206817752,137.21063425653227,0.33447265625,2
46,34,1507.5550650591892,22.325058715450346,1519.9205276853274,46.50659745703595,0.449462890625,2
46,35,1689.14339626819,486.2010437258984,1766.85660373181,579.0030672097328,0.267333984375,2
46,36,1398.204601914386,27.540826082704594,1413.9469958729026,51.80816598373205,0.418701171875,2
46,38,1181.8930118850094,91.26450555159062,1230.1318485486993,136.3125,0.256103515625,1
47,1,1296.3802552905624,483.6543924514049,1372.186182226176,585.2171211749135,0.8056640625,2
47,2,591.6948766322694,360.67051151197745,635.3158267114567,431.6255323973056,0.77978515625,2
47,3,978.1110441599636,216.61224697256216,1006.9464486897377,264.6064032917371,0.7607421875,2
47,4,748.9978475642071,314.1147753315867,795.9701338470614,390.3395386041317,0.7841796875,2
47,5,1768.8422320265888,489.76339582252206,1909.3599866994964,624.7746439460601,0.5224609375,2
47,6,1506.3760913018184,25.268057113486748,1523.5717438073382,49.26133129689778,0.29248046875,2
47,7,1328.6742047365694,61.55371132425676,1344.4495038081802,89.11821029344799,0.67919921875,2
47,8,1573.6030376330975,64.13495904111073,1597.3969623669025,103.64087009371252,0.548828125,2
47,9,1030.3916546720902,258.0247187811269,1287.2831753960525,316.52135111491293,0.0,1
47,10,1166.2081921557017,99.74575339117519,1217.3710806903287,141.32924094825478,0.376708984375,2
47,11,1372.2246890122249,36.88558165418695,1384.7268228327662,58.46273982469626,0.332763671875,2
47,12,1766.5415885000425,510.4868613816705,1891.6826228611767,623.9132833903459,0.0,2
47,13,1551.1524270569878,22.798757024954156,1580.8475729430124,56.54207592562268,0.383056640625,1
47,14,1605.1149304048824,714.5444169819623,1700.8537485905438,803.1871089067807,0.0,2
47,16,1105.3256897105023,128.96462454750431,1162.7144634761667,166.6370422311286,0.3173828125,2
47,18,1416.7458310540887,9.46143800326089,1438.9523464253516,36.14127399827257,0.0,1
47,24,981.3304554966735,126.2638083759752,1031.661204996141,164.18019500863699,0.32080078125,2
47,29,1328.030199049298,485.79495130340536,1335.0369864880456,490.85074049739035,0.0,2
47,30,1328.4505289046454,50.30985780052926,1351.6581993648529,81.590430838703,0.0,2
47,32,1574.1194195608587,739.0147750022026,1645.040525240978,867.6802978036164,0.0,2
47,33,1176.9661518487515,92.58899605097463,1230.2071321789297,137.22149277848766,0.33642578125,2
47,34,1507.3940848159855,22.57052058662374,1519.7013375209997,46.70599383712987,0.449462890625,2
47,35,1689.0792134962662,486.0694481955316,1766.9207865037338,579.0112892219079,0.259033203125,2
47,36,1398.5075155438924,27.21656524227785,1413.8925157235153,51.492902863657136,0.418701171875,2
47,38,1181.9380271826292,91.29910287709143,1230.1328203371554,136.3125,0.25244140625,1
48,1,1299.4668301775832,481.31674160552336,1375.3551160957736,583.1340031800827,0.78515625,2
48,2,587.1033451104283,361.7302970969509,631.7463437222417,434.3767506679125,0.77880859375,2
48,3,975.4603592584323,220.82146332499738,1003.1436268057676,266.0588402858495,0.75341796875,2
48,4,745.7349026380864,319.5164684848119,790.8634873650186,393.1243235480241,0.75927734375,2
48,5,1768.7001328674214,490.28723326214305,1909.4914950717498,625.2420554262408,0.46875,2
48,6,1506.3842158950301,25.366844855004537,1523.569880178383,49.22058105554158,0.291015625,2
48,7,1328.3725482688599,63.04392614720723,1343.5003509094106,89.4446380076038,0.69775390625,2
48,8,1573.619020674682,64.13882406270122,1597.380979325318,103.54658909631544,0.546875,2
48,9,1028.9824601393493,257.67267141040907,1288.5318168046806,316.83407740478725,0.259765625,1
48,10,1165.8654273888123,99.91356643849998,1216.4285539033372,141.2341195386134,0.39697265625,2
48,11,1371.0812693978435,39.41437494891736,1383.6372945628261,61.200917871386125,0.325927734375,2
48,12,1766.566703623217,510.1945378935736,1892.0219854900404,623.9057753053225,0.0,2
48,13,1551.1901116536421,22.865640415794232,1580.8098883463576,56.47310742039733,0.33642578125,1
48,14,1606.4061279692924,713.6082811536075,1701.4009498832813,801.5621160826712,0.0,2
48,16,1105.2632691827866,128.849211127618,1162.767985342657,166.64125202451407,0.32080078125,2
48,18,1415.0550352570588,9.189991447847667,1437.6091220729663,36.28748804545812,0.0,1
48,24,981.3182538009997,127.46809550495396,1031.6743890387959,165.35160666905279,0.346923828125,2
48,29,1329.2075830090175,485.4561516473234,1335.6351434378525,490.0939961643244,0.0,2
48,30,1328.2160059651658,50.155927002167516,1351.5019305742433,81.54197499699436,0.0,2
48,32,1573.5861433629511,739.1084767930917,1645.0470784190675,868.7533430427377,0.0,2
48,33,1176.6750479788227,92.33751253095514,1229.7165942176473,136.9796798805756,0.313232421875,2
48,34,1507.3865712787947,22.786141714184453,1519.574520673856,46.72294318316948,0.4775390625,2
48,35,1689.0627282562461,486.0577948792364,1766.9372717437536,579.0390085624211,0.0,2
48,36,1399.1769836643907,26.26058219808015,1414.301327958079,50.656614954958016,0.43408203125,2
48,38,1181.9477560084918,91.03405517706689,1230.1220182185455,136.03589027906324,0.2861328125,1
49,1,1303.4570273890074,475.5225993118547,1381.5083658367957,580.4154111046275,0.81640625,2
49,2,584.6988150466339,363.554910750521,629.7163505632464,436.8372677289263,0.7578125,2
49,3,973.0051346157306,221.99794054397472,1001.2996069668036,267.4610766573615,0.69091796875,2
49,4,743.1548621362189,322.5399510638275,787.4441421049004,395.11511713287507,0.763671875,2
49,5,1768.5492115461268,489.98363597141815,1909.6248125849904,624.9226796453818,0.4833984375,2
49,6,1506.9344189732146,25.340847831105002,1524.021150012475,49.14450382950035,0.25830078125,2
49,7,1327.759169172256,63.90850415280382,1342.655415162526,89.87630213438811,0.69287109375,2
49,8,1573.553436014408,64.01499788710542,1597.446563985592,103.63529056329446,0.55078125,2
49,9,1028.8637199591165,257.6565553385032,1288.5906107509654,316.85843000396056,0.0,1
49,10,1165.1010578205362,100.53238120818925,1214.7452985959173,141.510021075239,0.4072265625,2
49,11,1369.5723391260485,40.78129196287258,1382.3595492662819,63.14447342354599,0.390380859375,2
49,12,1766.5918187049642,509.90221440547674,1892.3613481603322,623.8982672202993,0.0,2
49,13,1551.1918380630302,22.919971879387855,1580.8081619369696,56.47822140294666,0.31396484375,1
49,14,1607.6973255798564,712.6721453252527,1701.9481511298652,799.9371232585614,0.0,2
49,16,1105.416577198724,128.93119776865444,1162.609465639108,166.52214075376384,0.30322265625,2
49,18,1413.3642404060042,8.918544892434445,1436.2658967746063,36.43370209264367,0.0,1
49,24,981.6468958905971,127.91920078324378,1031.3466069936546,165.17148888271578,0.269775390625,2
49,29,1330.384966966156,485.11735199124143,1336.2333003902402,489.3372518312584,0.0,2
49,30,1327.981483024979,50.001996203805774,1351.3456617843412,81.4935191552857,0.0,2
49,32,1573.052867088209,739.2021785839809,1645.0536316739915,869.8263882818592,0.0,2
49,33,1177.1808895320792,92.36954001118038,1229.9072797983854,136.88992448200645,0.2998046875,2
49,34,1507.4050314262388,22.115290119885522,1519.5143985032357,45.92090128875569,0.458984375,2
49,35,1689.0462430184698,486.0461415629412,1766.9537569815302,579.0667279029345,0.0,2
49,36,1399.5026624909535,25.535304093929685,1414.3816815546943,50.03256094968931,0.4091796875,2
49,38,1181.9491468335018,90.94532295534391,1230.1106108145743,135.9436181733017,0.315673828125,1
50,1,1304.9257534520625,473.3943947313735,1383.7152490343485,579.4381458532412,0.8154296875,2
50,2,583.8644999607462,364.19757763543674,629.0117216421007,437.7150468179046,0.7607421875,2
50,3,972.0401118794613,222.38965610034245,1000.8188567556358,267.9417548573909,0.69091796875,2
50,4,742.3397051609406,323.6018679307693,786.2080633112625,395.7913762867018,0.76220703125,2
50,5,1768.1823587788228,489.6156856930048,1909.972960577852,625.0500438398337,0.4765625,2
50,6,1507.1571131196215,25.33002135274227,1524.1755041952438,49.117458203640865,0.260498046875,2
50,7,1327.5406094399245,64.20725120188384,1342.3665356142342,90.0265752341657,0.69287109375,2
50,8,1573.5276089436989,64.02947670225154,1597.4723910563011,103.73088267143771,0.55078125,2
50,9,1028.7449797840716,257.64043926659735,1288.6494046920625,316.8827826031339,0.0,1
50,10,1164.8906776784077,100.63410042783212,1214.0706636335988,141.61373505856582,0.402587890625,2
50,11,1369.033501643352,41.28000407290302,1381.883071407427,63.922431091181906,0.388671875,2
50,12,1766.6169337452834,509.60989091737986,1892.7007108720513,623.890759135276,0.0,2
50,13,1551.1809779151529,22.93845329801639,1580.8190220848471,56.48039696711127,0.294189453125,1
50,14,1608.9885232365743,711.7360094968979,1702.4953523302947,798.3121304344518,0.0,2
50,16,1105.4743824377663,128.96423655533968,1162.5478808653693,166.48017221893588,0.30810546875,2
50,18,1411.6734465009247,8.647098337021223,1434.9226705302706,36.57991613982922,0.0,1
50,24,981.6527660581789,127.95759444227491,1031.3415726083385,165.09672402334047,0.26904296875,2
50,29,1331.5623509207137,484.7785523351595,1336.8314573452087,488.58050749819245,0.0,2
50,30,1327.746960084085,49.84806540544404,1351.1893929951464,81.44506331357707,0.0,2
50,32,1572.5195907366322,739.2958803748701,1645.0601850057499,870.8994335209807,0.0,2
50,33,1177.3565383640519,92.26150046919952,1229.998414040908,136.85839795386073,0.2958984375,2
50,34,1507.4311061418866,21.926019914332034,1519.4805238052159,45.62590177425534,0.4580078125,2
50,35,1689.029757782937,486.034488246646,1766.970242217063,579.0944472434478,0.0,2
50,36,1399.689130037652,25.210128859336052,1414.3427577578145,49.80169480069041,0.4091796875,2
50,38,1181.94937024201,90.91780936176137,1230.100339889776,135.915244752298,0.32080078125,1
51,1,1308.0063903018427,473.14142218230756,1385.7851343178738,578.1418157842885,0.80908203125,2
51,2,582.2128030115782,364.8782855358509,627.7715687969512,439.46058051753096,0.77197265625,2
51,3,968.5101562663991,222.49121248827947,997.9618252540452,269.0863130584436,0.662109375,2
51,4,740.420272441996,324.43184586530504,784.553959585925,397.47373390090064,0.74755859375,2
51,5,1768.2064174232728,489.72144547454644,1909.9315979918379,624.8509065600985,0.440673828125,2
51,6,1507.2537371555707,25.356148725607476,1524.2183347663893,49.13995358201423,0.27197265625,2
51,7,1327.466401856787,64.73931515853087,1342.2799326230042,90.5136894067733,0.67236328125,2
51,8,1573.5169823589567,63.97263757008746,1597.4830176410433,103.7051700929831,0.546875,2
51,9,1028.6262396142147,257.62432319469156,1288.7081986279718,316.90713520230724,0.0,1
51,10,1166.3451789662663,99.85685815041047,1216.3019523010928,141.71384834543392,0.375732421875,2
51,11,1368.3572409912958,42.37191344841562,1381.2321898120426,64.93611370639908,0.36669921875,2
51,12,1766.6420487441749,509.317567429283,1893.0400736251984,623.8832510502527,0.0,2
51,13,1551.1194609267648,22.850385782875055,1580.8805390732352,56.512456727516565,0.289306640625,1
51,14,1610.2797209394464,710.799873668543,1703.0425534845706,796.687137610342,0.0,2
51,16,1105.5278656625583,128.9349248633891,1162.5294322531117,166.40363565937267,0.0,2
51,18,1409.9826535418204,8.375651781608001,1433.5794433399599,36.72613018701478,0.0,1
51,24,981.7071647329235,128.14179496525145,1031.2780155654293,165.19270947261813,0.0,2
51,30,1327.5124371424836,49.6941346070823,1351.0331242066586,81.3966074718684,0.0,2
51,32,1571.986314308221,739.3895821657592,1645.0667384143428,871.9724787601019,0.0,2
51,33,1177.3476582207113,92.17343132399958,1230.0222042286255,136.79804221509545,0.0,2
51,34,1507.4581799823334,22.04371799937728,1519.457548110756,45.64727661809063,0.4580078125,2
51,35,1689.0132725496476,486.0228349303508,1766.9867274503526,579.1221665839612,0.0,2
51,36,1399.8317299581076,25.011142488335956,1414.248541043885,49.63302270185751,0.341552734375,2
51,38,1181.8246245190355,90.91134513057213,1230.2167154289405,136.16733492511435,0.381103515625,1
52,1,1312.0605667849377,473.6220897324562,1387.459773636176,575.7293893474365,0.77978515625,2
52,2,580.9827158631565,366.07159876419166,626.5616901011716,441.0479107000874,0.7734375,2
52,3,966.4569079174722,223.73152772158173,995.7706962056582,269.98080333024745,0.69775390625,2
52,4,737.5145049781978,325.67629557477295,781.8252184199099,399.0375258894395,0.73583984375,2
52,5,1768.1427902608361,489.75941226744357,1909.9788717283675,624.7758328064779,0.408203125,2
52,6,1507.3390693536521,25.582536528284898,1524.1821451010555,49.243037222272164,0.30078125,2
52,7,1326.38194502338,64.85667238313708,1341.3269529446204,90.87415756826746,0.6826171875,2
52,8,1573.5122870577786,63.950768296928345,1597.4877129422214,103.6951474730379,0.544921875,2
52,9,1028.5074994495458,257.60820712278576,1288.766992558693,316.9314878014806,0.0,1
52,10,1167.4456618899746,99.68559806283587,1217.587856125883,141.6270336084178,0.39501953125,2
52,11,1368.0902364454798,43.075441830283786,1381.0401934880283,65.66973273920007,0.385009765625,2
52,12,1766.6671637016386,509.0252439411861,1893.379436419773,623.8757429652294,0.0,2
52,13,1551.0910542381741,22.81563541155723,1580.9089457618259,56.52465728140461,0.275146484375,1
52,14,1611.5709186884724,709.8637378401882,1703.5897545926925,795.0621447862324,0.0,2
52,16,1105.5012300362912,128.97928754109577,1162.519031622301,166.46205823583352,0.25244140625,2
52,18,1403.9060334047294,17.936784059092155,1423.2037441027762,41.348540493937236,0.26513671875,2
52,24,981.7615635698004,128.32599548822802,1031.2144583603879,165.28869492189583,0.0,2
52,30,1327.277914200175,49.540203808720555,1350.8768554188784,81.34815163015976,0.0,2
52,32,1571.453037802975,739.4832839566484,1645.0732918997703,873.0455239992234,0.0,2
52,33,1177.4800369955112,92.65179249913204,1229.9944961342112,137.13677163578987,0.281494140625,2
52,34,1507.4703335813526,22.713071529130303,1519.4531696426357,46.28602767864999,0.43310546875,2
52,35,1688.9967873186015,486.01118161405566,1767.0032126813983,579.1498859244746,0.0,2
52,36,1400.905559258879,24.64671783431779,1415.1583784252016,49.39799447673081,0.281494140625,2
52,38,1181.3497078509165,91.29426716885536,1229.6649398906443,136.38890732851135,0.32763671875,1
53,1,1313.5500880189386,474.1318188115827,1387.921153662592,575.1334469165018,0.78125,2
53,2,580.6462770686205,366.4773171909985,626.1088883062218,441.59100577421276,0.77197265625,2
53,3,965.7373696556655,224.1611796745637,995.0433215100257,270.2831838674274,0.69921875,2
53,4,736.5049471472926,326.08656982364596,780.8731452001585,399.56687369432257,0.73388671875,2
53,5,1768.0525347242108,490.0196116201563,1910.0547293473116,624.9965621385024,0.39892578125,2
53,6,1507.377405864666,25.666842534578045,1524.1587063630946,49.28310097083728,0.304931640625,2
53,7,1325.990700376562,64.88450847603673,1340.9843550827272,90.99972419211056,0.68408203125,2
53,8,1573.509934858994,63.94237897959574,1597.490065141006,103.69118884494131,0.544921875,2
53,9,1028.3887592900649,257.5920910508799,1288.825786484226,316.9558404006539,0.0,1
53,10,1167.7257784576195,99.49382522180409,1218.2362917971686,141.71607724396327,0.3896484375,2
53,11,1368.0108296806666,43.31874042133133,1380.988779064564,65.86146523052642,0.38671875,2
53,12,1766.692278617675,508.7329204530892,1893.7187992557756,623.8682348802062,0.0,2
53,13,1551.0757516783576,22.801322755366368,1580.9242483216424,56.52927958827634,0.267333984375,1
53,14,1612.8621164836522,708.9276020118334,1704.1369556546604,793.4371519621228,0.0,2
53,16,1105.5459751572525,128.95776234111887,1162.5017040925084,166.3997852286334,0.0,2
53,18,1403.1471437513555,18.642870626075176,1422.0922667761645,41.810618416652886,0.26513671875,2
53,24,981.798635615237,130.03812211744813,1031.1963197831064,166.80707327957805,0.2509765625,2
53,30,1327.043391257159,49.38627301035882,1350.7205866318054,81.29969578845112,0.0,2
53,32,1570.9197612208945,739.5769857475375,1645.0798454620326,874.1185692383448,0.0,2
53,33,1177.4862573048308,92.62327022505495,1230.0126220961654,137.1183703470326,0.0,2
53,34,1507.4901145451029,23.025810782708092,1519.4416544835647,46.53005527702739,0.43505859375,2
53,35,1688.9803020897991,485.99952829776043,1767.0196979102006,579.177605264988,0.0,2
53,36,1401.3734463345972,24.499878271201297,1415.4351317524972,49.29546021275783,0.2861328125,2
53,38,1181.1446321390094,91.43786670211986,1229.4885623648818,136.47123194553217,0.33984375,1
54,1,1317.8554942478079,476.36756859613683,1388.1581704299315,571.9742530701214,0.79052734375,2
54,2,578.0845730048516,368.06026825700667,624.0730881179848,443.7055870222024,0.80322265625,2
54,3,960.7465304374524,226.02610775368123,989.6861078715275,271.3591691084207,0.7265625,2
54,4,732.1814417148418,326.67764131797526,778.1957500993977,402.67515050146153,0.74462890625,2
54,5,1768.770815825894,491.355296572523,1909.3237624532853,624.8327058462971,0.3486328125,2
54,6,1507.416266231583,25.821064316828803,1524.1222320753154,49.360899545553856,0.361083984375,2
54,7,1325.8376931304176,66.74438073635388,1340.8921779517934,92.40530837366772,0.71044921875,2
54,8,1573.5405031546604,64.1249551015193,1597.4594968453396,103.75150337148537,0.5390625,2
54,9,1028.270019135772,257.57597497897405,1288.8845804045711,316.98019299982724,0.0,1
54,10,1168.9010087962652,98.67917937562382,1220.379082611933,141.378322915039,0.34521484375,2
54,11,1367.4505802128886,43.13966330186395,1380.5512506153423,65.53795244672492,0.474609375,2
54,12,1766.7173934922832,508.4405969649923,1894.0581621332058,623.8607267951828,0.0,2
54,13,1551.1597239153061,23.042837337869035,1580.8402760846939,56.53099120484315,0.26123046875,1
54,14,1614.153314324986,707.9914661834786,1704.684156670474,791.812159138013,0.0,2
54,16,1105.5907201822683,128.936237141142,1162.4843766586614,166.33751222143331,0.0,2
54,18,1402.9404297363205,19.42765572829274,1421.589890077047,42.34020585037215,0.374755859375,2
54,24,981.3042576717787,130.33304106616492,1031.6921816638182,167.82974494571565,0.3310546875,2
54,32,1570.3864845619796,739.6706875384267,1645.0863991011292,875.1916144774663,0.0,2
54,33,1177.49247762374,92.59474795097785,1230.030748048531,137.0999690582753,0.0,2
54,34,1508.1354510495864,24.604500727833187,1519.8009287493057,47.77628690194315,0.4658203125,2
54,35,1688.9638168632403,485.98787498146527,1767.0361831367595,579.2053246055013,0.0,2
54,36,1401.6323684445824,24.529672697926365,1415.4449580352243,49.21380450487709,0.34521484375,2
54,38,1180.2410512921406,91.2378863749513,1229.2464770956456,136.7529908340109,0.36474609375,1
55,1,1321.4789467794908,476.2645069676275,1390.0640185520897,569.8462167229798,0.830078125,2
55,2,574.4774799764301,370.33929557342697,621.1352655010464,447.1583469491353,0.78515625,2
55,3,957.766881930492,227.18754216475833,986.9277772404083,272.22965904006014,0.73095703125,2
55,4,729.0807704022184,329.3056825225135,774.8797016930534,404.77630137717466,0.70751953125,2
55,5,1768.6359885850081,491.35803158315076,1909.4466622604034,624.7709705832248,0.406494140625,2
55,6,1507.528486512304,26.281178132919365,1524.0079227069646,49.483769763482286,0.357666015625,2
55,7,1325.1806040458964,67.24109966660465,1340.489768377096,92.86219417563316,0.70751953125,2
55,8,1573.6447582230192,64.50383731753354,1597.3552417769808,103.71214102306561,0.525390625,2
55,9,1028.151278986667,257.55985890706825,1288.9433743197283,317.0045455990006,0.0,1
55,10,1169.3750371022848,98.43267427327928,1221.1579972007394,141.188155958994,0.333740234375,2
55,11,1366.7856262076925,42.67737900829097,1379.8859850937436,64.71014803964712,0.53125,2
55,12,1766.7425083254639,508.14827347689544,1894.3975250520634,623.8532187101596,0.0,2
55,13,1551.1794969102161,23.19528246439552,1580.8205030897839,56.593733387384404,0.27197265625,1
55,14,1615.444512212474,707.0553303551237,1705.2313576401339,790.1871663139034,0.0,2
55,16,1105.6354651113384,128.9147119411651,1162.4670493207598,166.27523921423324,0.0,2
55,18,1402.9478719939927,20.200717750379624,1421.4515710384894,43.02003763552864,0.37109375,2
55,24,981.0545993967598,130.4334821054557,1031.9423311296835,168.17637585786284,0.3115234375,2
55,32,1569.8532078262301,739.7643893293159,1645.0929528170607,876.2646597165876,0.0,2
55,33,1177.498697952238,92.56622567690076,1230.0488739913071,137.081567769518,0.0,2
55,34,1508.0304660491279,25.974935084662214,1519.286275888894,48.46389582573607,0.435791015625,2
55,35,1688.947331638925,485.9762216651701,1767.0526683610751,579.2330439460146,0.0,2
55,36,1401.8167855010167,24.75164010048475,1415.346152659504,49.203097524169905,0.385009765625,2
55,38,1179.7482379864978,90.91278232573804,1229.3211386246392,136.8559862151982,0.441650390625,1
56,1,1322.7545121907742,476.5094168821048,1390.6209335445692,569.3906637080735,0.830078125,2
56,2,573.1817820375636,371.16237383036207,620.062602707968,448.41501033995985,0.78515625,2
56,3,956.6316281597999,227.58022258247448,986.0951172947093,272.52205801534683,0.7294921875,2
56,4,727.9639672912043,330.26391118252286,773.7219955634771,405.513038387238,0.70751953125,2
56,5,1768.6347258128174,491.35145301896773,1909.4381588657188,624.748672325665,0.4111328125,2
56,6,1507.5649664063592,26.45161225327545,1523.9677203237832,49.53001779417766,0.357666015625,2
56,7,1324.9059073431426,67.46818218560924,1340.3980961212055,92.95578200692353,0.708984375,2
56,8,1573.6724663115451,64.64578326052728,1597.327533688455,103.6969529284355,0.525390625,2
56,9,1028.03253884275,257.54374283516245,1289.0021682296974,317.028898198174,0.0,1
56,10,1169.4881811471162,98.28009872453976,1221.5076891180954,141.05440704364247,0.33642578125,2
56,11,1367.0155381426555,42.54478704810286,1380.1943751252027,64.37731201185116,0.53125,2
56,12,1766.7676231172168,507.85594998879856,1894.736888012349,623.8457106251362,0.0,2
56,13,1551.1756256303695,23.250702063687132,1580.8243743696303,56.61717498306126,0.27197265625,1
56,14,1616.7357101461157,706.1191945267689,1705.7785585636398,788.5621734897937,0.0,2
56,16,1105.6802099444628,128.8931867411882,1162.449722078804,166.2129662070331,0.0,2
56,18,1403.033721809784,20.46813526065788,1421.452316948821,43.253515144894294,0.3701171875,2
56,24,980.9176811532861,130.45945070103028,1032.0796281732157,168.29547711730095,0.310791015625,2
56,32,1569.3199310136458,739.858091120205,1645.0995066098262,877.337704955709,0.0,2
56,33,1177.5049182903253,92.53770340282365,1230.066999924494,137.06316648076069,0.0,2
56,34,1508.0061826500607,26.47442576019138,1519.0787353125825,48.71515272563116,0.435791015625,2
56,35,1688.9308464168532,485.9645683488749,1767.069153583147,579.260763286528,0.0,2
56,36,1401.9192280741972,24.8302026934113,1415.260070530171,49.18981826899413,0.385009765625,2
56,38,1179.539221465105,90.79084027022176,1229.3841898923508,136.89208867965317,0.43408203125,1
57,1,1324.4594965322533,474.1094406072322,1392.437005113524,567.2724785648056,0.7841796875,2
57,2,571.8735072548486,372.16246598486055,619.1347223270635,450.0557948367884,0.79833984375,2
57,3,955.125224836357,227.43847966218374,985.0409996258314,272.60017909835733,0.7578125,2
57,4,725.7352898407206,332.1786765431053,771.3137072735465,407.2108699526764,0.73876953125,2
57,5,1768.2581939047914,491.0935613821346,1909.806059840122,624.9894815075351,0.39697265625,2
57,6,1507.5351757094625,26.417542604199404,1523.9938957183413,49.577904315773864,0.38671875,2
57,7,1324.1830950342617,67.28247117658857,1340.0151544823802,92.97599172984394,0.67236328125,2
57,8,1573.671721005667,64.57227249603166,1597.328278994333,103.5668207722012,0.51953125,2
57,9,1027.9137987040208,257.5276267632566,1289.0609621344786,317.0532507973473,0.0,1
57,10,1168.8630070570082,99.21452823116438,1220.3137308739233,141.2520485765705,0.36474609375,2
57,11,1366.5691337934647,42.79264191696354,1379.881930114483,64.55199477154098,0.513671875,2
57,12,1766.792737867542,507.5636265007017,1895.076251014062,623.838202540113,0.0,2
57,13,1551.1166030724341,23.26938174051586,1580.8833969275656,56.74979554378874,0.2822265625,1
57,14,1618.0269081259114,705.183058698414,1706.3257594409915,786.937180665684,0.0,2
57,16,1105.7249546816417,128.87166154121132,1162.4323949327938,166.15069319983303,0.0,2
57,18,1402.3747294972954,20.765999717865153,1420.2598194599,43.35198158901373,0.361083984375,2
57,24,980.897864525375,130.73816201357172,1032.0951958714388,168.6002898419145,0.0,2
57,32,1568.7866541242272,739.9517929110942,1645.1060604794268,878.4107501948305,0.0,2
57,33,1177.5111386380017,92.50918112874656,1230.0851258480916,137.0447651920034,0.0,2
57,34,1507.9178977106365,26.45483873841921,1519.0844274754959,49.05183700215065,0.4609375,2
57,35,1688.9143611970248,485.9529150325797,1767.0856388029752,579.2884826270414,0.0,2
57,36,1401.973135670235,24.85441009120718,1415.198847080537,49.23932662236637,0.42626953125,2
57,38,1180.6688252274917,91.1195395262402,1230.2009959893314,136.778546150476,0.4130859375,1
57,41,1318.7893545289955,64.7741192693521,1339.5383385826392,91.4370341748305,0.272705078125,2
58,1,1326.6255543599198,469.99515926792884,1395.4177838795986,564.7962502019843,0.7734375,2
58,2,570.1477552821272,374.4610975875589,617.6828560730044,452.58277873043494,0.77880859375,2
58,3,952.0735736084807,226.6060614301214,983.3123812654609,273.5955585263733,0.78515625,2
58,4,722.8389835695789,333.7146531549269,768.6699453619241,408.78096379198786,0.78125,2
58,5,1767.8288479742353,490.74282911481737,1910.2279337491607,625.3285460137736,0.416748046875,2
58,6,1507.5414652257812,26.525178454590755,1523.9843725582186,49.65727881946806,0.39990234375,2
58,7,1324.2707638593777,67.25882493989785,1340.533534817262,93.65463044243504,0.60595703125,2
58,8,1573.725669882886,64.79066021507182,1597.274330117114,103.51804264687702,0.51953125,2
58,9,1027.7950585704798,257.51151069135074,1289.119756034072,317.0776033965206,0.0,1
58,10,1168.1079052389314,99.5736068919476,1219.3623409486752,141.32881533403426,0.356689453125,2
58,11,1365.905072762893,43.24629560706692,1379.298643022373,64.85589560123603,0.48046875,2
58,12,1766.8178525764397,507.2713030126048,1895.4156140572034,623.8306944550897,0.0,2
58,13,1551.15991493116,23.429222207576863,1580.8400850688397,56.76822420626076,0.279052734375,1
58,14,1619.3181061518612,704.2469228700593,1706.8729602721896,785.3121878415744,0.0,2
58,16,1105.7696993228749,128.85013634123442,1162.4150678827293,166.08842019263292,0.0,2
58,18,1402.207903238776,22.078971958547164,1419.8445001653129,45.03029221801011,0.382080078125,2
58,24,980.8780478354562,131.0168733261132,1032.1107636316697,168.90510256652811,0.0,2
58,32,1568.253377157974,740.0454947019834,1645.1126144258617,879.483795433952,0.0,2
58,33,1177.5173589952674,92.48065885466946,1230.1032517621002,137.0263639032461,0.0,2
58,34,1507.9477186478737,27.08835061349479,1519.0265990280436,49.635624972520105,0.4638671875,2
58,35,1688.89787597944,485.94126171628454,1767.10212402056,579.3162019675547,0.0,2
58,36,1402.0508544047914,25.13721380698363,1415.1064876785733,49.406173218070336,0.478515625,2
58,38,1180.9413239459413,91.18354053011872,1230.6759150875962,136.91999640308126,0.4072265625,1
58,41,1318.583177571367,64.94319278558652,1339.2582297559895,91.51110355073521,0.0,2
59,1,1326.9583686274066,468.49790962925096,1395.862792588728,563.9312705361149,0.7744140625,2
59,2,569.560492481644,375.2903032891842,617.1891273979095,453.4818469408004,0.77734375,2
59,3,950.9541538674908,226.2761865662871,982.7504063647896,273.9491518697779,0.78662109375,2
59,4,721.276441544013,334.23997861146006,767.3214337806021,409.31323257729963,0.78271484375,2
59,5,1767.6305910508736,490.60631234081444,1910.4196232733716,625.4560335528238,0.422607421875,2
59,6,1507.5596482909427,26.56191229191409,1523.9631281353566,49.62417352710611,0.39794921875,2
59,7,1324.3464854209994,67.29912078813194,1340.7063762348653,93.8377909742102,0.60595703125,2
59,8,1573.7309482033324,64.87064580064657,1597.2690517966676,103.50023952314376,0.515625,2
59,9,1027.6763184421268,257.49539461944494,1289.1785499284772,317.10195599569397,0.0,1
59,10,1167.7830677951656,99.7069888739293,1219.043957201162,141.35793026357868,0.35498046875,2
59,11,1365.626962924451,43.403529195732126,1379.1427398194746,64.95925827345039,0.478515625,2
59,12,1766.8429672439095,506.9789795245079,1895.7549771417719,623.8231863700664,0.0,2
59,13,1551.1418456710285,23.456427587668774,1580.8581543289713,56.805291783156505,0.28369140625,1
59,14,1620.609304223965,703.3107870417044,1707.4201610572336,783.6871950174648,0.0,2
59,16,1105.8144438681625,128.82861114125754,1162.3977409286103,166.02614718543285,0.0,2
59,18,1402.2995945423258,22.54965328783154,1419.6153154677693,45.69948072736325,0.382080078125,2
59,24,980.8582310835297,131.29558463865465,1032.1263314539083,169.20991529114167,0.0,2
59,32,1567.7201001148862,740.1391964928725,1645.1191684491312,880.5568406730733,0.0,2
59,33,1177.5235793621223,92.45213658059237,1230.1213776665195,137.0079626144888,0.0,2
59,34,1507.9757687870783,27.312908900383803,1518.991286754882,49.84736320319239,0.46484375,2
59,35,1688.8813907640988,485.9296083999893,1767.1186092359014,579.343921308068,0.0,2
59,36,1402.102909678419,25.239110321797032,1415.0373600462192,49.46258915519793,0.482421875,2
59,38,1181.0110983663562,91.14545908887897,1230.8852314383244,136.90898016735383,0.420654296875,1
59,41,1318.3770006137736,65.11226630182094,1338.9781209293049,91.58517292663991,0.0,2
60,1,1331.3005217072373,463.76271614809787,1400.5776717272101,560.9429899251379,0.75341796875,2
60,2,566.9084531285038,377.0323012568894,615.6173977456352,457.205143343249,0.79443359375,2
60,3,945.9528290511856,226.85801833658107,978.4356946161561,275.7738599864841,0.642578125,2
60,4,718.049024442488,338.71327197561305,763.6854617490491,412.9175926824108,0.7841796875,2
60,5,1767.9724171484693,491.0472032101079,1910.0718758094924,625.0074932949356,0.294189453125,2
60,6,1507.4482243874636,26.2609990288054,1524.0717947652345,49.672913689702995,0.39599609375,2
60,7,1322.7683095723949,67.85450990779329,1339.4429068600143,94.69564606632507,0.5849609375,2
60,8,1573.7837779425106,65.14661769069696,1597.2162220574894,103.49422681605856,0.533203125,2
60,9,1026.0399955953485,257.62164138876403,1288.5128981354205,317.6135060811002,0.29736328125,1
60,10,1169.491769069587,99.38237613074668,1222.0641820714345,141.49321917129123,0.39990234375,2
60,11,1365.547504166551,44.25885149520822,1379.0932932039934,65.61024094394223,0.455078125,2
60,12,1766.8680818699515,506.686656036411,1896.0943402677683,623.8156782850431,0.0,2
60,13,1551.157755134664,23.516630574034668,1580.8422448653362,56.82979284045652,0.0,1
60,14,1621.9005023422228,702.3746512133496,1707.9673617961237,782.062202193355,0.0,2
60,16,1105.8591883175045,128.80708594128066,1162.3804140704372,165.96387417823274,0.0,2
60,18,1401.5232812376894,23.26307363594106,1418.445234626464,46.17811917197169,0.36572265625,2
60,24,980.8384142695954,131.5742959511961,1032.1418993381546,169.51472801575525,0.0,2
60,32,1567.186822994964,740.2328982837618,1645.1257225492352,881.6298859121947,0.0,2
60,33,1177.5297997385665,92.42361430651526,1230.1395035613496,136.9895613257315,0.0,2
60,34,1507.9623109268484,27.195698180005202,1519.0047706227176,49.917052891381196,0.47265625,2
60,35,1688.864905551001,485.91795508369415,1767.135094448999,579.3716406485814,0.0,2
60,36,1401.7324352394014,25.768338981445563,1414.3993419010812,49.601624350008436,0.52734375,2
60,38,1179.5480715017218,92.49718979185653,1229.469648447585,137.77205750206497,0.401611328125,2
60,41,1318.170823656215,65.28133981805537,1338.6980121025854,91.65924230254464,0.0,2
60,42,1400.498957665842,18.90604874296266,1415.9978222215607,42.4477170359427,0.26513671875,2
61,1,1335.6483738706286,460.0559722122233,1404.4305745921333,557.4093476726065,0.75927734375,2
61,2,565.4496097540929,380.09359453239426,613.6212944633567,459.04804407525563,0.79931640625,2
61,3,942.8995312685064,228.038438119716,975.1362702672204,277.4228554986923,0.6533203125,2
61,4,714.4000086445332,342.2147777767057,759.948981336256,415.96017960475524,0.78271484375,2
61,5,1767.5832974479947,490.21852811401834,1910.4555270378282,624.8358546766182,0.315673828125,2
61,6,1507.4724520423547,26.30716150462335,1524.0798133440996,49.6961496749998,0.0,2
61,7,1322.0158675590608,67.86817604690556,1339.1390612729888,95.31614733104817,0.546875,2
61,8,1573.719998567569,64.99813022815768,1597.2800014324307,103.49266060701069,0.53515625,2
61,9,1026.1890666660665,257.6218417591378,1288.263645333259,317.63877832226154,0.2744140625,1
61,10,1169.8702008174496,99.01201483518739,1223.4555598953866,141.5438100785554,0.3876953125,2
61,11,1365.4419316264373,44.69153746785651,1379.1846316660024,66.15617715675343,0.42822265625,2
61,12,1766.893196454566,506.39433254831414,1896.4337034351922,623.8081702000198,0.0,2
61,13,1551.1736645920155,23.576833560400562,1580.8263354079845,56.854293897756534,0.0,1
61,14,1623.1917005066343,701.4385153849947,1708.5145624888594,780.4372093692454,0.0,2
61,16,1105.9039326709008,128.78556074130375,1162.3630873082095,165.90160117103264,0.0,2
61,18,1401.3462693036236,23.010901082594735,1417.9721113349706,45.77333255969809,0.341552734375,2
61,24,980.8185973936536,131.85300726373754,1032.1574672844085,169.8195407403688,0.0,2
61,32,1566.653545798207,740.326600074651,1645.132276726174,882.7029311513162,0.0,2
61,33,1177.5360201245996,92.39509203243817,1230.1576294465904,136.97116003697423,0.0,2
61,34,1507.8393802788141,26.736630096911234,1519.129941189009,49.841656324886635,0.482421875,2
61,35,1688.8484203401467,485.90630176739893,1767.1515796598535,579.3993599890947,0.0,2
61,36,1402.0737582160502,25.899868936794228,1414.6657256293524,49.70985169731429,0.509765625,2
61,38,1179.287905045605,92.88271886276385,1229.6367832314425,138.22040575339082,0.422607421875,2
61,41,1316.6144539255258,66.69161734491752,1338.4476557747553,95.09201622967754,0.356689453125,2
61,42,1399.7579055263034,17.431060373579356,1414.4630783238083,39.56377673298418,0.28369140625,2
62,1,1337.3733472925255,458.7124729150734,1405.6453333063425,556.1362319243743,0.75927734375,2
62,2,564.7912821689094,381.21690890943177,613.0976826214593,460.1655733432795,0.79931640625,2
62,3,941.9574005629376,228.47233092981494,973.7996865390215,278.0276749154666,0.6513671875,2
62,4,713.0716725023378,343.461278717754,758.6898836208642,417.0340923556661,0.78271484375,2
62,5,1767.4146076974744,489.9055047684831,1910.6197676366025,624.7717663177141,0.32177734375,2
62,6,1507.4966797656853,26.353323980441296,1524.0878318545251,49.71938566029662,0.0,2
62,7,1321.7238845554314,67.86216717732053,1339.0550737695878,95.53881185631268,0.54296875,2
62,8,1573.684949643677,64.9395152714896,1597.3150503563227,103.49263259791456,0.533203125,2
62,9,1026.3423113869371,257.6218474903866,1288.0757014345515,317.64756787137384,0.267333984375,1
62,10,1169.8089071121285,98.80967966355234,1224.1694322216772,141.62410585679166,0.384033203125,2
62,11,1365.380967646247,44.83950520415743,1379.2657442355273,66.34893755940135,0.42626953125,2
62,12,1766.9183109977528,506.10200906021726,1896.7730666440443,623.8006621149965,0.0,2
62,13,1551.189574043083,23.637036546766456,1580.810425956917,56.87879495505655,0.0,1
62,16,1105.9486769283512,128.76403554132688,1162.3457606419272,165.83932816383256,0.0,2
62,18,1401.36449719432,22.894619498660607,1417.7875335611607,45.60015976459992,0.341552734375,2
62,24,980.798780455704,132.131718576279,1032.1730352926702,170.12435346498242,0.0,2
62,32,1566.1202685246155,740.4203018655401,1645.1388309799472,883.7759763904376,0.0,2
62,33,1177.542240520222,92.36656975836107,1230.1757553222421,136.95275874821692,0.0,2
62,34,1507.7768296920844,26.554156288143698,1519.1952338276906,49.80591659783454,0.4833984375,2
62,35,1688.8319351315358,485.89464845110376,1767.1680648684642,579.4270793296081,0.0,2
62,36,1402.2153536835951,25.94248159775877,1414.7467036775956,49.74478560608806,0.509765625,2
62,38,1179.0971276955263,92.95887901328877,1229.8014096012175,138.3203639797529,0.4111328125,2
62,41,1316.5132778028892,66.85118744066378,1338.28578057805,95.53747980846356,0.35498046875,2
62,42,1399.517710005336,17.01158021456398,1414.1333057345942,38.77844942439181,0.28369140625,2
63,1,1340.577656235568,454.3154612380079,1410.2981991713714,554.7398288422861,0.80322265625,2
63,2,563.4624743347554,382.5739545649281,612.614462795116,462.4951468732142,0.79296875,2
63,3,940.3554992725053,228.00120381648276,972.7386368982086,278.83953968642464,0.732421875,2
63,4,710.726797086344,344.47871931348004,757.2701672233974,419.1058225282251,0.7734375,2
63,5,1767.3313754268295,489.7877634178486,1910.6989777117706,624.7483954011758,0.2861328125,2
63,6,1507.5209075574553,26.39948645625924,1524.0958502965113,49.74262164559343,0.0,2
63,7,1321.119957717446,67.54046982062621,1338.5632469621921,95.30142412477717,0.57568359375,2
63,8,1573.596638162707,64.66677709977466,1597.403361837293,103.4931680646111,0.5390625,2
63,9,1026.4842874262358,257.622063598712,1287.9275473197952,317.64901054212737,0.291015625,1
63,10,1169.7359330302224,98.91899497276763,1224.4671755206907,141.83892552197813,0.37109375,2
63,11,1365.2716165045522,44.38407918349708,1379.4081906769943,66.16083310476446,0.422607421875,2
63,12,1766.9434254995117,505.8096855721204,1897.1124298943237,623.7931540299733,0.0,2
63,13,1551.2054834878666,23.69723953313235,1580.7945165121334,56.90329601235656,0.0,1
63,16,1105.9934210898564,128.74251034135,1162.328434071591,165.77705515663249,0.0,2
63,18,1401.4064877539174,23.019991116690107,1417.75196538859,46.07832093627556,0.318359375,2
63,24,980.7789634557466,132.41042988882046,1032.1886033629396,170.42916618959597,0.0,2
63,32,1565.5869911741895,740.5140036564293,1645.145385310555,884.849021629559,0.0,2
63,33,1177.5484609254338,92.33804748428398,1230.1938811883049,136.93435745945962,0.0,2
63,34,1507.6870874571302,26.07489703620144,1519.2879919713798,49.630556747890026,0.48046875,2
63,35,1688.8154499251687,485.8829951348086,1767.1845500748316,579.4547986701215,0.0,2
63,36,1401.7694666084144,25.88978676213356,1414.2767692689663,49.752358314719785,0.498046875,2
63,38,1178.9407394602763,92.98070110915172,1229.9565071353488,138.35123323238395,0.420654296875,2
63,41,1316.0806888564023,67.20558937508014,1338.0684142094995,96.17544998475871,0.0,2
63,42,1399.3191663612015,17.115538422064,1414.2258128034982,39.08446099489248,0.287841796875,2
64,1,1342.9636295035336,453.6994432172943,1411.7037652796148,553.7782950399674,0.81640625,2
64,2,561.721522583824,385.0031784502134,610.3319810551224,463.8053146166493,0.7880859375,2
64,3,937.5764940884419,230.36484041816107,968.7850033890094,279.9752714695064,0.74169921875,2
64,4,707.3401941217079,344.6774367117539,754.9590705659965,421.0570693883448,0.7607421875,2
64,5,1767.0577102973323,489.24976619540456,1910.969062351719,624.7405741195453,0.29833984375,2
64,6,1507.2465281551722,25.525235984382423,1524.2705292012552,49.61345215212775,0.322509765625,2
64,7,1320.4959973441344,67.40687975633986,1337.8131332659314,94.82696703546284,0.60205078125,2
64,8,1573.5278540084494,64.43877103772842,1597.4721459915506,103.49382185845383,0.544921875,2
64,9,1026.6087693333739,257.6223595617789,1287.8076686144861,317.64767582782923,0.29736328125,1
64,10,1169.7031309766198,99.08571400843086,1224.5618906949542,141.9194435213134,0.352294921875,2
64,11,1365.0816150340852,43.70734104004724,1379.6305060977963,66.07992743429986,0.42431640625,2
64,12,1766.968539959843,505.5173620840235,1897.4517931860307,623.7856459449499,0.0,2
64,13,1551.2213929263662,23.757442519498245,1580.7786070736338,56.92779706965658,0.0,1
64,16,1106.0381651554158,128.7209851413731,1162.3111075972001,165.71478214943238,0.0,2
64,18,1401.4603906475227,23.60944081607597,1417.7524230062697,47.04706780981731,0.361083984375,2
64,24,980.7591463937816,132.6891412013619,1032.2041714952165,170.73397891420956,0.0,2
64,32,1565.053713746929,740.6077054473184,1645.1519397179973,885.9220668686803,0.0,2
64,33,1177.5546813402348,92.30952521020687,1230.2120070447784,136.91595617070232,0.0,2
64,34,1507.113813632767,25.426442602298597,1518.8793438119912,49.28179211438106,0.48046875,2
64,35,1690.0197476120159,488.9629497533288,1765.9802523879844,579.005714082613,0.272705078125,2
64,36,1401.6277702402908,25.86411911072828,1414.0690266180463,49.688231899313266,0.552734375,2
64,38,1178.804707816413,92.92050145696987,1230.0997392082793,138.2944251800999,0.403564453125,2
64,41,1315.6480999278426,67.55999130949651,1337.8510478230219,96.81342016105388,0.0,2
64,42,1398.964759001994,16.740556885081705,1413.5192471001865,38.190478759291054,0.0,2
65,1,1343.9678831495137,453.5566204996901,1411.9387075221264,553.4896043481077,0.81640625,2
65,2,561.0887911482523,385.86830989254315,609.5549886337681,464.2226184699939,0.78662109375,2
65,3,936.702946803955,231.26236535766816,967.2464467722822,280.3745535801782,0.7431640625,2
65,4,706.3848804517169,344.6967092577701,754.3993336601583,421.73647210786214,0.7607421875,2
65,5,1766.9594606998735,489.04907752472445,1911.064218326658,624.7385706769182,0.301513671875,2
65,6,1507.2483576917348,25.43123509808122,1524.26345763333,49.60289636438506,0.32080078125,2
65,7,1320.286584673907,67.40840791967977,1337.531458112381,94.570317321759,0.60205078125,2
65,8,1573.5346915524476,64.47568719585303,1597.4653084475526,103.49448604448126,0.54296875,2
65,9,1026.7156114860986,257.6226590226667,1287.7086932976592,317.64551211674865,0.30078125,1
65,10,1169.619297070848,99.27370852746893,1224.6470917129275,142.07189944351384,0.350341796875,2
65,11,1365.0618146274683,43.50558925283713,1379.6782684807915,65.91926088704751,0.435791015625,2
65,12,1766.9936543787467,505.2250385959266,1897.791156519166,623.7781378599267,0.0,2
65,13,1551.237302358582,23.81764550586414,1580.7626976414178,56.95229812695659,0.0,1
65,16,1106.0829091250293,128.6994599413962,1162.293781218755,165.65250914223228,0.0,2
65,18,1401.5912691006108,23.880957872062964,1417.6934629916152,47.46162285024711,0.361083984375,2
65,24,980.739329269809,132.96785251390335,1032.2197396895015,171.0387916388231,0.0,2
65,32,1564.5204362428337,740.7014072382076,1645.1584942022741,886.9951121078018,0.0,2
65,33,1177.5609017646248,92.28100293612978,1230.2301328916624,136.89755488194504,0.0,2
65,34,1506.9183306559562,25.26859543332452,1518.703318226855,49.11405076093102,0.4814453125,2
65,35,1689.865833965904,489.0356364372938,1766.134166034096,579.0022107218786,0.27978515625,2
65,36,1401.5856220158282,25.911220976657305,1413.9781431723304,49.72145535247138,0.556640625,2
65,38,1178.6831174643203,92.95417189375056,1230.2308306217096,138.3293228653696,0.4091796875,2
65,41,1315.21551101721,67.91439324391288,1337.6336814186166,97.45139033734905,0.0,2
65,42,1398.6103516653895,16.365575348099412,1412.812681374272,37.296496523689626,0.0,2
66,1,1346.7965716564875,453.0810718965437,1411.373365925064,549.4914323451542,0.74609375,2
66,2,558.3049872321559,386.383106155399,607.9543732308675,467.04046079369215,0.74462890625,2
66,3,933.1667353430694,232.31799763795425,964.0880929802385,282.22790890386716,0.7294921875,2
66,4,701.5222647147714,348.8219216852426,749.033259922833,424.6294042123058,0.7373046875,2
66,5,1767.1526159535592,489.4720579522491,1910.8682858559773,624.7387215350855,0.35302734375,2
66,6,1507.2381610895402,25.384727172848816,1524.2908713824881,49.60972645706792,0.0,2
66,7,1319.0695986142878,68.14639302445576,1336.6103630613798,95.45730468619823,0.525390625,2
66,8,1573.5350336728955,64.49005668200608,1597.4649663271045,103.4951285121088,0.541015625,2
66,9,1026.3626291421729,257.62293522307743,1288.0699923225206,317.89142504274434,0.286865234375,1
66,10,1170.0859061827823,99.22113123020783,1225.1518929159022,141.88002174201085,0.259033203125,2
66,11,1365.071337768803,43.7907230237188,1379.6992557628605,66.15623871931211,0.357666015625,2
66,12,1767.0187687562225,504.9327151078297,1898.1305198937284,623.7706297749033,0.0,2
66,13,1551.2532117845137,23.877848492230033,1580.746788215486,56.976799184256606,0.0,1
66,16,1106.1276529986976,128.67793474141934,1162.2764549362557,165.5902361350322,0.0,2
66,18,1400.8613591377534,23.69147791099811,1416.5290500982283,46.70807585028757,0.27197265625,2
66,24,980.7195120838286,133.24656382644483,1032.235307945794,171.34360436343673,0.0,2
66,32,1563.987158661904,740.7951090290968,1645.1650487633856,888.0681573469233,0.0,2
66,33,1177.567122198604,92.25248066205268,1230.2482587289574,136.87915359318774,0.0,2
66,34,1507.3081018670175,23.942597856389177,1519.1643152100876,47.9055467212391,0.439697265625,2
66,35,1689.90298245389,489.5624350371447,1766.0970175461098,579.0011354481817,0.30908203125,2
66,36,1399.99271770856,25.614259792528863,1412.543173067896,49.544058987545945,0.51171875,2
66,38,1179.705358899534,93.02405213431368,1231.2024555375297,138.39960748832658,0.35400390625,2
66,41,1314.782922124505,68.26879517832924,1337.4163149962844,98.08936051364421,0.0,2
66,42,1398.8967768880834,19.984292713528696,1414.7324617654717,43.45022200737917,0.26904296875,2
67,1,1350.0170625339504,450.7312011860523,1412.8020061638815,546.2916162294646,0.7490234375,2
67,2,555.832977768776,388.4951760582129,605.9292710192841,470.00587778947784,0.79443359375,2
67,3,931.1008825705565,233.67485284152372,961.8113135460928,283.8784720810087,0.67919921875,2
67,4,697.2476784897202,349.84304651631095,745.6145260322163,427.1503470429857,0.70751953125,2
67,5,1767.2110695247538,489.38849434673864,1910.8073175329146,624.4917467922144,0.352294921875,2
67,6,1507.2279643458871,25.33821924761641,1524.3182852731047,49.61655654975078,0.0,2
67,7,1318.219269238275,68.41669931285641,1335.699614433815,95.53542826648656,0.517578125,2
67,8,1573.5330763278962,64.49565365156049,1597.466923672104,103.49569958694977,0.54296875,2
67,9,1026.7656289213865,257.74702118280413,1287.6746102605482,317.85879078159314,0.33984375,1
67,10,1170.265537678125,99.32473458220238,1225.3210775646694,141.8053221210156,0.263671875,2
67,11,1365.1067958684528,44.75916791750627,1379.6911790131546,66.98077088033949,0.32763671875,2
67,13,1551.2691212041616,23.938051478595927,1580.7308787958384,57.00130024155662,0.0,1
67,16,1106.17239677642,128.65640954144243,1162.2591287497019,165.5279631278321,0.0,2
67,18,1400.8577165661404,23.194909004902456,1415.862764725723,45.18153570280519,0.25830078125,2
67,24,980.6996948358404,133.52527513898627,1032.2508762640941,171.64841708805028,0.0,2
67,32,1563.4538810041397,740.8888108199859,1645.1716034013316,889.1412025860445,0.0,2
67,33,1177.5733426421725,92.22395838797559,1230.2663845566633,136.86075230443043,0.0,2
67,34,1507.4941722987683,23.04097196371302,1519.3053481303882,46.861815134321205,0.403564453125,2
67,35,1689.6746762323346,489.25097081125836,1766.3253237676656,579.0006890464513,0.33984375,2
67,36,1399.3120461021858,25.375115853715464,1412.0882921871464,49.288525229954615,0.453369140625,2
67,38,1180.2874663171453,93.2939412678899,1231.3758823930273,138.29761236885884,0.418701171875,2
67,41,1314.3503332497269,68.62319711274561,1337.1989485560248,98.72733068993936,0.0,2
67,42,1398.4858001703997,20.374097698519627,1414.2045933943202,43.55629847552795,0.3115234375,2
68,1,1351.4519392397428,449.92192726310867,1412.9340278059897,545.1777664594404,0.75048828125,2
68,2,554.9673939547599,389.25305088932663,605.1846352654611,471.07638618244766,0.79296875,2
68,3,930.4395953814419,233.91852353894112,960.9872560602525,284.47260595712095,0.673828125,2
68,4,695.7500915776832,350.17790158811,744.3864456326015,428.038522317085,0.70751953125,2
68,5,1767.2188770251544,489.11133419922663,1910.7973295709955,624.1517241979948,0.349609375,2
68,6,1507.2177674607756,25.291711322384007,1524.3456993051798,49.623386642433644,0.0,2
68,7,1317.9003608566443,68.57182342057162,1335.3896027097364,95.61613851396652,0.515625,2
68,8,1573.5304345512086,64.49786747206157,1597.4695654487916,103.49620458288578,0.54296875,2
68,9,1026.9536325361166,257.91811784082654,1287.4937927102073,317.96824816558393,0.33642578125,1
68,10,1170.2662928491256,99.36352239463218,1225.431914582161,141.77593857161366,0.257568359375,2
68,11,1365.1145804986693,45.181733772799134,1379.7078328411617,67.347277368365,0.32080078125,2
68,13,1551.2850306175255,23.99825446496182,1580.7149693824745,57.025801298856635,0.0,1
68,16,1106.2171404581968,128.63488434146555,1162.2418026590935,165.46569012063202,0.0,2
68,18,1400.8955020996184,22.92943000128631,1415.634060052403,44.466586161663415,0.256103515625,2
68,24,980.6798775258446,133.80398645152772,1032.2664446444019,171.95322981266386,0.0,2
68,32,1562.9206032695408,740.9825126108751,1645.178158116112,890.214247825166,0.0,2
68,33,1177.57956309533,92.19543611389848,1230.2845103747798,136.84235101567313,0.0,2
68,34,1507.5468827883346,22.70367608395359,1519.379254695051,46.53023880114024,0.403564453125,2
68,35,1689.546033738366,489.1274706848209,1766.453966261634,579.0004864639947,0.3310546875,2
68,36,1398.9860849468155,25.220282963109426,1411.999148395756,49.18957089153773,0.447509765625,2
68,38,1180.4409761052934,93.2668282855838,1231.503394746611,138.25454405341762,0.394287109375,2
68,41,1313.9177443928763,68.97759904716199,1336.9815820978383,99.36530086623453,0.0,2
68,42,1398.3612571465583,20.443836625320785,1414.005786654167,43.396569442043116,0.313232421875,2
69,1,1354.744713000811,449.43373101291826,1414.0528650586607,542.5942394744156,0.7431640625,2
69,2,553.8673304250249,391.2084359256422,603.8245532967672,472.64177120637714,0.76220703125,2
69,3,928.7031101418034,233.48980557984746,959.3687893735912,284.90754352331896,0.69091796875,2
69,4,693.4402281807236,353.19578798495303,740.9380197153129,429.2887564234224,0.708984375,2
69,5,1767.2086345128046,489.50493179776544,1910.8056587172227,624.5210778097169,0.34423828125,2
69,6,1507.2075704342055,25.245203397151602,1524.373113478713,49.630216735116505,0.0,2
69,7,1316.6810241803053,70.916129759193,1333.4342865189615,97.06378396079643,0.533203125,2
69,8,1573.6577237743277,64.99428503714566,1597.3422762256723,103.49665110998158,0.529296875,2
69,9,1027.505215259026,257.98203816591786,1286.9484987666613,317.75956038304383,0.285400390625,1
69,10,1169.984339037095,99.74953040898427,1224.7452027224701,141.6400995044616,0.25830078125,2
69,11,1364.527314674497,45.8277000294376,1379.324957261214,68.03328380656406,0.34326171875,2
69,13,1551.3009400246056,24.058457451327715,1580.6990599753944,57.05030235615665,0.0,1
69,16,1106.261884044028,128.61335914148864,1162.2244766644308,165.40341711343189,0.0,2
69,18,1400.422405495749,23.106300223966528,1415.0560803760693,44.490475127604284,0.0,2
69,24,980.6600601538411,134.08269776406917,1032.2820130867174,172.25804253727742,0.0,2
69,32,1588.8254769003797,731.6866272361992,1662.8848277896748,846.2952986344245,0.28369140625,2
69,33,1177.5857835580769,92.16691383982139,1230.3026361833072,136.82394972691586,0.0,2
69,34,1507.6410763789158,22.491727904454407,1519.3332770283162,45.94830346312021,0.381103515625,2
69,35,1689.8076799991748,490.0739941912488,1766.1923200008252,579.0003795220617,0.25244140625,2
69,36,1398.4357879176116,25.346640098223084,1411.4189803377137,49.15136823191331,0.439697265625,2
69,38,1180.1705723858552,93.6865475408973,1230.8795895316073,138.17318741667157,0.443603515625,2
69,41,1313.4851555539528,69.33200098157835,1336.7642156217241,100.00327104252969,0.0,2
69,42,1397.86279499283,20.71037104399896,1413.4018287950557,43.58136663126926,0.262939453125,2
70,1,1359.7282908337475,444.80548563427277,1420.585708490047,540.7049751664024,0.75341796875,2
70,2,551.9790607251867,393.13300411153153,601.9323523066369,474.8943952103907,0.72314453125,2
70,3,926.0869329876683,235.1409743267101,955.9479595406174,285.65337999079975,0.6826171875,2
70,4,690.8890214616937,357.27081543137405,737.5360882983465,431.6745661666821,0.69921875,2
70,5,1767.3354933057342,489.1605963522478,1910.6771121169452,624.1673464415343,0.39892578125,2
70,6,1507.197373266177,25.198695471919198,1524.4005277937051,49.63704682779937,0.0,2
70,7,1316.2450463908028,72.04547109854701,1332.715321816829,97.72722824222706,0.56591796875,2
70,8,1573.692865703302,65.05744609576007,1597.3071342966978,103.37254875779423,0.51953125,2
70,9,1026.8228381451272,257.75657347475516,1286.6428809636736,317.67885359178746,0.30908203125,1
70,10,1170.295657476458,99.89436761423539,1225.046063453957,141.58819810730492,0.2783203125,2
70,11,1363.611065646781,46.061602105914154,1378.8968408978526,68.59104495605209,0.312255859375,2
70,13,1551.3168494254016,24.11866043769361,1580.6831505745984,57.074803413456664,0.0,1
70,16,1106.3066275339136,128.59183394151177,1162.207150765714,165.3411441062318,0.0,2
70,18,1399.949307510065,23.283170446646746,1414.478102081551,44.514364093545154,0.0,2
70,24,980.6402427198299,134.36140907661064,1032.2975815910406,172.56285526189103,0.0,2
70,32,1589.6377756549653,731.3909424220742,1663.3762219187756,845.5025238268344,0.0,2
70,33,1177.592004030413,92.13839156574429,1230.3207619822454,136.80554843815855,0.0,2
70,34,1506.7230659724357,22.23445850238794,1518.2779639916635,45.30055421796766,0.374755859375,2
70,35,1689.89411664752,490.2758615247639,1766.10588335248,579.0009359829278,0.0,2
70,36,1397.7677072365475,25.828759498041258,1410.6838506147205,49.38485121255485,0.455078125,2
70,38,1180.129243134269,94.02702684701919,1230.5763093106207,138.07712113055803,0.49609375,2
70,41,1313.0525667329566,69.68640291599472,1336.546849127683,100.64124121882486,0.0,2
70,42,1397.5779934877485,20.961946698798393,1413.056637253043,43.74405606759114,0.0,2
71,1,1361.5520673546478,443.1501658233929,1422.8726130118466,540.0596235446932,0.75341796875,2
71,2,551.5057748645587,394.05489582570135,601.0833007758613,475.43480534856474,0.7216796875,2
71,3,924.748812703353,235.74908075605384,954.1570176847188,285.89777361244154,0.6826171875,2
71,4,689.7737845506765,358.72686906574506,736.133769241061,432.49549329951043,0.69287109375,2
71,5,1767.4477332496062,489.03212292675613,1910.5633822492841,624.0351949996417,0.39892578125,2
71,6,1507.18717595669,25.152187546686793,1524.4279422501556,49.64387692048223,0.0,2
71,7,1316.1024098048808,72.44338612109516,1332.4791668642617,97.9575644571817,0.56201171875,2
71,8,1573.6934481582284,65.07906984070422,1597.3065518417716,103.32646072039998,0.51953125,2
71,9,1026.6317022070093,257.91877531700237,1286.4664565557325,317.89557233278066,0.30322265625,1
71,10,1170.269817682534,99.82178021782738,1225.2892708288189,141.56888247037276,0.282958984375,2
71,11,1363.1638665782548,46.140070082373356,1378.850343519661,68.91375516464035,0.29833984375,2
71,13,1551.3327588199138,24.178863424059504,1580.6672411800864,57.09930447075668,0.0,1
71,16,1106.3513709278536,128.5703087415349,1162.1898249629428,165.27887109903173,0.0,2
71,18,1399.4762081425656,23.460040669326965,1413.9001251688471,44.53825305948603,0.0,2
71,24,980.6204252238109,134.6401203891521,1032.3131501573716,172.86766798650459,0.0,2
71,32,1590.4500757668366,731.0952576079493,1663.8676146905907,844.7097490192444,0.0,2
71,33,1177.5982245123382,92.1098692916672,1230.3388877715945,136.78714714940125,0.0,2
71,34,1506.3379084418943,22.08486132698493,1517.924960088835,45.13033096402337,0.376708984375,2
71,35,1689.9805533994838,490.4777288582791,1766.0194466005162,579.001492443794,0.0,2
71,36,1397.5090399949795,25.977757249320526,1410.4361172069341,49.44110288175527,0.447509765625,2
71,38,1180.0485398369622,94.1484886200352,1230.5258883666963,138.03904226879644,0.494140625,2
71,41,1312.6199779298877,70.04080485041108,1336.3294826157144,101.27921139512,0.0,2
71,42,1397.2931919870489,21.213522353597824,1412.7114457066489,43.906745503913015,0.0,2
72,1,1367.921535042267,444.0734005218536,1427.749720165201,537.917188569648,0.6875,2
72,2,548.3197429188285,398.7981549828755,597.4569467384346,480.0193030106433,0.76611328125,2
72,3,922.4456266573945,241.15826321213478,950.4825265661319,288.4367621268714,0.689453125,2
72,4,685.6347651873671,361.1940141340617,733.0386100870571,436.22785996811285,0.7578125,2
72,5,1768.0891864478442,488.49058277016655,1911.9031248800472,624.4834389709953,0.367431640625,2
72,6,1507.1769785057445,25.10567962145439,1524.4553568480644,49.65070701316509,0.0,2
72,7,1316.0685286307173,73.19641759757215,1332.4174032017,98.90406578886049,0.61669921875,2
72,8,1573.7477052504119,65.33368591149514,1597.252294749588,103.30990289190734,0.51171875,2
72,9,1026.1299847028338,257.73191659983377,1287.8276438320786,318.2245696125668,0.26123046875,1
72,10,1170.0595143914625,99.41973619188212,1225.568838302998,141.43775844766648,0.25244140625,2
72,11,1362.9044716756196,46.404020718724524,1378.6402629346271,69.24925784562943,0.0,2
72,13,1552.5816962597144,23.49885795120754,1582.3607320586389,56.86444957005966,0.250244140625,1
72,16,1106.396114225848,128.54878354155798,1162.1724992561171,165.2165980918316,0.0,2
72,18,1399.0031073932516,23.636910892007183,1413.3221496379585,44.56214202542691,0.0,2
72,24,980.6006076657843,134.91883170169353,1032.3287187857104,173.17248071111817,0.0,2
72,32,1591.2623772359939,730.7995727938244,1664.3590061051202,843.9169742116544,0.0,2
72,33,1177.6044450038526,92.08134701759009,1230.3570135513542,136.76874586064395,0.0,2
72,34,1507.2886835486913,21.664092990056595,1518.6978160742058,44.20629146133455,0.36669921875,2
72,35,1690.0669902550665,490.6795961917942,1765.9330097449335,579.0020489046601,0.0,2
72,36,1396.5714921817341,26.745909315718418,1409.2168680625334,49.802989324444184,0.5390625,2
72,38,1179.470040255505,94.12526524591807,1230.0584477533757,138.08569392519263,0.443603515625,2
72,41,1312.187389144746,70.39520678482745,1336.1121160858186,101.91718157141517,0.0,2
72,42,1397.0083904907308,21.465098008397252,1412.3662541558726,44.0694349402349,0.0,2
73,1,1372.6355191550006,443.0185630105848,1432.1134941944767,535.6858566837851,0.70751953125,2
73,2,545.6160458235422,401.02839891928267,594.7288673625094,482.6745875517665,0.7744140625,2
73,3,920.6720967894231,244.0684482348915,948.1871215451049,290.2451613531769,0.6806640625,2
73,4,681.268365016744,362.053819057294,729.9277927856108,439.0430112955747,0.822265625,2
73,5,1767.1294502468777,487.7954572813079,1911.6300481432665,625.148492369862,0.39794921875,2
73,6,1507.1667809133407,25.059171696221984,1524.482771587432,49.65753710584795,0.0,2
73,7,1314.943620931246,73.6443719721516,1331.5550652803413,99.55279748498577,0.57763671875,2
73,8,1573.6857926561129,65.30281467830905,1597.3142073438871,103.42906092898761,0.515625,2
73,9,1026.6114469243741,257.6609396200325,1288.6640999397264,318.34698981297646,0.260498046875,1
73,10,1169.9312761126205,100.5050034415585,1224.7213072506863,141.76024767810674,0.345947265625,2
73,11,1362.6450766809444,46.667971355075686,1378.4301824416325,69.58476052661851,0.0,2
73,13,1552.6771241990605,23.512235492098526,1582.4514415716128,56.87254381909027,0.0,1
73,16,1106.4408574278964,128.5272583415811,1162.155173645237,165.15432508463152,0.0,2
73,18,1398.5300052621228,23.8137811146874,1412.7441754888848,44.58603099136778,0.0,2
73,24,980.5807900457501,135.19754301423498,1032.3442874760567,173.47729343573172,0.0,2
73,32,1592.0746800624368,730.5038879796995,1664.8503961623635,843.1241994040645,0.0,2
73,33,1177.6106655049562,92.052824743513,1230.3751393215248,136.75034457188667,0.0,2
73,34,1507.6335077991557,21.26479861584577,1519.0152031187374,43.61959328555518,0.34326171875,2
73,35,1690.1534272142678,490.88146352530936,1765.8465727857322,579.0026053655263,0.0,2
73,36,1396.2463830706506,27.093700777826857,1408.7570878405913,50.000079326762986,0.53515625,2
73,38,1179.3555684416262,94.60777850045736,1229.7823368598197,138.2262734397729,0.517578125,2
73,41,1311.7548003775316,70.74960871924382,1335.8947495379957,102.55515174771034,0.0,2
73,42,1396.7235889987944,21.71667366319668,1412.0210626007151,44.23212437655677,0.0,2
74,1,1374.1629736738191,442.68396938835224,1433.7308534574745,534.9301926809054,0.708984375,2
74,2,544.69723270006,402.0522431038224,593.7178340838311,483.8506697341844,0.7734375,2
74,3,920.0687052469958,245.0763105232544,947.469337606907,290.86303272399687,0.67919921875,2
74,4,679.4504841281416,362.3171214528579,728.5952038636506,440.04485844254526,0.8232421875,2
74,5,1766.9655248355261,487.5372015489735,1911.3199184200232,625.4002624955882,0.400634765625,2
74,6,1507.1565831794783,25.01266377098958,1524.5101864682579,49.66436719853081,0.0,2
74,7,1314.4687533312483,73.73030992393929,1331.3212004832149,99.84188356286572,0.57763671875,2
74,8,1573.6534128582061,65.28876584258343,1597.3465871417939,103.47422030055021,0.513671875,2
74,9,1026.9251936629948,257.6341031173801,1288.8528679169112,318.39077392196873,0.262939453125,1
74,10,1169.8013414510153,100.91723514309697,1224.4670759317528,141.88377913082473,0.342529296875,2
74,11,1362.3856815942295,46.93192199142685,1378.2201020406776,69.9202632076076,0.0,2
74,13,1552.7725521379239,23.52561303298951,1582.5421510850701,56.880638068120874,0.0,1
74,16,1106.4856005339996,128.5057331416042,1162.1378481303027,165.09205207743142,0.0,2
74,18,1398.056901749179,23.99065133736762,1412.1662027216257,44.60991995730865,0.0,2
74,24,980.5609723637081,135.47625432677646,1032.3598562284108,173.78210616034534,0.0,2
74,32,1592.8869842461656,730.2082031655746,1665.3417848623212,842.3314245964744,0.0,2
74,33,1177.616886015649,92.0243024694359,1230.3932650821064,136.73194328312937,0.0,2
74,34,1507.327560803798,21.188735531444475,1518.5667474447494,43.41551744580991,0.34326171875,2
74,35,1690.239864277088,491.08333085882447,1765.760135722912,579.0031618263923,0.0,2
74,36,1396.1383028998155,27.21674816673059,1408.6025839109247,50.132897430178055,0.53515625,2
74,38,1179.251582223995,94.78354179809007,1229.7442497157158,138.27783930901956,0.509765625,2
74,41,1311.3222116282443,71.10401065366018,1335.6773829722451,103.19312192400548,0.0,2
74,42,1396.4387875112395,21.96824931799611,1411.6758710411755,44.39481381287865,0.0,2
75,1,1375.8716569984888,442.6128880436744,1434.9700878463393,534.2193889090297,0.68603515625,2
75,2,543.5758702912674,404.8410691649468,591.7709868040702,485.20550558117395,0.74755859375,2
75,3,918.3599986941958,246.77597160684456,945.8338054912265,291.6777096228344,0.6826171875,2
75,4,676.3080627295891,362.8378178283919,726.3173873966201,441.824128987097,0.8154296875,2
75,5,1767.9314203266038,486.95253064824595,1912.145816983709,624.9999355425671,0.400634765625,2
75,6,1507.9572203415403,18.958230053159156,1523.5489428855394,40.807218632683735,0.27587890625,2
75,7,1313.08677587521,72.13352136559544,1330.4966694522548,99.56208105171356,0.5302734375,2
75,8,1573.6000742290103,65.09510908291836,1597.3999257709897,103.4293999008282,0.51953125,2
75,9,1027.1603047558285,257.62430350182024,1288.805014128784,318.4045259263623,0.289306640625,1
75,10,1169.39460472278,100.69178354186099,1224.7257350889483,142.05372436216015,0.367431640625,2
75,11,1362.1262864154749,47.195872627778016,1378.0100217317627,70.2557658885967,0.0,2
75,13,1552.8679800763043,23.538990573880497,1582.6328605990104,56.88873231715148,0.0,1
75,16,1106.5303435441567,128.48420794162732,1162.1205227113137,165.02977907023134,0.0,2
75,18,1397.5837968544201,24.167521560047838,1411.5882313361817,44.633808923249525,0.0,2
75,24,980.5411546196583,135.7549656393179,1032.3754250427726,174.0869188849589,0.0,2
75,32,1593.69928978718,729.9125183514495,1665.8331722049927,841.5386497888843,0.0,2
75,33,1177.623106535931,91.9957801953588,1230.4113908330985,136.71354199437206,0.0,2
75,34,1507.6745622793562,20.701880885486595,1518.937532687256,42.822869880551764,0.35302734375,2
75,35,1690.3263014435267,491.28519819233964,1765.6736985564733,579.0037182872585,0.0,2
75,36,1395.0563800879465,27.131540448931595,1407.6231632448817,50.36592525727991,0.541015625,2
75,38,1179.0333746086321,94.78020521335596,1229.9150134552654,138.4821443906963,0.59619140625,2
75,41,1310.8896228968845,71.45841258807656,1335.4600163885677,103.83109210030065,0.0,2
75,42,1396.1539860280666,22.219824972795543,1411.3306794772545,44.557503249200536,0.0,2
76,1,1380.4147529527143,439.39213788241295,1440.2978453041906,531.7756641755745,0.7890625,2
76,2,541.3972159531996,406.5707583406499,589.9436589180682,487.3755159185222,0.74609375,2
76,3,912.6649144231666,245.45556611054542,941.3821221739463,292.8169226571923,0.73388671875,2
76,4,672.5397693541253,363.96103662285475,723.2975217742204,444.3968083820692,0.77978515625,2
76,5,1767.5447793365165,486.73839307684693,1911.2340462076093,624.8452510123946,0.37939453125,2
76,6,1507.9187498709505,18.610137955786843,1523.5842458686263,40.346729452001995,0.281494140625,2
76,7,1311.626325439741,71.8925453870773,1329.2121074658476,100.05606800866124,0.556640625,2
76,8,1573.5427028959668,64.89651311511335,1597.4572971040332,103.41253499454434,0.5234375,2
76,9,1027.0611108928404,257.61330120663484,1289.031579611091,318.46926188317855,0.0,1
76,10,1169.34311331953,99.85980644896914,1225.7102733600402,141.86819941585205,0.39599609375,2
76,11,1361.8668911446805,47.45982326412918,1377.7999415148875,70.59126856958578,0.0,2
76,13,1552.9634080142016,23.552368114771483,1582.7235701134332,56.896826566182085,0.0,1
76,16,1106.5750864583686,128.46268274165044,1162.1031973882707,164.96750606303124,0.0,2
76,18,1397.1106905778463,24.344391782728056,1411.0102613325525,44.6576978891904,0.0,2
76,24,980.5213368136009,136.03367695185935,1032.3909939191421,174.39173160957247,0.0,2
76,32,1594.5115966854805,729.6168335373246,1666.3245581903786,840.7458749812944,0.0,2
76,33,1177.629327065802,91.9672579212817,1230.4295165745013,136.69514070561476,0.0,2
76,34,1507.7561719006721,20.436100000536506,1519.1254556167416,42.64691024212657,0.3603515625,2
76,35,1690.4127387135843,491.48706552585475,1765.5872612864157,579.0042747481247,0.0,2
76,36,1394.5975187449772,27.15589300318596,1407.3365526110222,50.573538106924666,0.57958984375,2
76,38,1178.964431370619,95.02077495359485,1229.9714839879016,138.5568385653679,0.6318359375,2
76,41,1310.6200225870653,69.97121993624934,1332.4285202948267,98.91421036221897,0.260498046875,2
76,42,1395.8691845492751,22.47140062759497,1410.9854879089517,44.720192685522406,0.0,2
77,1,1381.9315328682655,438.2363703683313,1442.2684955911707,530.9232047298366,0.79052734375,2
77,2,540.61751363171,407.15437934803555,589.3403032474502,488.12096706182473,0.74609375,2
77,3,910.7122869149783,244.95909408634483,939.7297588211679,293.21335039446774,0.732421875,2
77,4,671.2392218967797,364.33817723047116,722.1836526127502,445.3141551002851,0.77587890625,2
77,5,1767.5547023016038,486.6662624706732,1910.7256059839485,624.7856831894154,0.3896484375,2
77,6,1507.8729315797816,18.49298899078045,1523.629302939547,40.191885859600774,0.280517578125,2
77,7,1311.1602037387624,71.78908900111578,1328.6561990187813,100.23418650596186,0.556640625,2
77,8,1573.5202346954438,64.88260638617078,1597.4797653045562,103.46820550571493,0.5234375,2
77,9,1026.9619173735962,257.60229891144945,1289.2581447496543,318.5339978399948,0.0,1
77,10,1169.2749253775082,99.54293503007838,1226.127420407896,141.79687350161686,0.39697265625,2
77,11,1361.6074957818464,47.72377390048034,1377.589861390052,70.92677125057486,0.0,2
77,13,1553.0588359516162,23.565745655662468,1582.8142796283396,56.90492081521269,0.0,1
77,16,1106.6198292766346,128.44115754167353,1162.0858721611733,164.90523305583113,0.0,2
77,18,1396.6375829194578,24.521262005408275,1410.4322927107385,44.68158685513127,0.0,2
77,24,980.5015189455357,136.3123882644008,1032.4065628575192,174.69654433418603,0.0,2
77,32,1595.323904941067,729.3211487231997,1666.815942818479,839.9531001737043,0.0,2
77,33,1177.6355476052624,91.93873564720461,1230.4476423063152,136.6767394168575,0.0,2
77,34,1507.768680390369,20.34671394328241,1519.2120136160659,42.59491214880189,0.3603515625,2
77,35,1690.4991760872606,491.6889328593699,1765.5008239127394,579.0048312089908,0.0,2
77,36,1394.4061753760284,27.15963207338084,1407.2787744063412,50.70985092594254,0.57958984375,2
77,38,1178.357891911479,95.10509798615146,1229.5842239072151,138.58244825239467,0.6318359375,2
77,41,1310.5198924982583,69.8796778189726,1332.2661564543303,98.92445839524116,0.26123046875,2
77,42,1395.5843830748656,22.7229762823944,1410.6402963362675,44.88288212184429,0.0,2
78,1,1387.512835659221,432.89224364004076,1449.6893093599645,528.186997706005,0.76904296875,2
78,2,537.3613985860458,410.2752413089775,586.2618170131932,491.2992834891911,0.67724609375,2
78,3,906.6466980519767,245.21251798729187,936.6978168473574,295.2896526782884,0.7373046875,2
78,4,668.3411402717303,368.5963397164553,718.4733250380356,448.2890271087471,0.80908203125,2
78,5,1767.702428942866,486.8950658417551,1910.3879818245352,625.0101668407084,0.416748046875,2
78,6,1507.117941078264,18.968631467285682,1523.378283435948,41.035790217005015,0.29833984375,2
78,7,1311.1431959127517,72.84165116791733,1328.3312372378532,101.1441346176877,0.55712890625,2
78,8,1573.5112093930834,64.75355864938751,1597.4887906069166,103.36569592637844,0.525390625,2
78,9,1026.862724198096,257.59129661626406,1289.4847095444734,318.5987337968111,0.0,1
78,10,1169.4857363974888,98.92829138508444,1227.030823356516,141.52207483899014,0.3876953125,2
78,11,1361.3481003269726,47.9877245368315,1377.3797813572564,71.26227393156394,0.0,2
78,13,1553.1542638885476,23.579123196553454,1582.9049891437285,56.9130150642433,0.0,1
78,16,1106.6645719989551,128.41963234169665,1162.0685470300214,164.84296004863106,0.0,2
78,18,1396.1644738792543,24.698132228088493,1409.8543254707392,44.70547582107214,0.0,2
78,24,980.4817010154629,136.59109957694227,1032.422131857904,175.00135705879964,0.0,2
78,32,1574.6370378039767,727.5364411159449,1654.2096568745367,851.6932788319377,0.405517578125,2
78,33,1177.641768154312,91.9102133731275,1230.46576802854,136.65833812810018,0.0,2
78,34,1507.2322899594976,20.447665770036288,1518.788967166126,42.837572549850336,0.39794921875,2
78,35,1690.5856135645556,491.890800192885,1765.4143864354444,579.0053876698569,0.0,2
78,36,1393.4310753885165,27.712288459219643,1406.2143236766017,50.94233887114221,0.5546875,2
78,38,1178.363650240657,94.69555078481443,1230.204762714169,138.52750008253452,0.5947265625,2
78,41,1310.9870254945893,72.3714240469431,1331.6913010757119,99.81705682439946,0.53125,2
78,42,1395.2995816048374,22.97455193719383,1410.2951047592012,45.045571558166166,0.0,2
79,1,1392.199255956224,429.95387927995057,1454.6117412213812,524.7561206262844,0.75634765625,2
79,2,534.2641016968925,411.3886393503784,584.116652926574,494.4113351225198,0.67041015625,2
79,3,903.7701652321242,246.50057593122003,934.0898402478356,296.53676767330546,0.75341796875,2
79,4,664.3300229289823,370.9136843036035,715.2188427485355,451.5773415869657,0.8056640625,2
79,5,1767.8894657594547,487.2369083436471,1910.129820393425,625.3422399659374,0.42724609375,2
79,6,1506.7459854625297,19.09628926385377,1523.3782236222078,41.42860270810661,0.301513671875,2
79,7,1310.302715274942,73.23938666064727,1327.1253626506646,101.23315274246895,0.56298828125,2
79,8,1573.4745016963489,64.64300849644613,1597.5254983036511,103.3888983514001,0.52734375,2
79,9,1026.1703263534541,257.2882549000878,1289.8846659080564,318.73997801137256,0.256103515625,1
79,10,1169.5791206925342,98.83493519762033,1227.2207315166495,141.50006366936265,0.0,2
79,11,1361.088704780059,48.25167517318266,1377.1697014165006,71.59777661255302,0.0,2
79,13,1553.249691824996,23.59250073744444,1582.9956986596003,56.9211093132739,0.0,1
79,16,1106.70931462533,128.39810714171978,1162.0512219948153,164.78068704143098,0.0,2
79,18,1395.6913634572359,24.87500245076871,1409.2763596125549,44.72936478701302,0.0,2
79,24,980.4618830233824,136.86981088948372,1032.4377009202967,175.3061697834132,0.0,2
79,32,1574.2869552738662,729.8767150120549,1657.469308540835,861.5009347111459,0.367431640625,2
79,33,1177.6479887129508,91.88169109905041,1230.4838937411755,136.63993683934288,0.0,2
79,34,1506.9912682964418,20.432373909628318,1518.668140762892,43.001993155500024,0.39501953125,2
79,35,1690.6720511454694,492.0926675264002,1765.3279488545306,579.005944130723,0.0,2
79,36,1393.0704841911609,27.543767190879034,1405.8345782082167,50.58975834078872,0.548828125,2
79,38,1178.0643122858173,94.10382250798986,1230.7459579594542,138.5667539952165,0.55078125,2
79,41,1311.1554554494971,73.29442586116001,1331.5257568038446,100.13656941449324,0.46875,2
79,42,1395.014780139191,23.22612759199326,1409.9499131777534,45.20826099448804,0.0,2
80,1,1393.7158782137597,428.9059478510711,1456.5043745470173,523.5148137346064,0.7548828125,2
80,2,533.224787211896,411.5069896405749,583.293185549284,495.27553183337596,0.67041015625,2
80,3,902.6875560009873,246.9647981437746,933.2554926255659,296.97320350827033,0.7548828125,2
80,4,662.5898039788829,371.73092105861605,713.9054877211432,452.7479348663243,0.806640625,2
80,5,1768.079152438346,487.37215122524,1909.9145564446771,625.466550266679,0.419677734375,2
80,6,1506.5663982580788,19.156200894314132,1523.4226209163855,41.59103676490716,0.2998046875,2
80,7,1310.0554059806184,73.3803372873285,1326.6435735427287,101.25062937357447,0.56298828125,2
80,8,1573.4632854759927,64.60191226305383,1597.5367145240075,103.3980160282882,0.525390625,2
80,9,1026.3645651035204,257.24992481978893,1289.6805037537652,318.7695350299626,0.26220703125,1
80,10,1169.672504761392,98.74157901015619,1227.4106399029708,141.47805249973516,0.0,2
80,11,1360.8293091411056,48.51562580953383,1376.9596215677843,71.93327929354211,0.0,2
80,13,1553.3451197609618,23.605878278335425,1583.0864081759555,56.92920356230451,0.0,1
80,16,1106.7540571557593,128.37658194174287,1162.0338970555547,164.71841403423088,0.0,2
80,18,1395.2182516534026,25.05187267344893,1408.6983951361856,44.753253752953896,0.0,2
80,24,980.4420649692942,137.14852220202516,1032.4532700446969,175.61098250802678,0.0,2
80,32,1576.170495712754,732.6375355252667,1660.4773987569267,864.9842749288462,0.350341796875,2
80,33,1177.6542092811787,91.85316882497331,1230.5020194442218,136.62153555058558,0.0,2
80,34,1506.9210157458538,20.465020696306915,1518.6040404013736,42.9804067707845,0.394287109375,2
80,35,1690.7584888300019,492.2945348599153,1765.241511169998,579.0065005915892,0.0,2
80,36,1392.9459119217881,27.536955886244264,1405.7172786781148,50.453164313868136,0.54296875,2
80,38,1177.9273613571888,93.87772993495878,1230.9782863191826,138.57992922260144,0.55078125,2
80,41,1311.1996643999555,73.6076197984686,1331.5080401601492,100.23835217003081,0.466796875,2
80,42,1394.7299786779265,23.47770324679269,1409.604721591924,45.37095043080993,0.0,2
80,49,1553.9999990612268,629.625,1620.0000009387732,678.375,0.291748046875,2
81,1,1396.998188697932,428.3364843247168,1459.2096141091802,521.3853820671233,0.76220703125,2
81,2,531.4586880702298,414.43232141202583,581.0489600893927,497.4915221036531,0.75634765625,2
81,3,900.8855000531831,248.34096500645114,931.5535189100059,298.08391254836147,0.75634765625,2
81,4,659.4913500705572,370.9924530288449,712.5986152202629,455.0836961859933,0.77197265625,2
81,5,1769.563518554465,489.4077788473595,1908.4219529355587,624.5210156595082,0.39501953125,2
81,6,1506.4665313790608,19.25090761920372,1523.4777394457515,41.725497466864454,0.29345703125,2
81,7,1310.0290496647851,73.67095360611069,1326.4424723390985,101.49088820968399,0.57861328125,2
81,8,1573.461570936307,64.58733889437946,1597.538429063693,103.40171625343076,0.5234375,2
81,9,1026.176636996448,257.21144822594255,1289.9463400557004,318.8371625261102,0.0,1
81,10,1169.1495041972205,97.99702136485593,1227.9083228044512,141.38778903495768,0.383056640625,2
81,11,1354.8033605731557,42.32047583288399,1369.6483209957623,64.67287958198679,0.263671875,2
81,13,1553.4405476964444,23.61925581922641,1583.1771176927932,56.937297811335114,0.0,1
81,16,1106.7987995902427,128.355056741766,1162.0165722122395,164.65614102703077,0.0,2
81,18,1394.7451384677543,25.228742896129148,1408.120432041631,44.777142718894765,0.0,2
81,24,980.4222468531983,137.4272335145666,1032.468839231105,175.91579523264033,0.0,2
81,32,1575.4805408186385,732.7759069573209,1660.607251132562,866.4090894538209,0.0,2
81,33,1177.660429858996,91.82464655089622,1230.5201451376788,136.6031342618283,0.0,2
81,34,1506.363308056074,20.453868937347416,1518.1221497012991,43.0737170663846,0.39599609375,2
81,35,1690.844926618153,492.49640219343047,1765.1550733818467,579.0070570524554,0.0,2
81,36,1392.3971358516912,27.77854328791245,1405.2139641025094,50.64806897354521,0.53125,2
81,38,1177.7922578375205,93.66758090219952,1231.152978573072,138.58314252162893,0.5078125,2
81,41,1311.0227124360665,74.11729225289521,1331.1778486555256,100.54707887637178,0.0,2
81,42,1394.4451772210434,23.729278901592117,1409.2595300017128,45.5336398671318,0.0,2
81,49,1553.9999990612268,629.625,1620.0000009387732,678.375,0.0,2
82,1,1399.4069707888195,425.7076953719252,1462.7793628416705,520.6604167674923,0.751953125,2
82,2,528.6220076898788,415.9782046938782,579.0361626815443,500.2358238027886,0.7431640625,2
82,3,896.8351211915056,249.69608539669855,927.5300277670058,299.3306509783953,0.615234375,2
82,4,656.8242959172273,373.104976892085,709.8459662156162,457.37165851640407,0.8017578125,2
82,5,1768.111169179663,490.18406527061563,1905.8762061575094,624.1592256075392,0.36572265625,2
82,6,1506.4406294665737,18.98430036709264,1523.4927892336548,41.35007258904878,0.29345703125,2
82,7,1308.7307317945679,74.01839677820965,1325.721939281008,102.68195220575511,0.5908203125,2
82,8,1573.4304024747678,64.52096944210771,1597.5695975252322,103.46518329900955,0.513671875,2
82,9,1025.9887095467484,257.1729716320962,1290.2121757002633,318.9047900222579,0.0,1
82,10,1169.1890502312044,97.83994695102066,1228.121872595841,141.3590995707097,0.0,2
82,11,1354.5185215809452,43.291987867261184,1369.207951162739,66.14159351282106,0.29345703125,2
82,13,1553.535975631444,23.632633360117396,1583.267827210114,56.94539206036572,0.0,1
82,16,1106.8435419287807,128.3335315417891,1161.9992474648705,164.5938680198307,0.0,2
82,18,1394.272023900291,25.405613118809367,1407.542470328891,44.801031684835635,0.0,2
82,24,980.4024286750946,137.70594482710808,1032.4844084795207,176.22060795725395,0.0,2
82,32,1574.7905828123442,732.9142783893751,1660.7371066203762,867.8339039787957,0.0,2
82,33,1177.6666504464024,91.79612427681911,1230.5382708215468,136.584732973071,0.0,2
82,34,1506.232016371345,20.207923604046464,1517.8665721664904,42.49675066844692,0.355712890625,2
82,35,1690.931364509923,492.6982695269456,1765.0686354900768,579.0076135133214,0.0,2
82,36,1391.6782607378443,29.481023152888753,1404.5756389785727,52.08655296487355,0.53125,2
82,38,1177.163541676195,93.71169470626391,1230.811921303254,138.70617779154438,0.548828125,2
82,41,1311.0100237480426,74.25259035456965,1331.722560325688,101.3930079743285,0.418701171875,2
82,42,1394.160375768542,23.98085455639155,1408.91433840712,45.69632930345368,0.0,2
82,49,1553.9999990612268,629.625,1620.0000009387732,678.375,0.0,2
83,1,1400.6646148630302,424.78188456539806,1464.5493133499124,520.4418930135828,0.7490234375,2
83,2,527.4604002687086,416.25907861524536,578.488580648342,501.4498072648034,0.74462890625,2
83,3,895.7892041788409,250.17472128307963,926.6831715110715,299.76289381811625,0.61669921875,2
83,4,655.956577568147,373.86814997280067,708.8248830522128,458.1736573538263,0.8017578125,2
83,5,1768.664810025546,489.46934001940315,1907.830686264941,625.0240107542771,0.3720703125,2
83,6,1506.4037155180151,18.890890579175135,1523.5313096304276,41.21583836478632,0.294189453125,2
83,7,1308.2382957511006,74.14160523668627,1325.4886867746252,103.11884566406229,0.5908203125,2
83,8,1573.423729294604,64.49689200467793,1597.576270705396,103.48924275396726,0.515625,2
83,9,1025.800782754421,257.1344950382499,1290.4780106874537,318.9724175184056,0.0,1
83,10,1169.228595829473,97.68287253718539,1228.335422822946,141.33041010646176,0.0,2
83,11,1354.52882223933,43.58898428003475,1368.9332242481794,66.59309564542241,0.294189453125,2
83,13,1553.6314035659607,23.64601090100838,1583.358536727918,56.953486309396325,0.0,1
83,18,1393.798907951013,25.582483341489585,1406.9645099979666,44.82492065077651,0.0,2
83,24,980.3826104349833,137.98465613964953,1032.499977789944,176.5254206818675,0.0,2
83,32,1574.1006216938708,733.0526498214292,1660.8669652203691,869.2587185037704,0.0,2
83,34,1506.1879424038314,20.18332659227169,1517.7724894301555,42.28489300070513,0.356689453125,2
83,35,1691.0178025053117,492.90013686046075,1764.982197494688,579.0081699741876,0.0,2
83,36,1391.3505602904393,30.115620827349012,1404.4287697746188,52.68665939687578,0.53125,2
83,38,1176.8767991878099,93.72951554088534,1230.7333704801677,138.75133130336516,0.5546875,2
83,41,1310.983335081108,74.40021333099962,1331.8085143508788,101.67129941164657,0.418701171875,2
83,42,1393.8755743204226,24.23243021119098,1408.569146808146,45.859018739775564,0.0,2
83,49,1553.9999990612268,629.625,1620.0000009387732,678.375,0.0,2
84,1,1409.3020028613275,426.47283872270725,1470.6327740901402,516.4808705900084,0.7431640625,2
84,2,523.7418119148333,419.74281708717217,574.8118574662617,505.27663080629713,0.78271484375,2
84,3,891.8045152154807,249.45514868508786,924.1964680113205,301.9891357872559,0.7607421875,2
84,4,651.0724161413495,379.02236078498373,703.3456495161644,461.8442360142578,0.83349609375,2
84,5,1768.7393672292774,489.9396704434989,1906.72231287207,624.6051334139472,0.337158203125,2
84,6,1507.062040834743,18.241386860041622,1523.8726419880481,40.17878260612028,0.28857421875,2
84,7,1308.0553840746422,74.42356026757668,1325.4407264448696,103.51572795472444,0.61328125,2
84,8,1573.4259480806945,64.36523285389625,1597.5740519193055,103.37452091768702,0.5078125,2
84,9,1025.4472092569526,257.232102465058,1290.5942507736506,319.4465386591798,0.29833984375,1
84,10,1169.2681409920267,97.52579812335011,1228.5489734857663,141.30172064221378,0.0,2
84,11,1355.4382550495006,49.638462337359464,1369.949445958858,72.69924944028686,0.294189453125,2
84,13,1553.7268314999944,23.659388441899367,1583.4492462462047,56.96158055842693,0.0,1
84,18,1393.32579061992,25.759353564169803,1406.3865510488567,44.84880961671739,0.0,2
84,24,980.3627921328642,138.26336745219098,1032.515547162375,176.83023340648109,0.0,2
84,32,1576.4126408032257,732.8054233186244,1657.6385679249756,858.9381975084502,0.357666015625,2
84,34,1506.2600387900882,19.494738136521526,1517.6569565179232,41.092223312239895,0.26513671875,2
84,35,1691.104240604319,493.10200419397586,1764.8957593956807,579.0087264350537,0.0,2
84,36,1390.7388854725893,31.58534095113245,1403.900805806707,53.959694748746074,0.405517578125,2
84,38,1177.1023640079409,93.42807868353759,1231.3641276505666,138.8284222000272,0.458984375,2
84,41,1310.4675638633864,74.44246156594564,1331.355822708533,101.51265500568839,0.26123046875,2
84,42,1393.5907728766845,24.484005865990408,1408.2239552047895,46.021708176097434,0.0,2
84,49,1553.9999990612268,629.625,1620.0000009387732,678.375,0.0,2
85,1,1415.1430766704989,427.7413845079728,1475.1810812205083,514.5420118210873,0.71044921875,2
85,2,521.7031534576498,423.4744003418762,572.1910439947131,508.1391377723142,0.7890625,2
85,3,887.5577336891066,250.38264505270433,920.3113158395462,304.0084119825941,0.74609375,2
85,4,647.1868510943333,381.923673812641,699.5119375040169,464.65031789286996,0.8173828125,2
85,5,1769.4726172590285,489.8648328891784,1907.5917422138193,624.6935946320516,0.32861328125,2
85,6,1507.776812399028,17.191400656414707,1524.5399977856748,39.10861141387508,0.301513671875,2
85,7,1307.5724777392256,74.64460682514243,1324.8973602696656,103.77420661461193,0.66552734375,2
85,8,1573.2998504813104,63.883550279874925,1597.7001495186898,103.39288225970387,0.5078125,2
85,9,1025.7639327495951,257.23622636148355,1290.2644335199202,319.51644819232155,0.294189453125,1
85,10,1168.9088679244508,97.81677528945083,1228.2142124691993,141.5292094061233,0.382080078125,2
85,11,1355.7281200296804,51.62513032227821,1370.4376097004076,74.95294972404983,0.37744140625,2
85,13,1553.8222594335452,23.672765982790352,1583.5399557649744,56.96967480745754,0.0,1
85,18,1392.852671907012,25.93622378685002,1405.8085934815617,44.87269858265826,0.0,2
85,24,980.3429737687376,138.54207876473242,1032.531116596814,177.13504613109464,0.0,2
85,32,1575.8318915441794,732.270463820494,1658.007510584134,858.3950783673756,0.45703125,2
85,34,1506.1951734916759,19.291274253777438,1517.532481860358,40.77575669468615,0.0,2
85,35,1691.1906788069452,493.303871527491,1764.8093211930545,579.0092828959199,0.0,2
85,36,1389.9440377903575,31.374150846693112,1403.3050766121025,53.80251339322672,0.37744140625,2
85,38,1177.1413357282593,93.25347828312154,1231.6537739508858,138.91747403140943,0.439697265625,2
85,41,1310.2970674709459,74.82246022711234,1331.1253667044273,101.81494335627501,0.0,2
85,42,1393.3059714373283,24.735581520789836,1407.8787635970518,46.18439761241932,0.0,2
85,49,1553.9999990612268,629.625,1620.0000009387732,678.375,0.0,2
86,1,1416.8872923116833,427.9972101222468,1476.9334968021765,513.6571201696032,0.71044921875,2
86,2,521.0284928133843,424.82374902275876,571.2516818907301,509.14018591226613,0.7890625,2
86,3,886.0737498265925,250.71750778641058,918.7950388149799,304.75552327028254,0.74609375,2
86,4,645.76165114418,382.9494592613263,698.2296906381544,465.6289158578482,0.81640625,2
86,5,1769.756361543748,489.83140203166033,1907.9162773616936,624.72750560529,0.326904296875,2
86,6,1508.06870590444,16.841699125232566,1524.7591993688236,38.691263990652764,0.301513671875,2
86,7,1307.4010633395699,74.59598550640166,1324.7185517589837,103.8567849767261,0.66552734375,2
86,8,1573.2682221077594,63.70384558514371,1597.7317778922406,103.40002999898101,0.5078125,2
86,9,1026.0987977987838,257.2376535545398,1289.9250731570696,319.54005424579447,0.289306640625,1
86,10,1168.8356091275216,97.82012215379842,1228.2555908828556,141.55032834734936,0.381103515625,2
86,11,1355.8455130473194,52.35123071049924,1370.6428570358464,75.77781811735079,0.375732421875,2
86,13,1553.917687366613,23.686143523681338,1583.6306652842272,56.97776905648814,0.0,1
86,18,1392.3795518122893,26.11309400953024,1405.2306372960818,44.89658754859913,0.0,2
86,24,980.3231553426032,138.8207900772739,1032.5466860932604,177.43985885570825,0.0,2
86,32,1575.4304226024492,732.1032278702598,1658.3314528688259,858.2303837548907,0.453369140625,2
86,34,1506.1303083078762,19.087810371033353,1517.4080070881805,40.45929007713242,0.0,2
86,35,1691.2771171131901,493.50573886100614,1764.7228828868097,579.009839356786,0.0,2
86,36,1389.6183555553823,31.279232299330005,1403.144779391663,53.730757842792755,0.375732421875,2
86,38,1177.1765406592997,93.18899843756768,1231.7456246814156,138.94939907857173,0.435791015625,2
86,41,1310.126571090714,75.20245888827904,1330.8949106881125,102.11723170686162,0.0,2
86,42,1393.0211700023535,24.987157175589267,1407.5335719849322,46.347087048741194,0.0,2
86,49,1553.9999990612268,629.625,1620.0000009387732,678.375,0.0,2
87,1,1420.72639390476,428.62960898078586,1480.1617163982683,511.88766807193485,0.67041015625,2
87,2,518.7168311561825,425.754450435316,569.6344191412898,511.4160474310101,0.8056640625,2
87,3,883.942628572075,251.06274702983404,917.030628220419,305.73035638410903,0.77734375,2
87,4,643.5128128149955,385.98692306565033,695.7075075049537,468.1429181176761,0.83203125,2
87,5,1769.834184981702,489.93939226342536,1907.8780035391896,624.722336696396,0.0,2
87,6,1508.259933846986,16.69204243784317,1524.7527969506177,38.269434360290525,0.27978515625,2
87,7,1307.0213539808403,74.81463929128657,1324.0192306040728,103.87366954863322,0.70068359375,2
87,8,1573.33596630401,63.82382545648303,1597.6640336959897,103.3412725929241,0.49609375,2
87,9,1026.4123215062643,257.23893601031335,1289.6084790954594,319.54550375326744,0.312255859375,1
87,10,1168.840083941592,97.71569966113964,1228.3983346691214,141.54754454328457,0.0,2
87,11,1355.4552574357206,52.287380644432446,1370.1935831920691,75.87200248433528,0.385009765625,2
87,13,1554.0131152991978,23.699521064572323,1583.7213748039626,56.98586330551875,0.0,1
87,18,1391.9064303357516,26.28996423221046,1404.6526824924167,44.920476514540006,0.0,2
87,32,1573.775459100376,730.5500528866182,1657.9886769980926,859.6501142554149,0.5927734375,2
87,34,1506.0654432386893,18.884346488289268,1517.2835322013907,40.14282345957868,0.0,2
87,35,1691.3635555230537,493.7076061945213,1764.636444476946,579.0103958176521,0.0,2
87,36,1389.4092784911709,30.35930771473835,1403.2073847490344,53.07067501345735,0.443603515625,2
87,38,1177.0823278859189,92.92003626053344,1231.888900106779,138.95945132292343,0.350341796875,2
87,41,1309.9560747226908,75.58245754944573,1330.6644546595892,102.41952005744822,0.0,2
87,42,1392.7363685717607,25.2387328303887,1407.1883803684314,46.50977648506307,0.0,2
87,49,1553.9999990612268,629.625,1620.0000009387732,678.375,0.0,2
87,51,1354.6354898234617,45.19898536784413,1366.693568705162,70.26075717949293,0.296630859375,2
88,1,1424.827785189279,425.6072188788403,1486.474408501309,511.0601652661247,0.642578125,2
88,2,517.039765625086,427.0287815991546,568.477397414259,513.6798840256367,0.7919921875,2
88,3,881.9890263439173,251.65965471794675,915.7054648843717,307.5289847234976,0.78515625,2
88,4,640.8625061130947,387.808683167887,693.7874930614324,471.2441131662143,0.8115234375,2
88,5,1769.912008251547,490.04738249519033,1907.8397298847947,624.717167787502,0.0,2
88,6,1508.38466409062,16.805719495825265,1524.6886557521455,38.095896310821345,0.256103515625,2
88,7,1306.8883359340457,74.64165311358644,1323.7816228984268,103.86500457331373,0.67236328125,2
88,8,1573.4020903344472,63.997129172934464,1597.5979096655528,103.31908574718442,0.484375,2
88,9,1026.6933607406638,257.3638859640566,1289.3248992513356,319.6678023658348,0.320068359375,1
88,10,1168.8445583759099,97.61127716848085,1228.5410788351394,141.54476073921978,0.0,2
88,11,1355.2925420339975,51.679426697629765,1370.058616365288,75.5676367957246,0.383056640625,2
88,13,1554.1085432312998,23.71289860546331,1583.8120843241813,56.993957554549354,0.0,1
88,18,1391.433307477399,26.466834454890677,1404.0747290705667,44.94436548048088,0.0,2
88,32,1573.0514658923594,727.5100310244057,1657.9808137515192,858.6980327787231,0.529296875,2
88,34,1506.0005782841147,18.68088260554518,1517.159057199988,39.82635684202494,0.0,2
88,35,1691.449994036536,493.9094735280364,1764.5500059634637,579.0109522785183,0.0,2
88,36,1389.8408830381818,30.065465234491626,1403.740002640596,52.75253885364536,0.420654296875,2
88,38,1173.5294974332896,95.77846986921084,1227.5727174314095,140.56360870120545,0.333740234375,2
88,41,1309.7855783668765,75.96245621061244,1330.433998618857,102.72180840803485,0.0,2
88,42,1392.4515671455495,25.490308485188127,1406.8431887475483,46.672465921384955,0.0,2
88,49,1553.9999990612268,629.625,1620.0000009387732,678.375,0.0,2
88,51,1354.4544202183713,45.43316077777758,1366.5082222467008,70.48941189986749,0.318359375,2
89,1,1426.0352631262613,424.53686580619,1488.8563063665217,510.80174084473134,0.64404296875,2
89,2,516.4905960913206,427.4486873842212,568.0831801335969,514.4651005816378,0.7919921875,2
89,3,881.3474394542583,251.86735469055853,915.2417183217269,308.1808632391333,0.78662109375,2
89,4,639.9750779748074,388.43126142957254,693.1250329640127,472.3397761862469,0.810546875,2
89,5,1769.9898313532826,490.15537272695536,1907.8014563985091,624.7119988786081,0.0,2
89,6,1508.4178679420788,16.860289323127468,1524.6697246402364,38.04679657937044,0.257568359375,2
89,7,1306.9097651012682,74.5691505160402,1323.6546156767872,103.85052676532956,0.67236328125,2
89,8,1573.3982503967836,63.941360784288804,1597.6017496032164,103.31107950250583,0.48828125,2
89,9,1026.9413955349107,257.4117101569264,1289.074673399521,319.71080571937244,0.32177734375,1
89,10,1173.6102941354388,92.75886075753411,1234.854648046964,138.87202394577335,0.250244140625,1
89,11,1354.862113758544,51.27169004402772,1369.412778308137,75.3025181972188,0.39599609375,2
89,13,1554.2039711629186,23.726276146354294,1583.9027938448828,57.00205180357996,0.0,1
89,18,1390.9601832372314,26.643704677570895,1403.4967770305313,44.96825444642175,0.0,2
89,32,1573.0062093993922,726.5994512017195,1657.7713801545915,858.3198273045695,0.53515625,2
89,34,1505.9357134441527,18.47741872280109,1517.0345820839727,39.50989022447121,0.0,2
89,35,1691.5364326536371,494.1113408615516,1764.4635673463627,579.0115087393845,0.0,2
89,36,1389.9579795241177,29.9461005980655,1404.0215612435659,52.748945135743,0.42431640625,2
89,38,1172.3539822767434,96.75205817164168,1226.7345965084012,141.1754288570117,0.333740234375,2
89,41,1309.6150820232708,76.34245487177915,1330.2035425659162,103.02409675862147,0.0,2
89,42,1392.16676572372,25.741884139987555,1406.497997122284,46.835155357706824,0.0,2
89,49,1553.9999990612268,629.625,1620.0000009387732,678.375,0.0,2
89,51,1354.3966298536354,45.50160619803812,1366.4767368122834,70.62069327847584,0.338134765625,2
90,1,1433.521138072732,415.7227959302703,1500.32534995695,506.79342904377967,0.76611328125,2
90,2,512.0720032104188,430.4965841121167,564.8951364989757,519.6070868831738,0.72021484375,2
90,3,876.9474825878651,254.2428017113975,910.599376941743,310.2182338294313,0.69580078125,2
90,4,633.3578123660842,389.3337329167697,688.5056712736737,476.36911853415927,0.8232421875,2
90,5,1770.0676542869091,490.26336295872034,1907.763183080333,624.7068299697141,0.0,2
90,6,1508.4589078982426,16.733786090801424,1524.6270281305297,37.76085818676816,0.275146484375,2
90,7,1306.2632746505305,75.15176699769927,1322.3223233288466,103.95719983468211,0.732421875,2
90,8,1573.3377972368464,63.798373745968256,1597.6622027631536,103.4322179161816,0.513671875,2
90,9,1026.2833199179433,257.3060373363793,1289.730835870916,320.0951115944335,0.29833984375,1
90,10,1174.0164703224955,92.1895338008002,1235.6661163796969,138.60780908577289,0.0,1
90,11,1354.7616926542596,51.125736188179616,1369.123598318724,75.29903694720338,0.401611328125,2
90,13,1554.2993990940547,23.73965368724528,1583.9935033660674,57.010146052610565,0.0,1
90,18,1390.4870576152491,26.820574900251113,1402.9188263723113,44.99214341236262,0.0,2
90,32,1572.4671197091802,726.0689414371916,1657.6791653705584,858.483195149325,0.0,2
90,34,1505.8708487188032,18.273954840057005,1516.910106853345,39.19342360691746,0.0,2
90,35,1691.622871374357,494.3132081950667,1764.3771286256429,579.0120652002505,0.0,2
90,36,1389.5253889406843,31.937320937844508,1403.6361087839082,54.66083661133247,0.338134765625,2
90,38,1171.1587305102232,97.10447055075954,1226.2172537151894,141.39452268092876,0.382080078125,2
90,41,1309.444585691874,76.72245353294585,1329.9730865007666,103.32638510920808,0.0,2
90,42,1391.8819643062718,25.993459794786986,1406.1528054926375,46.99784479402871,0.0,2
90,49,1553.9999990612268,629.625,1620.0000009387732,678.375,0.0,2
90,51,1354.345404892604,45.58363811675662,1366.5197857406024,70.9224183496887,0.34326171875,2
91,1,1437.9270353927836,406.14121137519294,1510.6063001616537,505.3355710342595,0.6689453125,2
91,2,508.6414482288175,433.0667942377944,562.1303872736813,522.9566174310704,0.7646484375,2
91,3,873.2638022510065,256.2390391202262,907.0416410464478,312.5535637278614,0.689453125,2
91,4,628.4317295241865,391.33207226264483,684.4572467227008,480.0225901473766,0.83447265625,2
91,5,1770.1454770524265,490.37135319048537,1907.7249099302658,624.7016610608201,0.0,2
91,6,1508.3453878618684,16.82031541010896,1524.7332278071183,37.91706507548335,0.290283203125,2
91,7,1305.0881530647296,75.6155773025784,1320.7919361782901,104.48354233608191,0.73095703125,2
91,8,1573.3265069375298,63.74625772983153,1597.6734930624705,103.47819148324623,0.51171875,2
91,9,1025.355982414225,257.26617068915164,1290.6565714463093,320.7305105422914,0.263671875,1
91,10,1174.4226460948066,91.62020684406629,1236.4775851271747,138.3435942257724,0.0,1
91,11,1354.7742686866081,51.05373766798482,1368.9851846704764,75.40006071924907,0.439697265625,2
91,13,1550.9267976518101,22.697155038077028,1581.1319105074679,56.628563246186985,0.26904296875,1
91,18,1390.0139306114515,26.99744512293133,1402.3408770959056,45.0160323783035,0.0,2
91,32,1571.9280281938659,725.5384316726638,1657.586952411627,858.6465629940805,0.0,2
91,34,1505.8059841080665,18.07049095731292,1516.7856315081049,38.876956989363734,0.0,2
91,35,1691.7093101986954,494.51507552858186,1764.2906898013043,579.0126216611167,0.0,2
91,36,1389.3136311414632,33.36809973961843,1403.5584855176187,56.18600661425837,0.309814453125,2
91,38,1174.5059737322854,95.23526115773129,1230.223677459644,139.97487457041396,0.443603515625,2
91,41,1309.274089372686,77.10245219411254,1329.7426304234084,103.62867345979468,0.0,2
91,42,1391.5971628932057,26.245035449586418,1405.8076138586098,47.16053423035059,0.0,2
91,49,1553.9999990612268,629.625,1620.0000009387732,678.375,0.0,2
91,51,1354.2815483280458,45.867412438084905,1366.5960350908454,71.34560080062658,0.35400390625,2
92,1,1439.562784428589,402.5092954193624,1514.4396151533747,504.8099962040484,0.6669921875,2
92,2,507.34719610204576,433.98841105877057,561.1865200716306,524.1561331358137,0.7646484375,2
92,3,872.0350930101833,257.09190960916186,905.6843991632069,313.2743048910897,0.6875,2
92,4,626.6790613853303,392.0424411325096,682.9391939957918,481.3511338167213,0.83544921875,2
92,5,1770.2232996498346,490.47934342225034,1907.686636948308,624.6964921519261,0.0,2
92,6,1508.2551127751897,16.859771557353785,1524.8155555739004,37.986285283447685,0.289306640625,2
92,7,1304.8000023054221,75.90565585251089,1320.1039120859243,104.67152577500329,0.73095703125,2
92,8,1573.3328908320755,63.72876193169845,1597.6671091679245,103.49546119349753,0.51171875,2
92,9,1025.2645867483443,257.2513928147644,1290.7465679446352,320.9668374695977,0.269775390625,1
92,10,1174.8288214523727,91.05087988733237,1237.2890542893979,138.0793793657719,0.0,1
92,11,1354.8633086112684,51.043197864589125,1368.8693388449042,75.42024855340802,0.439697265625,2
92,13,1550.9018579488195,22.6778682609062,1581.072279375629,56.622430636732,0.26904296875,1
92,18,1389.5408022258393,27.17431534561155,1401.7629292013153,45.03992134424438,0.0,2
92,32,1571.3889348534497,725.0079219081359,1657.4947412777974,858.809930838836,0.0,2
92,34,1505.7411196119422,17.86702707456883,1516.661156048252,38.56049037180999,0.0,2
92,35,1691.7957491266527,494.71694286209697,1764.204250873347,579.0131781219828,0.0,2
92,36,1389.2562677831763,33.95552413147196,1403.5261583673014,56.68571280755427,0.304931640625,2
92,38,1175.7453286526666,94.52660953974477,1231.7658736386115,139.43622691469324,0.420654296875,2
92,41,1309.1035930657065,77.48245085527925,1329.5121743338411,103.9309618103813,0.0,2
92,42,1391.312361484521,26.496611104385845,1405.4624222202003,47.32322366667246,0.0,2
92,49,1553.9999990612268,629.625,1620.0000009387732,678.375,0.0,2
92,51,1354.240957531023,45.963839169877616,1366.6532449851652,71.48808658244441,0.35400390625,2
93,1,1444.2569311564243,404.54216188135723,1516.3617504521017,502.7493015549335,0.6669921875,2
93,2,504.6087782454461,436.72859857388454,558.3077100467716,526.980076222127,0.77734375,2
93,3,870.1827541985797,256.76714324493935,904.772950718895,314.605050030612,0.70751953125,2
93,4,623.7533529447118,393.2290462411563,679.9329581965976,482.74803130317883,0.83447265625,2
93,5,1770.3011220791334,490.58733365401537,1907.6483641344591,624.6913232430322,0.0,2
93,6,1507.618559895736,16.694713045781217,1524.4494227442538,38.02232888002858,0.285400390625,2
93,7,1303.3576501121188,74.3942129662072,1319.2388803398635,104.48364119326911,0.7041015625,2
93,8,1573.2802410939041,63.600698251754466,1597.7197589060959,103.62532186829316,0.525390625,2
93,9,1025.4649981611865,257.1229106161345,1290.5448599289962,320.92683732231797,0.263671875,1
93,10,1175.2349963951935,90.48155293059845,1238.1005238663665,137.8151645057714,0.0,1
93,11,1354.927740209731,50.99535263460861,1368.8152407120685,75.53342895797633,0.435791015625,2
93,13,1550.8412580124348,22.546835636628465,1581.1042571623739,56.68258832004057,0.264404296875,1
93,18,1389.067672458412,27.35118556829177,1401.1849826885395,45.06381031018525,0.0,2
93,32,1570.8498396879315,724.477412143608,1657.4025319690702,858.9732986835913,0.0,2
93,34,1505.6762552304303,17.663563191824743,1516.5366804737864,38.24402375425625,0.0,2
93,35,1691.8821881582287,494.91881019561214,1764.1178118417713,579.013734582849,0.0,2
93,36,1389.0905588158687,34.31521153957149,1403.6782050560153,57.50857083906174,0.3310546875,2
93,38,1175.6312089499665,94.25569875160961,1231.9468785052895,139.35360571586557,0.49609375,2
93,41,1303.5719023469417,74.91835439189774,1324.7826225475394,104.06842621430559,0.3876953125,2
93,42,1391.027560080218,26.748186759185273,1405.117230577409,47.485913102994346,0.0,2
93,49,1553.9999990612268,629.625,1620.0000009387732,678.375,0.0,2
93,51,1354.2317638140426,45.99220626053053,1366.6780750676355,71.65621915735139,0.33642578125,2
94,1,1450.1321192796238,410.7197275252348,1516.577065218349,500.2895635013985,0.65478515625,2
94,2,501.4210293363884,439.43005662170674,555.5621283781405,530.1848526695587,0.81982421875,2
94,3,868.0204730891705,256.13453572076776,904.0694944382356,316.5338388108885,0.71533203125,2
94,4,621.4062531809413,396.077483858171,676.781371133338,484.17729390193443,0.841796875,2
94,5,1770.378944340323,490.69532388578034,1907.6100914887197,624.6861543341382,0.0,2
94,6,1507.3264915667928,16.51434436114731,1524.3623616482819,37.981760304063755,0.27587890625,2
94,7,1301.8411564944713,73.82845956399595,1317.9749641044486,104.65186308056072,0.716796875,2
94,8,1573.275060867316,63.49262311141148,1597.724939132684,103.61224606082516,0.529296875,2
94,9,1025.0973207511745,257.09806896866036,1290.9281532917403,321.08299447090707,0.0,1
94,10,1175.641170923269,89.91222597386454,1238.9119938580802,137.5509496457709,0.0,1
94,11,1355.0387550562937,51.305088626937135,1368.72503832457,75.80782740090737,0.451416015625,2
94,13,1550.8348330649712,22.499249787784144,1581.10485855202,56.70547058939555,0.27197265625,1
94,18,1388.5945413091702,27.528055790971987,1400.6070375575791,45.087699276126116,0.0,2
94,32,1570.3107426973113,723.9469023790801,1657.3103244854449,859.1366665283467,0.0,2
94,34,1505.611390963531,17.460099309080658,1516.4122047847084,37.92755713670252,0.0,2
94,35,1691.9686272934234,495.12067752912725,1764.0313727065766,579.014291043715,0.0,2
94,36,1388.945273383243,34.28260442512144,1403.8318703515133,57.95660726331549,0.394287109375,2
94,38,1175.007746461888,94.15408408604591,1231.5982118957372,139.4461886006105,0.54296875,2
94,41,1302.4407289394235,75.02475388345151,1323.2904611887895,104.78710089480428,0.37744140625,2
94,42,1390.742758680297,26.999762413984705,1404.772038930236,47.64860253931622,0.0,2
94,49,1553.9999990612268,629.625,1620.0000009387732,678.375,0.0,2
94,51,1354.188811208299,45.80745197534942,1366.7339664072354,71.77158236051949,0.301513671875,2
95,1,1452.3235930810743,412.9663476406538,1517.209321815621,499.70847035539373,0.6533203125,2
95,2,500.25088337430174,440.389550408685,554.6245010442129,531.3172498571822,0.81982421875,2
95,3,867.2774713377946,255.87047177216004,903.8375472084899,317.23853096943685,0.71533203125,2
95,4,620.6513907725868,397.10057322845574,675.672445361087,484.6281460805512,0.841796875,2
95,5,1770.4567664334033,490.80331411754537,1907.5718190110892,624.6809854252442,0.0,2
95,6,1507.190790439687,16.451948592695857,1524.355421562944,37.97380389800567,0.277587890625,2
95,7,1301.3141606550173,73.60707706605439,1317.4705828254403,104.70885595351284,0.71533203125,2
95,8,1573.2866368729792,63.45399896886455,1597.7133631270208,103.60643766319339,0.529296875,2
95,9,1024.7296461897868,257.0732273211862,1291.3114438058597,321.23915161949617,0.0,1
95,10,1176.0473450365994,89.34289901713063,1239.723464264539,137.28673478577045,0.0,1
95,11,1355.1371923310985,51.41265222609714,1368.6513621209008,75.89727347919438,0.451416015625,2
95,13,1550.824897970844,22.421124182183153,1581.117676922591,56.714252474421784,0.269775390625,1
95,18,1388.1214087781132,27.704926013652205,1400.0290938084333,45.11158824206699,0.0,2
95,32,1569.7716438815892,723.4163926145523,1657.2181188269217,859.3000343731022,0.0,2
95,34,1505.5465268112443,17.256635426336572,1516.287728981018,37.611090519148775,0.0,2
95,35,1692.0550665322369,495.3225448626424,1763.9449334677631,579.0148475045812,0.0,2
95,36,1388.9148284116682,34.31629189739055,1403.8796463347783,58.11064357897161,0.392333984375,2
95,38,1174.7608047631154,94.11737453451231,1231.470625919419,139.48158000614254,0.5419921875,2
95,41,1302.2185581883723,75.06164375596637,1322.588783991356,105.04032755726364,0.37841796875,2
95,42,1390.4579572847574,27.251338068784136,1404.4268472786816,47.8112919756381,0.0,2
95,49,1553.9999990612268,629.625,1620.0000009387732,678.375,0.0,2
95,51,1354.19079592409,45.73401451465209,1366.742383365691,71.80581720851679,0.303955078125,2
96,1,1460.9654423622644,411.7789361545793,1525.5203671493691,496.5168095576365,0.5927734375,2
96,2,498.08383608516925,444.3766850832303,552.207601614341,534.8584197900477,0.77734375,2
96,3,861.6632159535706,258.1697202377474,897.5889545039722,318.917265230765,0.69921875,2
96,4,615.7325716282955,401.87956060368833,670.6850880254532,489.17607114899494,0.81396484375,2
96,5,1769.9100279009374,489.05902257664735,1908.0920761631269,624.020869743822,0.385009765625,2
96,6,1506.5593704458577,16.18672531181079,1523.9447088599097,37.91575021394415,0.2509765625,2
96,7,1300.1050612397783,74.37881999109086,1316.3794408105164,105.33429023679759,0.7373046875,2
96,8,1573.3677140654574,63.689089548573364,1597.6322859345426,103.6035391392436,0.51953125,2
96,9,1024.3619744770238,257.04838567371206,1291.6947314713545,321.3953087680853,0.0,1
96,10,1176.4535187351844,88.77357206039672,1240.534935085743,137.02251992576998,0.0,1
96,11,1355.2974608441414,51.505061070119325,1368.514688259086,75.67020241284699,0.449462890625,2
96,13,1550.8787496260056,22.455705733631465,1581.0692143476494,56.65546277478842,0.302490234375,1
96,18,1387.648274865241,27.881796236332423,1399.4511514411024,45.13547720800787,0.0,2
96,32,1569.232543240765,722.8858828500245,1657.1259149935004,859.4634022178577,0.0,2
96,34,1505.4816627735702,17.053171543592484,1516.1632530627148,37.29462390159504,0.0,2
96,35,1692.141505874669,495.5244121961575,1763.858494125331,579.0154039654474,0.0,2
96,36,1388.396805342383,34.22120222909407,1403.4352285975285,57.873846201471274,0.46875,2
96,38,1174.5881300617345,94.22908925195202,1231.4989022611537,139.61863153978203,0.4931640625,2
96,41,1301.0472983735003,75.74304163578182,1321.4947496784873,106.40987135665684,0.32177734375,2
96,42,1390.1731558935996,27.502913723583564,1404.0816556227455,47.97398141195998,0.0,2
96,49,1553.9999990612268,629.625,1620.0000009387732,678.375,0.0,2
96,51,1353.7625442962246,45.76533215657675,1366.1814470155327,71.62280666044717,0.32763671875,2
97,1,1465.7224263426442,404.315373288376,1534.7367765582846,494.4041307977557,0.65478515625,2
97,2,495.2653219293456,448.7864625481709,548.4983742851409,538.09126987451,0.7890625,2
97,3,858.268611662283,259.28693180496083,894.5770599872288,320.74142371326116,0.71533203125,2
97,4,611.8227431144438,405.10403110919754,666.105861876016,491.31106897745167,0.79296875,2
97,5,1770.1303731531268,489.528747667483,1907.8810431877994,623.9903542622378,0.352294921875,2
97,6,1506.3710023584654,16.0919277412965,1523.7431628582467,37.7143466056955,0.26806640625,2
97,7,1299.4400611577164,75.04636972069274,1316.217150272765,106.42820356374517,0.72802734375,2
97,8,1573.3393527127434,63.59466302219693,1597.6606472872568,103.66378834086737,0.5390625,2
97,9,1023.9943056128853,257.0235440262379,1292.078016288225,321.5514659166744,0.0,1
97,10,1176.8596920190244,88.2042451036628,1241.3464063216925,136.7583050657695,0.0,1
97,11,1354.7763087959493,50.877365816309506,1368.0652606138974,75.44544877988295,0.4921875,2
97,13,1550.9283448881934,22.657383124959953,1581.0255546845501,56.75759804232091,0.2822265625,1
97,18,1387.1751395705544,28.058666459012642,1398.8732104555866,45.15936617394874,0.0,2
97,32,1568.6934407748386,722.3553730854966,1657.033712985181,859.6267700626132,0.0,2
97,34,1505.4167988505087,16.849707660848395,1516.0387770297993,36.9781572840413,0.0,2
97,35,1692.22794532072,495.7262795296727,1763.77205467928,579.0159604263135,0.0,2
97,36,1387.4157562522273,33.27449652826685,1403.0738793861785,57.54919536497812,0.46875,2
97,38,1174.2847826494212,93.9020084123277,1231.7468121464653,139.79396434518702,0.4814453125,2
97,41,1300.296119624272,75.93711689616768,1320.8971666055809,106.8344245234705,0.0,2
97,42,1389.8883545068234,27.754489378382992,1403.7364639624275,48.13667084828185,0.0,2
97,49,1553.9999990612268,629.625,1620.0000009387732,678.375,0.0,2
97,51,1352.8842727526269,46.024550367177184,1365.6908367345454,72.29601390382679,0.368408203125,2
98,1,1467.2679304654876,401.6503833457638,1538.111740308368,493.6651507584604,0.65478515625,2
98,2,494.33446057413045,450.37188181417434,547.1245231314705,539.21548832082,0.7890625,2
98,3,857.1330072861085,259.9325589913323,893.4330894202151,321.39150915847813,0.71533203125,2
98,4,610.4613626603466,406.2423233220551,664.4923382382905,492.0254556583637,0.79296875,2
98,5,1770.184796979778,489.6832977654004,1907.8299084464245,623.9799717859455,0.355712890625,2
98,6,1506.2630755840319,16.000442826917357,1523.7098649331986,37.6439443909252,0.26904296875,2
98,7,1299.138548579136,75.29712050912428,1316.2516996169813,106.83375324498635,0.72802734375,2
98,8,1573.3391243420472,63.56033373257999,1597.6608756579526,103.68590684908531,0.537109375,2
98,9,1023.6266395973714,256.99870237876377,1292.4612982564709,321.7076230652635,0.0,1
98,10,1177.265864888119,87.6349181469289,1242.1578779723873,136.494090205769,0.0,1
98,11,1354.6270875684525,50.63722217021764,1367.8619184450251,75.35389649797953,0.4921875,2
98,13,1550.9504489712813,22.734778073718697,1581.0089736395134,56.796194732843276,0.28369140625,1
98,18,1386.7020028940526,28.23553668169286,1398.2952708518856,45.18325513988961,0.0,2
98,32,1568.1543364838103,721.8248633209687,1656.9415128019637,859.7901379073687,0.0,2
98,34,1505.3519350420597,16.64624377810431,1515.9143008822712,36.66169066648756,0.0,2
98,35,1692.3143848703896,495.9281468631878,1763.6856151296104,579.0165168871796,0.0,2
98,36,1386.9762859143193,32.88188067017124,1403.0215909914493,57.448630516493,0.46875,2
98,38,1174.1927430714366,93.7800522337239,1231.817804973609,139.85931040607375,0.48046875,2
98,41,1299.5449414572004,76.13119215655352,1320.299582950517,107.25897769028414,0.0,2
98,42,1389.6035531244288,28.006065033182423,1403.391272297728,48.299360284603736,0.0,2
98,49,1553.9999990612268,629.625,1620.0000009387732,678.375,0.0,2
98,51,1352.5073613013365,46.118953717331266,1365.566406611768,72.54153961712626,0.368408203125,2
99,1,1472.6753130967395,397.26022878086593,1545.9901728641255,491.9853375326933,0.77880859375,2
99,2,493.03747177072063,451.3780153908675,546.7232854095408,542.0266170310491,0.8017578125,2
99,3,855.6877401128004,260.64230398267966,892.2314888823316,322.32393025306067,0.7431640625,2
99,4,608.2537374650502,406.5910396950613,663.8197172487942,494.6951961550385,0.8154296875,2
99,5,1769.2033710810895,491.7264818710874,1904.8383611470797,624.4744302731935,0.34765625,2
99,6,1506.0827539242687,15.600127689889192,1523.8440918751262,37.62306403963077,0.279052734375,2
99,7,1299.0571666293315,75.327893186773,1316.2842966286628,106.91537942492481,0.70556640625,2
99,8,1573.316512839603,63.48696681408666,1597.6834871603967,103.75539072310352,0.54296875,2
99,9,1025.2694796719961,257.57833964715945,1290.7379409481155,321.75815343994714,0.250244140625,1
99,10,1177.6720373424682,87.06559119019498,1242.9693500378269,136.22987534576853,0.0,1
99,11,1354.1488154239532,50.2321027440523,1367.2343268337927,74.87894277343565,0.484375,2
99,13,1550.8936726761171,22.57798497481843,1581.0706337990782,56.810430008943754,0.30810546875,1
99,32,1567.6152303676802,721.2943535564409,1656.8493144438485,859.9535057521242,0.0,2
99,34,1505.2870713482232,16.442779895360225,1515.7898246201305,36.34522404893383,0.0,2
99,35,1692.400824523678,496.130014196703,1763.599175476322,579.0170733480458,0.0,2
99,36,1386.765620349444,33.18343679692358,1403.061906330154,57.857826762266,0.43017578125,2
99,38,1172.050705966247,95.46327291597585,1230.0041409788562,141.36320789017975,0.43310546875,2
99,41,1298.7937638722856,76.32526741693937,1319.7019987132967,107.6835308570978,0.0,2
99,42,1389.318751746416,28.257640687981855,1403.0460806286467,48.46204972092562,0.0,2
99,49,1553.9999990612268,629.625,1620.0000009387732,678.375,0.0,2
99,51,1351.4375253631856,46.21339712680265,1364.4793703745665,72.19328799339925,0.418701171875,2
100,1,1477.8880636503698,394.42905019817334,1551.4184085879108,489.2027640740948,0.822265625,2
100,2,490.13252659276696,453.90181089588566,544.1962286038906,545.21990127024,0.732421875,2
100,3,853.3571502503042,262.6045992018377,889.7930348930767,323.8599647781629,0.74462890625,2
100,4,604.2719089208455,408.6311003919166,660.4997686580341,498.0876897208152,0.7958984375,2
100,5,1769.3415482420555,492.99438360295585,1903.20073155678,624.1638509817378,0.29736328125,2
100,6,1506.5286943048914,15.270032190274069,1524.3703611756328,37.373809220147166,0.277587890625,2
100,7,1297.1762818305033,76.01161408099998,1314.2595077709616,107.11841337168421,0.70556640625,2
100,8,1573.3515857995578,63.646036102645304,1597.6484142004422,103.84269114278675,0.54296875,2
100,9,1025.0233580741653,257.6044965974548,1290.9915679466305,321.9053990827505,0.0,1
100,10,1174.0851101650896,91.70762193310738,1235.315043327286,138.84502087951563,0.29248046875,1
100,11,1354.0042005541934,49.88845651912417,1366.9729157963434,74.50504075364165,0.490234375,2
100,13,1550.9722538235737,22.705137023886977,1580.9962172311634,56.75346267661662,0.341552734375,1
100,32,1567.076122426448,720.763843791913,1656.7571179108352,860.1168735968797,0.0,2
100,34,1505.2222077689994,16.239316012616136,1515.6653482433774,36.028757431380086,0.0,2
100,36,1386.7347431967794,33.540146908828206,1403.0464434646324,57.9432973480326,0.39990234375,2
100,38,1171.0294579129527,95.91944339555616,1229.52378400509,141.8707315100886,0.4091796875,2
100,41,1298.0425868695277,76.51934267732521,1319.1044138939194,108.10808402391143,0.0,2
100,49,1553.9999990612268,629.625,1620.0000009387732,678.375,0.0,2
100,51,1351.0131219874481,46.37025633191789,1364.099670553404,72.0509172095193,0.43017578125,2
101,1,1479.667919376827,393.43051826157586,1553.3548139564589,488.1985744148486,0.822265625,2
101,2,489.10578895747847,455.03100419506717,543.2966854421542,546.5924568431848,0.732421875,2
101,3,852.525134791893,263.3252403061348,888.9818567638697,324.3962048917068,0.74462890625,2
101,4,602.9018493564563,409.3444344431662,659.2739760732258,499.3071904905646,0.796875,2
101,5,1769.0494819865282,492.95753453242696,1902.94954148177,624.047202870875,0.315673828125,2
101,6,1506.677852087333,15.08915102868544,1524.5993747928208,37.283863281674584,0.277587890625,2
101,7,1296.4550501255646,76.14411149533207,1313.5390643348073,107.05870496051045,0.70556640625,2
101,8,1573.372658054718,63.6459726611847,1597.6273419452823,103.8128717190554,0.544921875,2
101,9,1024.7772385730186,257.63065354775017,1291.2451928484616,322.05264472555393,0.0,1
101,10,1174.555202947239,91.82381659294902,1234.681419377329,138.8222259627025,0.2998046875,1
101,11,1353.4902964131893,49.75705031608979,1366.3607494895348,74.35944609966647,0.48828125,2
101,13,1550.9098795288576,22.567715129129912,1581.062512163034,56.79360556501126,0.346923828125,1
101,32,1566.5370126601135,720.2333340273851,1656.6649232029238,860.2802414416351,0.0,2
101,34,1505.157344304388,16.035852129872048,1515.5408717520115,35.71229081382634,0.0,2
101,36,1386.6318435978756,33.609002182477596,1403.1510000772369,58.08813128778481,0.405517578125,2
101,38,1170.5285185069033,96.08693436040497,1229.4748140324484,142.05474907815767,0.405517578125,2
101,41,1297.2914104489266,76.71341793771107,1318.5068284923855,108.5326371907251,0.0,2
101,49,1553.9999990612268,629.625,1620.0000009387732,678.375,0.0,2
101,51,1350.8136740091043,46.425468510679,1364.0216308720399,71.99214564951284,0.42822265625,2
102,1,1488.5830378785606,390.9197708070498,1562.255981988369,485.66677237445026,0.796875,2
102,2,482.72011553598315,459.0785335211215,537.2634713289724,551.2121007851599,0.74169921875,2
102,3,850.8629357996243,267.39271814795705,886.2378996949284,326.403047616265,0.73388671875,2
102,4,597.6337586416495,412.00614140511124,654.4163766410778,503.1298833017099,0.83740234375,2
102,5,1769.531689424393,492.9304181935858,1904.2780974083657,624.5029551556254,0.3115234375,2
102,6,1506.6277072221285,14.595905748029413,1524.7946082025062,37.131762701671605,0.259765625,2
102,7,1294.6254930840105,76.99310268349213,1311.9063123945957,107.8309720526016,0.69580078125,2
102,8,1573.3875514128622,63.70860564351495,1597.6124485871378,103.86236712148104,0.541015625,2
102,9,1024.5311211685557,257.6568104980455,1291.4988156536087,322.19989036835733,0.0,1
102,10,1174.6019261519943,91.60659911557224,1234.5908275909385,138.93833188507614,0.352294921875,1
102,11,1352.7345620023993,49.398041372785286,1365.718392840682,74.11645688528372,0.5,2
102,13,1550.8944847294056,22.454522191407122,1581.0811179192617,56.74661987771012,0.36669921875,1
102,32,1565.9979010686773,719.7028242628572,1656.5727303201145,860.4436092863905,0.0,2
102,34,1505.0924809543892,15.832388247127962,1515.416395146033,35.39582419627261,0.0,2
102,36,1386.6126516739319,33.81455487574508,1403.184727408684,58.13405149481826,0.373779296875,2
102,38,1169.8992815545662,95.46412644333036,1229.9166677725386,142.05383338125483,0.403564453125,2
102,41,1296.5402346104822,76.90749319809692,1317.9092425086944,108.95719035753874,0.0,2
102,49,1553.9999990612268,629.625,1620.0000009387732,678.375,0.0,2
102,51,1350.7293690606687,46.50487130752447,1364.0249512310015,71.9038070004295,0.46875,2
103,1,1495.7455034762434,392.0218858619336,1567.439535786304,483.7842580563598,0.7744140625,2
103,2,479.32576280261685,460.784741576446,535.1061269369839,554.6007728507519,0.79833984375,2
103,3,848.2846334050677,268.77905906468675,884.3378100969313,328.9866159220786,0.767578125,2
103,4,593.6210466238194,416.8839694944009,649.8569947332686,507.4518459651639,0.8388671875,2
103,5,1769.6283030204286,492.65982036998975,1904.878202381793,624.4260729623525,0.33544921875,2
103,6,1507.0524230345363,14.53858744343228,1525.4069902995348,37.569935542898406,0.26806640625,2
103,7,1293.4949430726238,78.35908477827743,1310.7972855728344,108.79306054357032,0.69580078125,2
103,8,1573.3994113797721,63.732871786346436,1597.6005886202279,103.88008916531422,0.53515625,2
103,9,1024.285005860777,257.6829674483409,1291.7524363620719,322.3471360111608,0.0,1
103,10,1174.6079089791779,91.34632943232516,1234.5583872336913,139.04524650732907,0.390380859375,1
103,11,1352.4455885237708,49.077926933686555,1365.4990046445703,73.83811592572967,0.482421875,2
103,13,1550.8500960675708,22.288690607533,1581.1283989558415,56.728605661012494,0.37744140625,1
103,32,1565.4587876521389,719.1723144983293,1656.480539262407,860.606977131146,0.0,2
103,34,1502.548197608314,17.935732928329486,1513.9803841093546,39.296331330223865,0.2822265625,2
103,36,1386.5543928904697,33.63907001253064,1403.263477063042,57.95608507851887,0.373779296875,2
103,38,1169.328541255742,94.85572629783225,1230.4345543614572,142.16929501213542,0.373779296875,2
103,41,1295.7890593541947,77.10156845848276,1317.3116559428465,109.38174352435237,0.0,2
103,49,1553.9999990612268,629.625,1620.0000009387732,678.375,0.0,2
103,51,1350.717926118193,46.59343176296396,1364.0284875929258,71.68005914690967,0.494140625,2
104,1,1498.1649575538645,392.5516349547636,1569.2578852894194,483.1537110231616,0.77197265625,2
104,2,478.0556773225594,461.35837644124433,534.4268612328186,555.7988978523855,0.79833984375,2
104,3,847.4011896516383,269.2590970763637,883.6789708322035,329.9018414955648,0.76611328125,2
104,4,592.5087942239625,418.6786302585738,648.4179689586546,509.01136662678,0.8388671875,2
104,5,1769.589019194168,492.54705924551797,1905.1898194009204,624.3962751698627,0.33544921875,2
104,6,1507.2719381534027,14.523935488837024,1525.5815790935765,37.741144287794114,0.26904296875,2
104,7,1293.1109464680594,78.8653947243707,1310.4045821362945,109.143522386621,0.69775390625,2
104,8,1573.4095120340876,63.74235401966246,1597.5904879659124,103.88573652942074,0.533203125,2
104,9,1024.038892649682,257.7091243986363,1292.006054973851,322.4943816539642,0.0,1
104,10,1174.7511130266112,91.13156945857959,1234.3939545027115,139.0875058710368,0.390380859375,1
104,11,1352.335873531205,48.95856506226304,1365.4394591173088,73.73225184507592,0.482421875,2
104,13,1550.690690297717,22.227277293831243,1581.2903143184496,56.72177423722308,0.381103515625,1
104,32,1564.9196724104986,718.6418047338016,1656.388350029802,860.7703449759015,0.0,2
104,34,1502.4460694904596,18.014051049912332,1513.9379987940865,39.25312736504392,0.2822265625,2
104,36,1386.5207051867576,33.567484230949965,1403.3168118482183,57.81932893720774,0.373779296875,2
104,38,1169.0814812246854,94.62216937248562,1230.6789663531968,142.20625411971338,0.367431640625,2
104,41,1295.037884680064,77.2956437188686,1316.714068794842,109.80629669116603,0.0,2
104,49,1553.9999990612268,629.625,1620.0000009387732,678.375,0.0,2
104,51,1350.6765217251295,46.62297913127437,1364.0880551614907,71.59326858821682,0.494140625,2
105,1,1503.8610546650993,390.3171836556224,1575.7550474093057,481.9861713559746,0.79833984375,2
105,2,474.7417257279668,462.96768897939694,532.2653919569207,559.1021356735492,0.79931640625,2
105,3,845.7514166102219,270.50445869595376,881.9475531494707,331.30422760019536,0.7216796875,2
105,4,589.8256726970993,421.00780211834626,645.9121680489002,511.73099948986123,0.81982421875,2
105,5,1768.728445978291,492.99268132495865,1904.1727723224785,624.3846224492646,0.291748046875,2
105,6,1507.4156695961224,14.40360175640354,1525.5848724737905,37.87144828594719,0.271240234375,2
105,7,1292.8053953524272,79.7871678960518,1310.4834590094356,110.13057631169676,0.7216796875,2
105,8,1573.4822382415264,63.99383193481533,1597.5177617584734,103.88687300576274,0.521484375,2
105,9,1023.7927815352712,257.7352813489316,1292.2596714889462,322.6416272967676,0.0,1
105,10,1174.9448525902371,91.05795457055537,1234.1821055714515,139.10470686084116,0.37744140625,1
105,11,1352.2950080825428,49.040040720251156,1365.439017010792,73.81660218330012,0.490234375,2
105,13,1550.7139742712486,22.205762217660414,1581.2692773981842,56.71922870393832,0.39990234375,1
105,32,1564.3805553437564,718.1112949692737,1656.2961626222989,860.933712820657,0.0,2
105,34,1501.8436189029553,17.918831281187884,1513.501752824261,39.36363919264022,0.303955078125,2
105,36,1386.4615239506643,33.65970506275548,1403.3946868615412,57.94657672238853,0.332763671875,2
105,38,1168.963221934231,94.40988540169431,1230.8138546043401,142.08999613072058,0.3583984375,2
105,41,1294.2867105880903,77.48971897925446,1316.1164810646808,110.23084985797968,0.0,2
105,49,1553.9999990612268,629.625,1620.0000009387732,678.375,0.0,2
105,51,1350.6251625351538,46.69307774939037,1364.162926596012,71.62200388083488,0.478515625,2
106,1,1509.3450696437317,386.5694480575529,1582.4190257363903,479.13081757727656,0.76904296875,2
106,2,471.8635077998677,465.4710849320335,529.78429946534,561.74246792318,0.77880859375,2
106,3,844.0647981634996,271.6748809110788,880.5263639865591,333.01843089339445,0.73876953125,2
106,4,587.686011065627,422.5528029460586,644.320280635227,514.3980607125317,0.77978515625,2
106,5,1768.68165287015,493.208241137342,1903.9088919434978,624.3897002656959,0.0,2
106,6,1508.0290611954117,14.241603718704535,1526.0026740546605,37.861729899064954,0.276611328125,2
106,7,1292.6466699532173,79.49852683765666,1310.6152268325402,110.36229084601132,0.71240234375,2
106,8,1573.6684997271368,64.58559083008561,1597.3315002728632,103.76216816005099,0.513671875,2
106,9,1023.5466725175443,257.761438299227,1292.5132859073574,322.78887293957104,0.0,1
106,10,1175.0111523771993,90.6667568190809,1234.1000787751957,138.9883464588452,0.52734375,1
106,11,1352.40837087406,49.568724276072466,1365.3308764529645,74.09693743153709,0.529296875,2
106,13,1550.8095022437808,22.32315941253884,1581.1757350423627,56.656446812268584,0.4091796875,1
106,32,1563.841436451912,717.5807852047458,1656.2039770398974,861.0970806654125,0.0,2
106,34,1500.6909033521238,16.957605482603842,1513.288544419246,39.47002972821892,0.325927734375,2
106,36,1386.506507393554,34.06197555547395,1403.3662014399756,58.05108245322324,0.2822265625,2
106,38,1168.7604222134141,94.02205235041453,1231.0383937291765,141.9775582320577,0.2958984375,2
106,41,1293.5355370782734,77.6837942396403,1315.5188927523625,110.65540302479333,0.0,2
106,49,1553.9999990612268,629.625,1620.0000009387732,678.375,0.0,2
106,51,1350.5150367093795,46.77847144882598,1364.2967499225056,71.94325407659092,0.43017578125,2
107,1,1511.278690508694,385.21372712467996,1584.7215765818662,477.61708692031914,0.76220703125,2
107,2,470.8107398919051,466.35438524676823,528.9611897615475,562.6523589460464,0.77880859375,2
107,3,843.5131934341433,272.20052596671565,880.0390005047165,333.74120027367604,0.73583984375,2
107,4,585.7765870538593,423.5571700190546,642.0584930895575,515.3234566472596,0.7744140625,2
107,5,1769.177130012055,492.89712025619986,1905.2289467714506,624.6724394985098,0.2861328125,2
107,6,1508.34541545462,14.186195992889585,1526.0751269552131,37.859289594912696,0.27978515625,2
107,7,1292.6140556640396,79.49946122017897,1310.6844638907528,110.55798113856684,0.71044921875,2
107,8,1573.6911170186017,64.68256515865099,1597.308882981398,103.71426133379407,0.505859375,2
107,9,1023.3005655965014,257.7875952495224,1292.7668982290847,322.9361185823745,0.0,1
107,10,1175.2149584259744,90.7112055633044,1233.8830725419466,139.0068197066825,0.494140625,1
107,11,1352.4853535342354,49.77153024301699,1365.2764592672347,74.20373038137346,0.529296875,2
107,13,1550.7376623993355,22.05909648107141,1581.2493779563717,56.632795149945835,0.414794921875,1
107,32,1563.3023157349658,717.050275440218,1656.1117932825985,861.260448510168,0.0,2
107,34,1500.1588363786598,16.477656478645727,1513.3193820765555,39.51159731702242,0.325927734375,2
107,36,1386.4757928663535,34.14805514153316,1403.4129252957378,58.084627989281806,0.282958984375,2
107,38,1168.8123307207907,94.06144213378359,1231.0075608033337,141.86833834211782,0.30908203125,2
107,41,1292.784364150613,77.87786950002615,1314.9213038578873,111.07995619160698,0.0,2
107,49,1553.9999990612268,629.625,1620.0000009387732,678.375,0.0,2
107,51,1350.447806496273,46.80762063814876,1364.3847070635331,72.06235502931756,0.43212890625,2
108,1,1520.6253538856945,383.2897097755381,1594.4135596770611,475.13194657865387,0.7646484375,2
108,2,468.382905261923,471.5401400157898,525.9245470532627,566.841008133696,0.7705078125,2
108,3,837.718994328853,271.61677564144003,875.7182169413244,336.6747689174028,0.77587890625,2
108,4,581.1134240537887,428.2998819731299,637.449476901967,520.0187247874555,0.80419921875,2
108,5,1769.1998514765078,493.0562994399617,1905.1231599356024,624.7072406850816,0.0,2
108,6,1509.030031089667,13.925738256941168,1526.5135878371827,37.613662235463735,0.2783203125,2
108,7,1291.8279591415042,80.34926722873684,1309.5619418135377,110.73925784403774,0.69287109375,2
108,8,1573.7518504084455,64.96450006293657,1597.2481495915547,103.69630960457712,0.498046875,2
108,9,1023.0544607721424,257.8137521998177,1293.0205084541278,323.0833642251779,0.0,1
108,10,1175.366727634971,90.79822258326409,1233.7193907444002,138.9530904924767,0.5546875,1
108,11,1351.6062978235855,50.4682606563879,1364.1937814482412,74.61560115491673,0.55078125,2
108,13,1550.7754631157534,21.961068957361782,1581.2130434050457,56.50065163122894,0.43017578125,1
108,32,1562.7631931929172,716.5197656756901,1656.019611350401,861.4238163549235,0.0,2
108,34,1500.338200358958,15.748317604686102,1513.943474759593,39.224744606387446,0.30810546875,2
108,36,1386.4002455244085,34.9514393686689,1403.5016833711802,58.992282415553646,0.2666015625,2
108,38,1168.814798595219,94.07967246074139,1231.0258559873857,141.82215175582218,0.279052734375,2
108,41,1292.03319180511,78.07194476041201,1314.3237143812555,111.50450935842063,0.0,2
108,49,1553.9999990612268,629.625,1620.0000009387732,678.375,0.0,2
108,51,1350.3162347097489,46.882315206305535,1364.2477358207943,72.12723295470796,0.0,2
109,1,1528.699619830054,378.16710638958,1605.072111069975,472.7731018412247,0.861328125,2
109,2,463.61337686334423,475.16881412969735,522.3568802786953,572.0488584584324,0.689453125,2
109,3,834.8952811566796,273.5536546016148,872.8931439149516,338.9545568144455,0.72802734375,2
109,4,576.3477777620516,431.50492070816625,632.9739217085862,524.1798721268424,0.7919921875,2
109,5,1768.5692973442542,493.734834922608,1903.9067481964125,624.4530057390056,0.29248046875,2
109,6,1510.4438760179187,13.463335209300112,1527.48768864778,37.27504727839024,0.28857421875,2
109,7,1291.573822392509,81.0954278464838,1309.1413943655098,111.1013354052961,0.69091796875,2
109,8,1573.8224709068857,65.25362973310446,1597.1775290931146,103.62726711460026,0.484375,2
109,9,1022.8083580444675,257.8399091501131,1293.274116582487,323.2306098679813,0.0,1
109,10,1175.540430566112,90.59041853310431,1233.5351873532536,138.68591993839811,0.59619140625,1
109,11,1351.3464294286991,51.07222398547888,1363.7314238554438,74.89414894229802,0.552734375,2
109,13,1550.7557798915502,21.740264171305043,1581.2340961540638,56.38907238289028,0.443603515625,1
109,32,1562.224068825767,715.9892559111622,1655.927431243306,861.5871841996789,0.0,2
109,34,1499.8585777404498,15.352739948614415,1513.775759234948,39.115741691780535,0.26220703125,2
109,36,1386.294538064679,35.71248144244419,1403.6186527792202,59.97811569501977,0.275146484375,2
109,38,1168.5975640899537,94.01972420775657,1230.9890228707968,141.9004087617181,0.0,2
109,41,1291.2820200417634,78.26602002079785,1313.7261243224668,111.92906252523429,0.0,2
109,49,1553.9999990612268,629.625,1620.0000009387732,678.375,0.0,2
109,51,1349.1150429382076,47.039307698448475,1363.3896127920082,72.77362425555192,0.37744140625,2
110,1,1531.4699399449476,376.3093196241219,1609.0039304534862,471.9418792036915,0.861328125,2
110,2,461.8304934368308,476.4609709378428,521.1515991689947,573.9207247885902,0.6943359375,2
110,3,833.938957971142,274.2768223741741,871.8158539821809,339.7840893925395,0.7294921875,2
110,4,574.9752776424539,432.6384382544118,631.5450452921034,525.662884595176,0.79296875,2
110,5,1768.315268644326,493.89851648720514,1903.751697532641,624.4015093178868,0.304931640625,2
110,6,1511.1156818309776,13.324978697768016,1527.708637371912,37.17930801808982,0.290283203125,2
110,7,1291.5185127398547,81.42135099793911,1308.9919690394083,111.1596115404383,0.69287109375,2
110,8,1573.7950429156203,65.23246903176802,1597.2049570843799,103.6015667956091,0.482421875,2
110,9,1022.5622574134766,257.8660661004085,1293.5277226141623,323.37785551078474,0.0,1
110,10,1175.6142004879562,90.51787185594006,1233.4523542588354,138.7101556236786,0.60009765625,1
110,11,1351.2688980965852,51.04436474219901,1363.5616547581787,74.74574152723547,0.546875,2
110,13,1550.7637713529798,21.690108834096925,1581.2272811079586,56.37881918659975,0.443603515625,1
110,32,1561.6849426335145,715.4587461466343,1655.8352529613126,861.7505520444342,0.0,2
110,34,1499.649546282776,15.271224541686227,1513.7501869222933,39.13739680397616,0.265869140625,2
110,36,1386.2408494049203,35.992039767295225,1403.6821044214405,60.341913590291384,0.272705078125,2
110,38,1168.38032868299,93.95977595477176,1230.9521906559064,141.97866576761405,0.0,2
110,41,1290.5308488605738,78.4600952811837,1313.1285336815213,112.35361569204792,0.0,2
110,49,1553.9999990612268,629.625,1620.0000009387732,678.375,0.0,2
110,51,1348.8732419354187,47.12277800666654,1363.1719139732998,72.90051115975945,0.0,2
111,1,1536.1840900805557,374.4545639001543,1614.2768381115902,469.97746062649645,0.8291015625,2
111,2,458.7295726531999,478.58474087511246,518.3788667611523,576.2468596210148,0.767578125,2
111,3,832.2409289436953,273.6574563277377,870.9370102866473,341.14566929958136,0.732421875,2
111,4,571.5689827515955,435.6915034064709,627.7091697910452,528.3410935227841,0.806640625,2
111,5,1768.3602225441878,494.45088839380554,1903.5673110096236,624.3834042501051,0.363037109375,2
111,6,1512.0374523051396,13.21839038638248,1528.0911850677128,36.89954115821744,0.29248046875,2
111,7,1290.5054121138066,81.46464346224077,1307.9776707227577,111.10480220321301,0.67919921875,2
111,8,1573.8004367526585,65.34441015650879,1597.1995632473415,103.59237199083805,0.490234375,2
111,9,1022.3161588791695,257.8922230507038,1293.7813265491536,323.52510115358814,0.0,1
111,10,1175.8512641839977,90.49637051814506,1233.2074811103805,138.59749147602227,0.60009765625,1
111,11,1351.1934198150848,51.37122665306326,1363.5665785494302,74.99889456855095,0.5546875,2
111,13,1550.8271832382022,21.76677656254233,1581.1649210032185,56.34526292862937,0.449462890625,1
111,32,1561.1458146161604,714.9282363821064,1655.7430765044217,861.9139198891897,0.0,2
111,34,1499.6399213677628,15.556858889634892,1513.6857269897312,39.087164199619636,0.32421875,2
111,36,1386.1707779144417,36.52043269772735,1403.76120121553,61.024454096213766,0.25830078125,2
111,38,1168.163092374328,93.89982770178693,1230.9153593427143,142.05692277350997,0.0,2
111,41,1289.779678261541,78.65417054156954,1312.530942458419,112.77816885886156,0.0,2
111,51,1348.738161592829,47.05690120081813,1363.1721193580504,72.95696587983588,0.359375,2
112,1,1543.4978140113928,373.0929988864704,1622.1864123500131,469.050836583698,0.806640625,2
112,2,454.65811213862133,481.5245595263877,514.9711081142195,580.229980940933,0.81396484375,2
112,3,830.105281256265,272.5475790546103,870.2620425708578,343.2001615264622,0.7548828125,2
112,4,568.7485792599086,439.978922103237,623.5527385433392,530.986796232917,0.7890625,2
112,5,1767.6695758780547,494.89797596927065,1902.226573480312,624.1280152631618,0.34765625,2
112,6,1514.0801137723001,13.247645458802563,1529.4902773585998,36.48715025228377,0.3701171875,2
112,7,1289.3744794255813,80.90539771967497,1307.3961373600062,111.25866116513632,0.642578125,2
112,8,1573.7191003505122,65.19519226068003,1597.2808996494875,103.65164594156579,0.501953125,2
112,9,1022.0700624415466,257.9183800009992,1294.034928387461,323.6723467963916,0.0,1
112,10,1175.909832277152,90.30820206003911,1233.1418517725242,138.6185912831879,0.56591796875,1
112,11,1351.0720650779135,51.36368914189874,1363.6821945906836,74.96641366363369,0.55078125,2
112,13,1550.8132198355183,21.67463184517944,1581.1798354089951,56.33377249295746,0.453369140625,1
112,32,1560.6066847737038,714.3977266175787,1655.6509018726324,862.0772877339452,0.0,2
112,34,1499.6443857644795,15.986512654629237,1513.67017838065,39.255997354648905,0.338134765625,2
112,36,1385.985106464963,36.710506344980516,1403.9546804843994,61.764880160877006,0.257568359375,2
112,38,1169.0700651068964,94.2570507999407,1230.792008259711,141.62968843600368,0.296630859375,2
112,41,1289.0285082446649,78.84824580195539,1311.9333506531598,113.20272202567521,0.0,2
112,51,1348.6681635080752,47.08290698674274,1363.163625127168,72.98285960971282,0.368408203125,2
113,1,1545.8421077753358,372.16082855300334,1625.2182066191576,468.7634937458506,0.80419921875,2
113,2,453.40647383594546,482.56078052437874,514.0464155041078,581.6449326819566,0.81298828125,2
113,3,829.4392577119705,272.0991851572307,869.9519497549379,343.9506587389231,0.75634765625,2
113,4,567.8980363539918,441.50479575182885,622.012763936328,531.8769908971375,0.7890625,2
113,5,1767.2018751844544,493.31400145500913,1903.9342701437301,624.2813140136055,0.36474609375,2
113,6,1514.9281695780908,13.23556785308802,1529.9160424493864,36.3043997555285,0.3701171875,2
113,7,1288.9349093052674,80.68741436126273,1307.2327951810882,111.30752556575914,0.642578125,2
113,8,1573.6779928160238,65.13552445686913,1597.322007183976,103.67418137767953,0.498046875,2
113,9,1021.8239681006075,257.94453695129454,1294.2885281290842,323.81959243919493,0.0,1
113,10,1175.9035543930584,90.05679260365127,1233.142148542243,138.69020081110028,0.5908203125,1
113,11,1350.9689599931626,51.35503523055097,1363.8016062488712,74.95102126013427,0.548828125,2
113,13,1551.6880191433206,21.642016864182892,1582.2857000218587,56.268690196679714,0.455078125,1
113,32,1560.0675531061454,713.8672168530508,1655.558729065945,862.2406555787007,0.0,2
113,34,1499.6529004860693,16.279989780105403,1513.6714632258665,39.32196848896125,0.338134765625,2
113,36,1385.9404529255282,36.773191671223614,1404.0055688569137,61.97214291701181,0.250244140625,2
113,38,1169.0006223009927,94.02997506550341,1230.9079287793984,141.59295021359193,0.281494140625,2
113,41,1288.2773388099458,79.04232106234124,1311.3357582657438,113.62727519248887,0.0,2
113,51,1348.6455188866464,47.091037133846086,1363.165311412738,72.92814330628349,0.368408203125,2
114,1,1558.116420625304,375.3271784337228,1632.30789116045,463.79117507187686,0.83642578125,2
114,2,448.59069158207404,487.54403411609917,509.3649755976586,587.2445306965388,0.76220703125,2
114,3,827.5736261459516,274.92595820314574,867.7124245053432,346.24308626257374,0.7880859375,2
114,4,564.0552141834909,443.47508042179305,619.7098358153162,536.5908287523187,0.81298828125,2
114,5,1767.1025550566978,493.3739700986937,1903.7612052224947,624.2705933841996,0.0,2
114,6,1515.5576415415755,12.988200979876645,1529.726465150054,35.619370015192956,0.373779296875,2
114,7,1288.1020712888742,81.14886291116093,1306.8978525416962,112.24017167521585,0.6298828125,2
114,8,1573.7181442644778,65.35798076418274,1597.2818557355222,103.68279883348626,0.4765625,2
114,9,1021.5778758563525,257.9706939015899,1294.5421257740236,323.9668380819984,0.0,1
114,10,1175.9246979588404,89.96693652229806,1233.1157811738879,138.71883009465446,0.57958984375,1
114,11,1350.5169743356444,51.688509251994645,1363.2815946956716,75.00466856516988,0.57373046875,2
114,13,1551.1981480436514,21.941649962145046,1581.5421098363056,56.30714550788123,0.478515625,1
114,32,1559.528419613485,713.3367070885229,1655.46655808436,862.4040234234562,0.0,2
114,34,1499.2770662218843,16.829903593000704,1513.0707232492832,39.22408814699416,0.325927734375,2
114,36,1385.85811080867,37.033070916104776,1404.0031245641248,62.34321376886692,0.0,2
114,38,1169.2054897800433,93.33316610622688,1231.711728075947,141.33239755138686,0.25390625,2
114,41,1287.5261699573834,79.23639632272709,1310.738165296171,114.05182835930252,0.0,2
114,51,1348.643988083197,47.09183736787657,1363.172725574081,72.8418519668179,0.359375,2
115,1,1567.4656802768754,373.63569549962745,1642.0255048814588,460.93880165901356,0.7890625,2
115,2,444.98682416672,493.2937821197553,504.6140951526748,591.7335825746106,0.79296875,2
115,3,827.0705907686926,277.59820249847616,866.7680308079125,348.1756461337704,0.80810546875,2
115,4,560.6956155879641,445.3721779460572,617.006142088751,539.5048436264052,0.80078125,2
115,5,1767.0032349592746,493.43393874237825,1903.5881402709267,624.2598727547937,0.0,2
115,6,1516.8185796504708,12.213680148427764,1530.589058205664,34.4925062096139,0.401611328125,2
115,7,1287.8751029019725,81.5008599359295,1306.722547495043,112.27733737946627,0.5830078125,2
115,8,1573.7191126561179,65.31479377435946,1597.2808873438821,103.56171674214318,0.4765625,2
115,9,1021.3317857087815,257.9968508518853,1294.7957213222787,324.11408372480184,0.0,1
115,10,1176.1181412716533,90.06225093296612,1232.9175863145663,138.73088273466826,0.57568359375,1
115,11,1350.2959515653301,51.40320308481835,1363.1530343925021,74.77252713405522,0.57373046875,2
115,13,1551.0623630474954,22.18127563464641,1581.2039916939668,56.32297425175052,0.482421875,1
115,32,1558.9892842957227,712.8061973239951,1655.374388927877,862.5673912682117,0.0,2
115,34,1499.182857252629,16.97903454335644,1512.8096538707382,38.81248401379105,0.32080078125,2
115,36,1385.7757678807682,37.29295016098594,1404.0006810823797,62.71428462072203,0.0,2
115,38,1169.5597457005836,93.32203962013004,1231.7368205520038,141.11133255169526,0.256103515625,2
115,41,1286.775001686978,79.43047158311293,1310.1405717444413,114.47638152611617,0.0,2
115,51,1348.482076981484,47.14348714218015,1363.0228355602555,72.91476476268988,0.0,2
116,1,1570.2489554099259,373.32498117562943,1645.6791499691647,460.2318122892327,0.7890625,2
116,2,443.8277434003712,495.384032225951,502.8083661356372,593.3188561150076,0.79296875,2
116,3,826.963284998911,278.5911993868639,866.4614957794133,348.85455426402564,0.80810546875,2
116,4,559.5086068460637,446.00703726801044,616.0890344698953,540.5178357543402,0.80078125,2
116,5,1766.9039148921843,493.4939073860628,1903.4150752890257,624.2491521253878,0.0,2
116,6,1517.3102269733795,11.91657077785709,1530.8493316394113,34.08191034531302,0.405517578125,2
116,7,1287.7531430576291,81.62542470589347,1306.7422033581165,112.27703301435095,0.5849609375,2
116,8,1573.7063576273786,65.29550613718044,1597.2936423726217,103.51638060360105,0.478515625,2
116,9,1021.0856976578945,258.02300780218064,1295.0493147738503,324.2613293676052,0.0,1
116,10,1176.268708921757,90.1040049745747,1232.7627371009035,138.7364072953962,0.57568359375,1
116,11,1350.2038743610901,51.230212978515596,1363.1307442050518,74.62209457521877,0.57373046875,2
116,13,1550.9881449566958,22.209663256909938,1581.0986096190595,56.32986277403913,0.48046875,1
116,32,1558.4501471528583,712.2756875594672,1655.2822215964957,862.7307591129672,0.0,2
116,34,1499.110930944416,17.09789631121427,1512.7650790427417,38.72424636433401,0.32421875,2
116,36,1385.6934241418223,37.552829405867094,1403.998238411678,63.085355472577135,0.0,2
116,38,1169.711169030433,93.32245138319539,1231.730130344973,141.0275598750134,0.256103515625,2
116,41,1286.0238339987293,79.62454684349879,1309.5429776105548,114.90093469292982,0.0,2
116,51,1348.320165859959,47.19513691648372,1362.8729455662422,72.98767755856184,0.0,2
117,1,1575.5018127359347,371.507348305167,1652.3739644572101,459.29222178683176,0.78125,2
117,2,442.693462649903,497.0570596612262,502.0423147302775,595.7810892205904,0.7265625,2
117,3,824.9313249430412,280.65827662759426,864.5177111224509,351.76413813984726,0.79443359375,2
117,4,556.8652914122868,447.39152720502506,614.2092676026909,543.0166070415219,0.7744140625,2
117,5,1767.5944826833215,491.1816462391524,1906.838510896682,624.3593672429487,0.404541015625,2
117,6,1517.4859536649392,11.08120891342861,1530.913120394619,33.3166929775761,0.394287109375,2
117,7,1285.7201395383827,81.16747490082975,1304.8108075822022,111.64647497727798,0.445556640625,2
117,8,1573.624016125619,65.28566971279326,1597.375983874381,103.74822810866277,0.48828125,2
117,9,1020.8396117036914,258.04916475247603,1295.3029061287375,324.40857501040864,0.0,1
117,10,1176.2720764888675,90.06234464448356,1232.7556413951872,138.92492726618042,0.51953125,1
117,11,1349.5059936159887,50.851201072031266,1362.8085926873716,74.62669685574959,0.57958984375,2
117,13,1550.9398306514854,22.281970221911312,1581.080055647781,56.457312371432735,0.49609375,1
117,32,1557.911008184892,711.7451777949393,1655.1900560902166,862.8941269577226,0.0,2
117,34,1498.0477854831056,16.327394442230723,1511.794385604888,37.88037761533512,0.32080078125,2
117,36,1385.611079591833,37.812708650748256,1403.99579655202,63.45642632443225,0.0,2
117,38,1169.5093549127723,92.76874282678077,1231.985295025011,140.93518358160466,0.29248046875,2
117,41,1285.2726668926373,79.81862210388464,1308.9453828945113,115.32548785974348,0.0,2
117,51,1348.1582547186217,47.24678669078729,1362.7230555920412,73.06059035443381,0.0,2
118,1,1582.373951832517,368.8874601396087,1661.4751021383302,458.0117431663976,0.89013671875,2
118,2,437.93077494768966,499.5673958599574,498.3729302611208,600.5529243996066,0.62255859375,2
118,3,824.0610615755801,282.3900340399871,863.9841818099685,354.2865466354603,0.79443359375,2
118,4,554.781807694088,451.28269137444147,611.8122874473096,546.3338830681266,0.80419921875,2
118,5,1766.7393956165597,490.91975311381157,1906.0797446896336,624.3702835514898,0.39599609375,2
118,6,1517.702747919501,10.841068991059622,1530.748627697612,32.607973493057955,0.383056640625,2
118,7,1284.9194254515119,81.60666717727668,1304.1569829207804,112.01955891537239,0.552734375,2
118,8,1573.5881829275165,65.27988525143364,1597.4118170724835,103.83568094772583,0.482421875,2
118,9,1020.5935278461723,258.07532170277136,1295.556495386941,324.55582065321204,0.0,1
118,10,1176.286152956257,89.86498622391672,1232.7383890328133,138.93477532574724,0.57177734375,1
118,11,1349.177221894848,50.460718144042616,1362.768821924421,74.50480266339491,0.56982421875,2
118,13,1550.950110864695,22.370652527928826,1581.0456945305368,56.50580183699482,0.49609375,1
118,32,1557.3718673918233,711.2146680304114,1655.0978924090393,863.057494802478,0.0,2
118,34,1497.7987693525438,16.416022140533876,1511.3019110012672,37.5704101922633,0.271240234375,2
118,36,1381.0311028269975,39.5094613377142,1398.036872553706,62.99163983175047,0.25390625,2
118,38,1169.4708265573288,92.37885802891097,1232.0424115138649,140.71661791780429,0.276611328125,2
118,41,1284.5215003687024,80.01269736427048,1308.3477875963113,115.75004102655711,0.0,2
118,51,1347.9963435574723,47.29843646509086,1362.5731656376522,73.13350315030578,0.0,2
119,1,1584.452150894322,367.9534012262375,1664.971989740799,457.5931719041648,0.888671875,2
119,2,436.2848238602813,500.43366937058397,496.9891791085804,602.263125590133,0.62451171875,2
119,3,823.9349921081055,283.25957117824663,863.6876855425351,354.9471526297182,0.7958984375,2
119,4,554.3032428771644,452.68671091505456,611.289297169957,547.4983349410837,0.8056640625,2
119,5,1765.2946833791736,489.0949099261916,1906.9713770735818,624.6219864721515,0.390380859375,2
119,6,1517.7706167881197,10.70202428492133,1530.6563981204959,32.35779046719546,0.381103515625,2
119,7,1284.5599198909579,81.70362070607395,1304.0186765892445,112.21544642174398,0.55810546875,2
119,8,1573.5704452503603,65.27571878286315,1597.42955474964,103.86827466991613,0.482421875,2
119,9,1020.3474460853372,258.10147865306675,1295.8100825484603,324.7030662960155,0.0,1
119,10,1176.363844283267,89.79387553453893,1232.657868625599,138.93833121472503,0.55810546875,1
119,11,1349.0018490487578,50.21951673295048,1362.8217411113283,74.45825623978226,0.56982421875,2
119,13,1550.9566765613092,22.40332034763391,1581.0312961141822,56.524111978972996,0.49609375,1
119,32,1556.832724773653,710.6841582658835,1655.0057305529642,863.2208626472335,0.0,2
119,34,1497.696437963777,16.42133566451747,1511.1506184596135,37.493273151325994,0.2705078125,2
119,36,1380.5061982596449,39.72506916623486,1397.5145469357024,63.017005740092735,0.25537109375,2
119,38,1169.0715515213255,92.29807028295387,1231.4589507770063,140.69703801407266,0.286865234375,2
119,41,1283.7703344269241,80.20677262465632,1307.750191715954,116.17459419337075,0.0,2
119,51,1347.8344323765107,47.35008623939443,1362.4232757030752,73.20641594617774,0.0,2
120,1,1596.25272631121,363.1997790252916,1678.584206136116,454.0330736087107,0.8408203125,2
120,2,428.5291030682454,507.05042864752903,489.05104288339135,609.1836120932453,0.7646484375,2
120,3,821.7770684974096,284.5327856466897,862.8513622595902,358.82394197040094,0.796875,2
120,4,549.8582182521868,456.5954336663079,607.6345473426691,552.7867711051334,0.81298828125,2
120,5,1765.570700473557,489.8953937826622,1906.4904393903594,624.2240108605961,0.34326171875,2
120,6,1518.8365525398772,10.911302367959046,1531.551877447911,32.40505871857923,0.381103515625,2
120,7,1283.7115404141657,81.60946631374176,1303.7369111437056,113.14879867874646,0.6494140625,2
120,8,1573.5600785171346,65.14856090709274,1597.4399214828654,103.75596812261114,0.47265625,2
120,9,1020.1013664211861,258.12763560336214,1296.0636676132958,324.8503119388189,0.0,1
120,10,1176.507267061208,90.14173268476233,1232.5118991539337,139.063063469233,0.449462890625,1
120,11,1347.8593895749746,49.913365590651466,1361.9629680824264,74.50244793949932,0.56591796875,2
120,13,1550.9147549605775,22.290555556997063,1581.0714471343754,56.53083206434317,0.46875,1
120,34,1497.1488795084226,16.331564277161817,1510.623935351586,37.44019567279844,0.2958984375,2
120,36,1379.956723160076,39.67326173911438,1396.7135749103343,62.65291592091854,0.286865234375,2
120,38,1169.409429326134,92.33568362338166,1231.7363217368447,140.7537569670311,0.32861328125,2
120,41,1283.0191690673028,80.40084788504217,1307.1525952534403,116.5991473601844,0.0,2
120,51,1347.6725211757368,47.401736013698006,1362.2733857883104,73.27932874204973,0.0,2
121,1,1605.7750678800794,368.1217960137533,1682.17996091959,451.01935265743793,0.74755859375,2
121,2,423.3233675193168,510.96021147296784,483.53688977596704,613.6804177364977,0.72314453125,2
121,3,819.9942581897155,287.90076321810807,860.6585837083494,361.6995945043892,0.75927734375,2
121,4,545.0605552307532,460.94603668159846,603.1461599256761,558.1379601009933,0.82568359375,2
121,5,1765.5691367738225,490.21727738769926,1906.417362002404,624.0703266862088,0.280517578125,2
121,6,1519.2372822616326,10.812734805146906,1531.852678246454,32.2505525048054,0.375732421875,2
121,7,1282.7754126030748,81.75298431957043,1303.3043597795436,114.04294936649855,0.72802734375,2
121,8,1573.4872968526213,64.91333718069195,1597.5127031473787,103.77481428642533,0.458984375,2
121,9,1019.8552888537189,258.15379255365747,1296.3172505814473,324.9975575816223,0.0,1
121,10,1176.4392990567535,90.27748980932164,1232.5775436227013,139.23399009744298,0.390380859375,1
121,11,1346.3089865578645,49.614996516916975,1360.8047174379237,74.82663838656404,0.59814453125,2
121,13,1550.7652054588548,21.8757264161256,1581.2213674166987,56.533143641769996,0.46484375,1
121,34,1496.9373687017112,16.144241768395837,1510.4556536760642,37.33326452508881,0.32421875,2
121,36,1379.7780061867456,40.26933143586355,1396.4341874623758,63.138277782020666,0.25537109375,2
121,38,1171.8999928243302,91.61385162191955,1233.438328972841,139.7879659856717,0.37939453125,2
121,41,1282.2680042898382,80.59492314542803,1306.5549982087698,117.02370052699806,0.0,2
121,51,1347.510609955151,47.453385788001576,1362.123495893358,73.35224153792169,0.0,2
122,1,1608.7229924190817,370.1825592946716,1683.370161317194,449.9762659194392,0.74755859375,2
122,2,421.6374516072314,512.341572556166,481.3754714835511,615.2656915337488,0.72509765625,2
122,3,819.4646277890663,289.4125753128473,859.7630327270857,362.7372835430574,0.7578125,2
122,4,543.5319836313769,462.7648667713148,601.3199992731983,559.8317252107362,0.82666015625,2
122,5,1765.46898830118,490.34669049919285,1906.4931452608016,624.0131541325361,0.280517578125,2
122,6,1519.4493436289547,10.722013027809725,1531.8685158800029,31.893834115763894,0.359375,2
122,7,1282.4312795539217,81.8028471559209,1303.1656764176432,114.37723252537046,0.7265625,2
122,8,1573.4628609885751,64.88593074742282,1597.5371390114249,103.84345946054574,0.4609375,2
122,9,1019.6092133829358,258.17994950395286,1296.5708314529147,325.14480322442574,0.0,1
122,10,1176.3901068566408,90.33047970477469,1232.6247639770363,139.29760136152498,0.390380859375,1
122,11,1345.7281699072216,49.5347215499425,1360.3755260533594,74.94987948168183,0.60205078125,2
122,13,1550.8202683168972,21.965947670608987,1581.1673108605712,56.53381101316559,0.470703125,1
122,34,1496.9210412022028,16.35618497684408,1510.3519912214645,37.39247300894145,0.277587890625,2
122,36,1379.7347930603732,40.16433207203026,1396.3473664870635,62.99700803338506,0.28857421875,2
122,38,1173.4616467681385,91.34633979976965,1234.4535038846475,139.4245432926124,0.373046875,2
122,41,1281.5168400945304,80.78899840581387,1305.957400581942,117.44825369381171,0.0,2
122,51,1347.348698714753,47.505035562305146,1361.9736060182177,73.42515433379366,0.0,2
123,1,1613.209480760911,372.21619281973375,1686.0491771411303,449.41535671362607,0.78271484375,2
123,2,420.5581720423892,516.4508464215945,479.2706313362836,617.954124927135,0.73876953125,2
123,3,818.191390495282,291.16971613084394,858.6314980880616,365.03033004884617,0.78515625,2
123,4,541.7414709711104,464.34421173109183,600.0767193895431,562.3308895795866,0.82666015625,2
123,5,1765.3425298083205,490.401588351161,1906.6140439667922,623.992807281704,0.318359375,2
123,6,1519.629840496874,10.66552093997272,1531.7371722170215,31.304213220052908,0.357666015625,2
123,7,1282.518060305671,82.42893937752568,1302.9413139217424,114.37033598277588,0.75634765625,2
123,8,1573.4565548417786,64.752155692987,1597.5434451582216,103.74549860142247,0.455078125,2
123,9,1019.3631400088366,258.20610645424824,1296.824410227698,325.2920488672292,0.0,1
123,10,1175.915927229789,90.47549852825381,1232.1069341729858,139.3202986658672,0.341552734375,1
123,11,1346.3954118670463,49.5384810046408,1361.3125442205057,75.42532933737877,0.638671875,2
123,13,1550.8503746924175,22.001747546578805,1581.1385264344249,56.533835621195884,0.47265625,1
123,34,1496.4191166048577,16.688389150329506,1509.8343331714827,37.42109031589615,0.286865234375,2
123,36,1379.8164892013278,40.17433147491816,1396.2546252162524,62.74814512949941,0.27197265625,2
123,38,1173.2945602198654,91.37716811060488,1233.5891330299619,139.16933523419303,0.415771484375,2
123,41,1280.7656764813796,80.98307366619972,1305.3598023729578,117.87280686062536,0.0,2
123,51,1347.1867874545428,47.55668533660872,1361.8237161628895,73.49806712966563,0.0,2
124,1,1620.3040981551214,368.8897801646302,1695.3462641102265,448.26589916188084,0.69921875,2
124,2,416.08955283537915,520.8738469435095,474.8593371648742,622.8065670920453,0.69091796875,2
124,3,816.2275808718458,291.0502391758029,857.8114312097649,367.30895058909266,0.7578125,2
124,4,538.4703808151744,466.5791725666286,596.9690857194005,565.3912111617283,0.767578125,2
124,5,1765.258171414755,490.2859064302221,1906.617570634985,623.9599930830735,0.0,2
124,6,1519.5785446264763,10.511417521927028,1531.7715715082074,31.06747515350431,0.363037109375,2
124,7,1282.4939238621942,82.6636708907837,1302.9660559423903,114.84789711934637,0.7548828125,2
124,8,1573.3587695470808,64.39267374672758,1597.641230452919,103.76981159245175,0.462890625,2
124,9,1019.1170687314213,258.2322634045436,1297.0779869057976,325.4392945100326,0.0,1
124,10,1175.8342418300094,90.77901678006852,1231.8133166046148,139.32741207805023,0.3056640625,1
124,11,1346.5742738369006,49.48205724160637,1361.7709006622588,75.91036017721187,0.65478515625,2
124,13,1550.6835896775547,21.582594696553066,1581.306563773108,56.59557725775617,0.482421875,1
124,34,1496.2671963911582,16.72035762100709,1509.6264269245696,37.34324670855234,0.309814453125,2
124,36,1379.3978665465966,39.97738385811089,1395.7031367749928,62.58451385118995,0.29345703125,2
124,38,1173.1596627850051,91.58322007089697,1233.308313134468,139.26604423410893,0.454345703125,2
124,41,1280.0145134503855,81.17714892658557,1304.7622035818167,118.29736002743901,0.0,2
124,51,1347.0248761745204,47.60833511091229,1361.6738263273735,73.5709799255376,0.0,2
125,1,1622.6514553720185,367.7160143323247,1698.5852066212462,447.89169304897206,0.69775390625,2
125,2,414.57136256685146,522.1840244387907,473.2549521454049,624.2675782833244,0.69287109375,2
125,3,815.5719916489759,290.9674182195685,857.4876181276245,368.118724671632,0.7578125,2
125,4,537.4088846109689,467.3436581466466,595.7859285382985,566.4529089046888,0.7646484375,2
125,5,1765.1738128642314,490.1702245092832,1906.621097460136,623.927178884443,0.0,2
125,6,1519.5814570079037,10.461099140364785,1531.7389808500768,30.992859961286044,0.36474609375,2
125,7,1282.5301690733995,82.74559471059538,1302.9611918121125,115.01694493330479,0.75341796875,2
125,8,1573.3333441042257,64.25816045777138,1597.6666558957745,103.77888792838004,0.462890625,2
125,9,1018.8709995506902,258.25842035483896,1297.331561487213,325.586540152836,0.0,1
125,10,1175.7724225586994,90.89361228608878,1231.7371307711735,139.32867670188185,0.30908203125,1
125,11,1346.6628730677041,49.46341006497627,1361.9458471777345,76.09343655277175,0.65478515625,2
125,13,1550.6680979096393,21.48743620923084,1581.3230942269038,56.61859155471856,0.484375,1
125,34,1496.216057974356,16.763279540393516,1509.5652036738265,37.3496617364501,0.30908203125,2
125,36,1379.295314419993,39.957721836214425,1395.4739988451406,62.581712515318706,0.291748046875,2
125,38,1173.101972092323,91.60517851441713,1233.1915380492867,139.24684584942892,0.453369140625,2
125,41,1279.2633510015482,81.37122418697142,1304.1646042085188,118.72191319425266,0.0,2
125,51,1346.8629648746858,47.65998488521586,1361.5239365116695,73.64389272140957,0.0,2
125,56,1674.666574537405,354.69856311306603,1702.7447588676846,376.4614223347995,0.350341796875,2
126,1,1630.4806072255178,365.8090512179593,1704.332199051154,445.32254955587973,0.66552734375,2
126,2,407.22681862811606,526.5173492125977,468.78192747976095,633.5889808429363,0.544921875,2
126,3,814.0106903828278,294.06221470851926,855.8449162107373,371.28741247646934,0.76904296875,2
126,4,532.3429576956943,470.5002673115436,591.8208641658804,571.1811886067624,0.79052734375,2
126,5,1764.9073758570091,489.7973482766722,1907.048170965933,623.9835765168027,0.2568359375,2
126,6,1520.1843360244275,10.230301980178393,1532.1018973436562,30.040655447968692,0.315673828125,2
126,7,1281.6737413222895,85.11178934951757,1301.8922106760228,117.41145793440278,0.74462890625,2
126,8,1573.431873484475,64.51786985259028,1597.568126515525,103.72045127348919,0.455078125,2
126,9,1018.6249324666429,258.28457730513435,1297.5851339719445,325.73378579563945,0.0,1
126,10,1175.7208905343027,90.87347953380554,1231.741312860544,139.26587905106027,0.405517578125,1
126,11,1346.3888727038152,49.45954073597316,1361.3609453808779,75.79241179727737,0.6533203125,2
126,13,1550.9355531796039,22.1321887556668,1581.0566515793487,56.62693819818499,0.494140625,1
126,34,1495.8931745157665,16.40495874919047,1508.8691879122548,36.29624086271119,0.254638671875,2
126,36,1379.3061881385765,41.063823832755865,1395.3693062489228,63.698279975208514,0.259033203125,2
126,38,1171.307735167988,92.48702381299682,1231.927925999677,140.36166753138744,0.369384765625,2
126,41,1278.5121891348679,81.56529944735726,1303.567004253064,119.1464663610663,0.0,2
126,51,1346.7010535550392,47.71163465951943,1361.374046715778,73.71680551728154,0.0,2
126,56,1675.5967681819377,354.1484695765815,1703.852383638939,376.0488521824361,0.0,2
127,1,1637.742301406254,367.6312006863084,1705.691031972643,442.9161198478993,0.6298828125,2
127,2,400.4568776898544,531.9577300340341,461.55753022979917,638.9436160422478,0.64599609375,2
127,3,812.6157044496097,297.9100913423969,854.1430789207244,374.39848939662545,0.73583984375,2
127,4,527.5867910237964,474.56555877851747,588.414510168402,577.7865940658239,0.8173828125,2
127,5,1764.5431930539778,489.20856662687936,1907.4246317983643,623.9871746701875,0.28857421875,2
127,6,1519.7740090637617,9.946015569829514,1531.8349911136384,29.47677150953883,0.296630859375,2
127,7,1280.6665548116382,85.13856773104105,1301.2132517367918,118.43165777510491,0.75927734375,2
127,8,1573.4378306523238,64.61925047386879,1597.5621693476762,103.82205803465708,0.462890625,2
127,9,1018.3788674792797,258.3107342554297,1297.838704359992,325.88103143844285,0.0,1
127,10,1175.798592520087,91.17463420360636,1231.650342657584,139.3032220087835,0.37744140625,1
127,11,1345.8970451168059,49.46144631479936,1360.5522502385893,75.4243763789416,0.64794921875,2
127,13,1551.0570417293104,22.44295071949753,1580.936178613428,56.629574919661366,0.48828125,1
127,34,1495.7804478956214,16.490271020657055,1508.6229090672932,36.06163798113264,0.260498046875,2
127,36,1379.3547348047837,42.21767564250537,1395.3136576436582,64.85964554670886,0.259765625,2
127,38,1172.4623503739567,92.20358446147647,1232.583680337718,139.67107427429488,0.402587890625,2
127,51,1346.5391422155803,47.763284433823,1361.2241569396986,73.78971831315351,0.0,2
127,56,1676.526961825979,353.59837604009687,1704.9600084106853,375.63628203007266,0.0,2
127,57,18.090790163640754,439.5599317779684,55.421206768821186,514.0299579315645,0.307373046875,2
128,1,1640.6114672463436,368.3702134840074,1705.4064980892233,442.100536286674,0.6298828125,2
128,2,398.0700616801016,533.948338447491,458.7629489916581,640.8617550466275,0.64404296875,2
128,3,812.1188249215944,299.3282649774189,853.5617717895129,375.5079660626421,0.73583984375,2
128,4,525.9041396613934,476.04264129705206,587.1535364874704,580.2128903831497,0.8173828125,2
128,5,1764.3891520374177,489.00689200858733,1907.5831927101196,623.9885376168779,0.291748046875,2
128,6,1520.1090297244527,9.833059466986697,1532.2419986634702,29.254206658330205,0.296630859375,2
128,7,1280.3503754209069,85.0767615037617,1300.9215637023742,118.86177742396407,0.7607421875,2
128,8,1573.44358576258,64.6583979996624,1597.5564142374203,103.86022507857871,0.462890625,2
128,9,1018.1328045886005,258.33689120572507,1298.0922726513559,326.0282770812463,0.0,1
128,10,1175.794000422126,91.22464967250076,1231.6543915222867,139.25438799809086,0.37744140625,1
128,11,1345.7486667742571,49.46500812692371,1360.225414594524,75.2815980010534,0.64794921875,2
128,13,1551.1186860769642,22.620551278095547,1580.8753646860273,56.63013167306332,0.48828125,1
128,34,1495.727594568899,16.522516059545033,1508.5651076609713,35.98350128955745,0.260498046875,2
128,36,1379.3939991072798,42.57684335616352,1395.2967576613416,65.28691907403453,0.259765625,2
128,38,1172.8966523061151,92.09662217355145,1232.836853329758,139.40925936866276,0.39501953125,2
128,51,1346.3772308563093,47.81493420812658,1361.0742671834312,73.86263110902549,0.0,2
128,56,1677.457155469529,353.0482825036123,1706.0676331829231,375.22371187770926,0.0,2
128,57,18.888034722108593,437.24689869814256,57.603462732319905,513.7164142756385,0.3056640625,2
128,58,19.833472021858412,464.2956034840337,56.461115934391984,515.25,0.5,2
128,59,1649.444572694515,368.2846352752559,1746.832509507532,444.7269098164961,0.361083984375,2
129,1,1645.5146685712775,367.3852922731873,1707.1423675735448,440.5965653232454,0.303955078125,2
129,2,395.36190562565486,538.0289721763987,455.83581727717336,644.8878901299697,0.67724609375,2
129,3,810.6624964256297,299.06604327467613,853.7192845801229,378.5680209014823,0.72314453125,2
129,4,523.74780752085,478.9635930471593,584.4766670025082,582.0008605182365,0.81396484375,2
129,5,1764.7504338276315,489.9272883636385,1907.2252784344078,623.989759643585,0.4111328125,2
129,6,1520.4112860972925,9.658582066881085,1532.4132250849327,28.870225456562377,0.0,2
129,7,1280.0270826818771,85.4666228644105,1300.0714306622278,118.69987364215271,0.763671875,2
129,8,1573.4163368224588,64.54997526873072,1597.5836631775412,103.87425379966992,0.45703125,2
129,9,1017.8867437946052,258.3630481560204,1298.3458388460353,326.17552272404964,0.0,1
129,10,1176.2575124070672,91.17900838099231,1232.1880210307415,139.17320456427808,0.453369140625,1
129,11,1345.6865909961598,49.59247688050181,1360.1279279561513,75.22659711861125,0.642578125,2
129,13,1551.1095560360668,22.56084103885506,1580.8852090841708,56.56775119086433,0.48828125,1
129,34,1495.545218421897,16.510929917838414,1508.2638199936748,35.79133071574125,0.0,2
129,36,1379.4828679580626,42.883394638169754,1395.237750858479,65.49749685144144,0.253173828125,2
129,38,1171.282578798067,92.92768752140518,1231.7206361882138,140.43199515979092,0.3251953125,2
129,51,1346.215319477226,47.86658398243015,1360.9243774469758,73.93554390489746,0.0,2
129,56,1678.3873491125873,352.4981889671277,1707.1752579556523,374.8111417253458,0.0,2
129,57,20.180008337215043,433.8949026183241,61.84635464189961,515.2650779157646,0.436767578125,2
129,58,20.628992364434115,459.74620503077136,61.64644734170169,516.4094393543269,0.56396484375,2
129,59,1651.5135220324955,368.6933835057761,1748.0335460137142,444.4544109961492,0.0,2
130,1,1650.791250871411,366.8768052824874,1711.5378647605723,439.04054804711603,0.0,2
130,2,392.65325384654346,542.4183355276335,453.2187774340566,649.2333669279114,0.71044921875,2
130,3,808.6681673771147,302.5773569601645,851.3962401109603,381.8538185492263,0.75341796875,2
130,4,520.6436368707052,482.4534396498524,581.5084043588539,586.006527232042,0.8154296875,2
130,5,1765.3776754072926,489.5384012813585,1908.5864412479941,624.2391390154755,0.440673828125,2
130,6,1520.7135408704908,9.484104666775472,1532.584453106037,28.48624425479455,0.0,2
130,7,1279.0508899866425,86.15896852513937,1298.6600580478944,118.92019941161438,0.75048828125,2
130,8,1573.3467634365702,64.32404167704776,1597.6532365634296,103.94092017580424,0.46484375,2
130,10,1176.0197612364186,91.65613441650454,1231.8103619607948,139.26636398353477,0.447509765625,1
130,11,1344.6566728328141,49.48764159230614,1359.132872159925,75.08101416011944,0.6494140625,2
130,13,1551.0300255648833,22.350052766380667,1580.9653555365721,56.544071562482245,0.48046875,1
130,34,1495.3628442576178,16.499343776131795,1507.9625303436553,35.59916014192507,0.0,2
130,36,1379.5837432719336,42.85915673009585,1395.1687288209234,65.31498949301016,0.259765625,2
130,38,1170.5383297108117,93.24050716668114,1231.4348603848475,140.9420534251428,0.319091796875,2
130,51,1346.0534080783307,47.91823375673372,1360.7744877303328,74.00845670076941,0.0,2
130,56,1679.3175427551541,351.94809543064315,1708.282882728873,374.3985715729824,0.0,2
130,57,24.573501762445364,439.0011280768564,65.49155573780527,516.8495317220562,0.32763671875,2
130,58,23.925498139095286,461.9930541389796,65.49284822681874,518.3527122607185,0.638671875,2
130,59,1653.5824713720965,369.1021317362964,1749.2345825182754,444.1819121758023,0.0,2
131,1,1656.0678433863795,366.36831829178743,1715.9333517327648,437.4845307709866,0.0,2
131,2,391.8506393649125,544.4545668096771,452.2615375402448,650.7388751125162,0.71044921875,2
131,3,808.0038309589777,303.8908873041099,850.4785253510939,383.04352414818885,0.75341796875,2
131,4,519.6118776689951,483.6878676260221,580.4265850125785,587.4150318584577,0.81640625,2
131,5,1765.6000279539776,489.39512891419804,1909.1100149084978,624.3330871245732,0.436767578125,2
131,6,1521.0157940440472,9.30962726666986,1532.7556827267829,28.10226305302672,0.0,2
131,7,1278.7754429647862,86.46885419463872,1298.0753798301864,118.92215696109552,0.75048828125,2
131,8,1573.331748872917,64.30133663941942,1597.6682511270828,104.02731468082608,0.46484375,2
131,10,1175.8482341679278,91.83383586679514,1231.7489006304017,139.30132961059235,0.455078125,1
131,11,1344.2715506175748,49.54260533837628,1358.77538522923,75.0878703738746,0.64794921875,2
131,13,1551.0007572675117,22.269351772549175,1580.9951545221704,56.53514002142397,0.48046875,1
131,34,1495.1804720760615,16.487757634425172,1507.6612387109135,35.40698956810887,0.0,2
131,36,1379.6451339221917,42.83533837145553,1395.1371616075282,65.23420531398553,0.259765625,2
131,38,1170.2719456102725,93.48025393956041,1231.3171591200273,141.13304675069566,0.3173828125,2
131,51,1345.8914966596233,47.9698835310373,1360.6245980335018,74.0813694966414,0.0,2
131,56,1680.2477363972296,351.39800189415854,1709.3905075025853,373.9860014206189,0.0,2
131,57,25.73594509131153,441.16202571448156,66.92803459638202,517.4414922274905,0.326904296875,2
131,58,24.80376064734482,462.9508967018188,67.0275555812067,519.0525424207144,0.638671875,2
131,59,1655.6514207133184,369.5108799668167,1750.435619021216,443.9094133554554,0.0,2
132,1,1661.3444461161832,365.8598313010875,1720.3288284901223,435.92851349485727,0.0,2
132,2,384.45184045903227,548.063376843151,448.0033163789959,658.579657726698,0.73876953125,2
132,3,807.2481940134998,309.7485645561663,848.7581180670787,386.8602333524187,0.7216796875,2
132,4,516.0564162426833,488.98927723434826,576.9735860840578,592.7600612184317,0.80908203125,2
132,5,1766.2683293068444,490.08725559217277,1908.7166220623924,624.1206616189454,0.36474609375,2
132,6,1521.3180456179623,9.135149866564248,1532.9269139471708,27.718281851258894,0.0,2
132,7,1277.6065063952612,87.06804306841516,1296.9773358763207,119.89953787402015,0.7138671875,2
132,8,1573.4012767357858,64.41793677546968,1597.5987232642142,103.9358321646484,0.449462890625,2
132,10,1176.2159906987802,91.77233904200995,1232.2903765470912,139.31392027777798,0.47265625,1
132,11,1344.1323304845284,50.15391812429182,1358.659578425042,75.64855080633859,0.67041015625,2
132,13,1550.9905300665146,22.23822086155468,1581.005864380309,56.531821203279264,0.490234375,1
132,34,1494.638479732543,18.008690454143448,1508.2944452851916,38.772411205860806,0.322509765625,2
132,36,1379.3004745549688,42.87648726775595,1394.5124505293356,65.13231588426926,0.3310546875,2
132,38,1169.6244167365016,93.6916701399331,1230.8362828835054,141.32583829828246,0.294921875,2
132,51,1345.7295852211037,48.02153330534087,1360.4747083564832,74.15428229251336,0.0,2
132,56,1681.1779300388137,350.847908357674,1710.498132276789,373.5734312682555,0.0,2
132,57,30.814339631212135,449.2225258977421,71.32046051826504,519.7033300780051,0.70263671875,2
132,58,26.47668862636265,462.87956148072436,69.35500934089754,519.8508522152209,0.0,2
132,59,1657.7203700561608,369.919628197337,1751.6366555225359,443.63691453510853,0.0,2
133,1,1666.621059060822,365.3513443103876,1724.724295032645,434.37249621872786,0.0,2
133,2,379.5433776791627,553.2319396161292,443.71466362990054,664.3434812240819,0.708984375,2
133,3,806.0773316377084,312.1653182340544,848.1003954507887,389.96444355613716,0.76220703125,2
133,4,513.2863566623198,493.13177058822333,575.2977831554895,598.3778851887186,0.7919921875,2
133,5,1765.497761829752,488.8638188987567,1909.5812675950117,624.535978024426,0.455078125,2
133,6,1521.6202955922354,8.960672466458636,1533.0981467671998,27.334300649491066,0.0,2
133,7,1276.3055798569112,87.52695072927776,1295.4938146744917,120.25129570166266,0.69287109375,2
133,8,1573.4314782423185,64.46379592830166,1597.5685217576818,103.90012577728116,0.439697265625,2
133,10,1176.4550351970324,91.93166596444688,1232.393917081255,139.25602006033643,0.552734375,1
133,11,1344.0412919670327,51.22249520655275,1358.6796848737577,76.851943174881,0.6689453125,2
133,13,1551.126637445627,22.62887750591672,1580.8701856241535,56.56162627772085,0.4921875,1
133,34,1494.6732538394651,18.67588921565393,1508.1626320279715,39.48038436098415,0.269775390625,2
133,36,1378.7810265516414,43.00508113825309,1393.68574023473,65.02317034518465,0.36669921875,2
133,38,1169.542537497583,94.01546077382017,1230.5020308318033,141.39478242094629,0.275146484375,2
133,51,1345.5676737627716,48.07318307964444,1360.3248186992764,74.22719508838533,0.0,2
133,56,1682.108123679906,350.2978148211894,1711.6057570514838,373.16086111589203,0.0,2
133,57,36.504515022836124,453.77962966345325,77.09205686515187,519.9678904712367,0.8232421875,2
133,58,28.149616534458627,462.80822625963,71.68246317151022,520.6491620097274,0.0,2
133,59,1659.789319400624,370.3283764278572,1752.837692022235,443.3644157147616,0.0,2
134,1,1671.8976822202958,364.84285731968765,1729.1197513603322,432.81647894259845,0.0,2
134,2,377.7189372820017,554.8571578728922,442.25550350714155,666.1656028947588,0.708984375,2
134,3,805.6419912349378,313.00370213547956,847.9279629591717,391.04911287927825,0.76220703125,2
134,4,512.2681831388256,494.6085171458206,574.805704466972,600.3952805223527,0.7919921875,2
134,5,1765.234315904394,488.4074947343686,1909.8720470157882,624.6912322375847,0.452392578125,2
134,6,1521.9225439668671,8.786195066353024,1533.2693811868708,26.95031944772324,0.0,2
134,7,1275.868161055007,87.68555995930372,1294.9225718112848,120.36565095664908,0.6943359375,2
134,8,1573.4460195589622,64.4819483150209,1597.553980441038,103.88621220718312,0.437744140625,2
134,10,1176.510750779549,91.98821711311447,1232.4653312119544,139.23362280250817,0.548828125,1
134,11,1344.0090041559831,51.56056158318745,1358.7070012820188,77.23987964551691,0.6669921875,2
134,13,1551.1666629951449,22.807503218244733,1580.8305615830545,56.604097467144314,0.4921875,1
134,34,1494.738380964316,18.91525659382941,1508.0713762626015,39.73403718180604,0.269775390625,2
134,36,1378.5594282556524,43.042665770397456,1393.4205491452544,64.97493175851434,0.36669921875,2
134,38,1169.5667255649641,94.25737068870023,1230.333910261623,141.4165489474566,0.276611328125,2
134,51,1345.4057622846278,48.12483285394801,1360.1749290618823,74.3001078842573,0.0,2
134,56,1683.0383173205068,349.7477212847048,1712.7133818266705,372.74829096352863,0.0,2
134,57,37.471719675763886,455.3002153963485,79.60957408276775,520.0206068353077,0.82421875,2
134,58,29.82254437163274,462.7368910385356,74.00991707304478,521.447471804234,0.0,2
134,59,1661.8582687467078,370.7371246583775,1754.0387285203135,443.09191689441474,0.0,2
135,1,1677.1743155946046,364.33437032898775,1733.5151974731846,431.2604616664691,0.0,2
135,2,373.6212322200684,558.2966690936489,438.4835972516201,669.6506793846746,0.70556640625,2
135,3,804.7318947585239,316.20678987853296,846.7231496945423,393.34559907248706,0.77880859375,2
135,4,509.53757220756506,497.7688642548858,572.7294907111291,603.7389943881271,0.830078125,2
135,5,1763.9477211952878,487.74619180164603,1909.1846472664722,624.748577514592,0.615234375,2
135,6,1522.224790741857,8.611717666247412,1533.4406172061833,26.56633824595541,0.0,2
135,7,1275.7589846898259,88.34977374859481,1294.7047378774696,121.0108282901668,0.640625,2
135,8,1573.4542703074183,64.36551007461662,1597.5457296925817,103.7567844633345,0.439697265625,2
135,10,1176.4993556918935,91.94374518325732,1232.5213642347082,139.16285436069302,0.5888671875,1
135,11,1343.3728774899685,52.177517095877896,1358.3724661283152,78.1218677386686,0.67578125,2
135,13,1551.1238020079716,22.748237248456036,1580.8737580859975,56.61991594669267,0.494140625,1
135,34,1494.7605027916659,18.937031923232567,1508.0528193955317,39.94523833840519,0.276611328125,2
135,36,1378.515917325263,43.60853170885823,1393.3023556692958,65.88637106303091,0.3720703125,2
135,38,1169.6977146371933,94.46732620859967,1230.1617617229986,141.4208001115378,0.260498046875,2
135,51,1345.2438507866716,48.17648262825158,1360.0250394442999,74.37302068012926,0.0,2
135,56,1683.9685109606164,349.1976277482202,1713.8210066023487,372.3357208111652,0.0,2
135,57,39.823222646543314,454.7220609122227,85.36371472798726,521.0536362206981,0.85498046875,2
135,58,31.495472137885002,462.6655558174412,76.33737104550119,522.2457815987406,0.0,2
135,59,1663.9272180944126,371.14587288889777,1755.2397650167716,442.8194180740678,0.0,2
136,1,1682.4509591837486,363.82588333828784,1737.910633371202,429.70444439033975,0.0,2
136,2,370.8167627811731,564.1619555129107,435.09599797451864,674.5215502139108,0.66357421875,2
136,3,803.4713585317209,317.84033919427276,846.2797330406763,396.11044070193174,0.74169921875,2
136,4,505.3659582658639,501.3332674659678,569.8309374796767,608.8286401570748,0.8798828125,2
136,5,1763.8224983569505,486.0219653123657,1910.5296982841858,624.7682818230512,0.58984375,2
136,6,1522.5270359172052,8.4372402661418,1533.6118548251375,26.182357044187583,0.0,2
136,7,1275.469487249109,88.58610534685133,1293.9312889966377,120.74260429481704,0.61865234375,2
136,8,1573.3949522065623,64.19826709641623,1597.6050477934377,103.83174247354285,0.441650390625,2
136,10,1176.4654768080031,92.04785784435927,1232.5688013849422,139.26034899624216,0.6298828125,1
136,11,1342.7106456699935,53.0204270769318,1357.6996783431894,78.94006009091686,0.6826171875,2
136,13,1551.241348926492,23.033998555906926,1580.756495586974,56.563611362527006,0.4921875,1
136,34,1494.11386823226,17.21719815671417,1507.7287787226628,38.78784591472247,0.264404296875,2
136,36,1377.9890401701668,44.368161837092124,1392.7962014285974,66.90090368878506,0.363037109375,2
136,38,1169.5986119628585,94.62025016728597,1229.9744232472967,141.50499461101992,0.0,2
136,51,1345.0819392689034,48.228132402555154,1359.87514984653,74.44593347600124,0.0,2
136,56,1684.8987046002344,348.64753421173566,1714.9286313785183,371.9231506588018,0.0,2
136,57,44.60488143393009,454.9818920796363,92.67811241494098,521.9074304668604,0.74755859375,2
136,58,33.1683998332154,462.59422059634676,78.66482508887945,523.0440913932471,0.0,2
136,59,1665.9961674437377,371.5546211194181,1756.4408015116085,442.54691925372094,0.0,2
137,1,1687.7276129877275,363.3173963475879,1742.3060590543841,428.14842711421034,0.0,2
137,2,369.8960262134036,566.2606819540027,433.9360688152101,676.2156406817253,0.66552734375,2
137,3,802.9808304169708,318.38849686358185,846.1998866599366,397.07468125452306,0.74169921875,2
137,4,503.7734102016589,502.59188324960485,568.9041113886758,610.645964334603,0.87890625,2
137,5,1763.880882668676,485.37854760079756,1910.9331082911942,624.7738753507308,0.583984375,2
137,6,1522.829279492912,8.262762866036187,1533.7830940437336,25.798375842419755,0.0,2
137,7,1275.4368533108689,88.65809679961183,1293.6159061529659,120.62176937522005,0.61865234375,2
137,8,1573.3806808384056,64.13625608676223,1597.6193191615944,103.8602464084314,0.441650390625,2
137,10,1176.4258661947968,92.08412722622597,1232.6104794055339,139.29713419813248,0.6259765625,1
137,11,1342.4693707977524,53.33223839625529,1357.454929408214,79.24002310615282,0.68603515625,2
137,13,1551.2679988505345,23.139904693903635,1580.7301172417283,56.5420682987598,0.490234375,1
137,34,1494.4650377248965,16.623096061326308,1507.9962770515635,38.34404356101447,0.265869140625,2
137,36,1377.8375073590983,44.64596059239826,1392.5745101699877,67.27680217934639,0.361083984375,2
137,38,1169.4995096845234,94.77317412597226,1229.7870843755945,141.58918911050205,0.0,2
137,51,1344.9200277313228,48.279782176858724,1359.725260268572,74.5188462718732,0.0,2
137,56,1685.828898239361,348.09744067525105,1716.0362561551794,371.5105805064383,0.0,2
137,57,45.601248798120096,455.02298327213083,95.87741456281125,522.1954784988582,0.74755859375,2
137,58,34.84132745762395,462.5228853752524,80.99227920317958,523.8424011877536,0.0,2
137,59,1668.0651167946837,371.9633693499383,1757.6418380048249,442.274420433374,0.0,2
138,1,1693.0042770065415,362.80890935688797,1746.7014745227314,426.5924098380809,0.0,2
138,2,359.7120995198783,571.3748298373705,426.1382045205787,685.1191314991047,0.708984375,2
138,3,801.4563951758262,320.49262366930316,845.6167103417107,400.8056271521401,0.7548828125,2
138,4,499.92600492676496,507.63507449046676,566.0797456130042,616.3693417475373,0.85595703125,2
138,5,1764.220689375118,485.887630972981,1910.7652577321244,625.020433088109,0.62890625,2
138,6,1523.1315214689769,8.088285465930575,1533.954334861971,25.414394640651928,0.0,2
138,7,1273.5505438300524,90.7246546198273,1291.4344144870165,122.11924572144643,0.529296875,2
138,8,1573.5440694192882,64.73259394165689,1597.455930580712,103.87103292115955,0.437744140625,2
138,10,1176.3866656589294,92.09480953593113,1232.6477134147194,139.31070433338238,0.5546875,1
138,11,1342.504389154728,53.841242533166245,1357.2600953303017,79.27863802552895,0.673828125,2
138,13,1551.4018793671135,23.58110224681896,1580.5964651169945,56.56514062653551,0.482421875,1
138,34,1494.2916428283825,16.549055022780653,1507.8863669452887,38.37165685006468,0.0,2
138,36,1377.328414755292,44.491930734049795,1391.9742392850635,66.9132542095091,0.36669921875,2
138,38,1169.7744851313414,94.72399192881596,1230.0725951631869,141.5794588821645,0.269775390625,2
138,51,1344.7581161739301,48.331431951162294,1359.5753707104261,74.59175906774517,0.0,2
138,56,1686.759091877996,347.5473471387665,1717.143880932332,371.0980103540749,0.0,2
138,57,52.442729958782266,455.99680184043905,105.75062916652465,525.2892571719422,0.80908203125,2
138,58,36.514255011110635,462.451550154158,83.31973338840154,524.6407109822601,0.0,2
138,59,1670.1340661472505,372.3721175804586,1758.8428744964208,442.00192161302715,0.0,2
139,1,1698.2809512401907,362.30042236618806,1751.0968797762437,425.0363925619516,0.0,2
139,2,353.0295621253721,576.1297918215336,420.64780943256756,691.7670786865087,0.7431640625,2
139,3,798.9404947992933,323.4352127605725,843.4769314753017,404.353141594979,0.73876953125,2
139,4,495.3871916397927,512.4072857847674,562.3516280123831,621.8685815313813,0.83740234375,2
139,5,1764.8306582209016,488.0741535958979,1908.2385585534998,624.618248817411,0.42724609375,2
139,6,1523.4337618454003,7.913808065824963,1534.1255772798502,25.0304134388841,0.0,2
139,7,1272.2971108378933,91.92366272492917,1290.2078762532467,123.35635410853669,0.60205078125,2
139,8,1573.6313678317947,64.96076454043099,1597.368632168205,103.75048731924913,0.42822265625,2
139,10,1176.3499767118094,91.97201529381914,1232.681218782483,139.19138541298332,0.5869140625,1
139,11,1343.1199791668096,54.05255345601325,1357.6083791678993,78.90445898983658,0.642578125,2
139,13,1551.3534367212792,23.52498008604341,1580.6451190271941,56.54268708778528,0.474609375,1
139,34,1494.1182471939724,16.475013984234998,1507.7764575769093,38.39927013911489,0.0,2
139,36,1376.177747550268,44.79304700882243,1390.7385025232168,67.25908165698206,0.363037109375,2
139,38,1169.7112553222776,94.8564113553869,1229.9353082201187,141.6541243171311,0.0,2
139,51,1375.644007274064,49.35419696218855,1388.5352294819086,73.69268269764842,0.2509765625,2
139,56,1687.6892855161395,346.99725360228194,1718.2515057099758,370.6854402017115,0.0,2
139,57,57.715321411914516,455.8332810161732,113.98934980694057,527.8974330312215,0.74609375,2
139,58,38.18718249367547,462.3802149330636,85.6471876445454,525.4390207767666,0.0,2
139,59,1672.203015501438,372.78086581097887,1760.0439109863958,441.7294227926802,0.0,2
140,1,1703.557635688675,361.7919353754881,1755.4922748149208,423.48037528582216,0.0,2
140,2,350.4542459632672,577.8296771496044,418.8064751048672,694.658913040746,0.74169921875,2
140,3,798.0067107882181,324.49156819887986,842.7007583748818,405.6241488210628,0.73876953125,2
140,4,493.6588023706459,514.1180168785471,561.1122334411582,623.8324945050828,0.83984375,2
140,5,1765.1720744887377,488.91870372245745,1907.1628039569364,624.4625686106061,0.415771484375,2
140,6,1523.736000622182,7.739330665719351,1534.296821297371,24.646432237116272,0.0,2
140,7,1271.855968958144,92.34866863834615,1289.7812935142072,123.798662636245,0.60205078125,2
140,8,1573.6535894011572,65.0449188391074,1597.3464105988428,103.70534424880961,0.42626953125,2
140,10,1176.3796446883866,92.04736145528847,1232.6481913148377,139.14613150713632,0.58154296875,1
140,11,1343.319813428048,54.02428042604562,1357.7926375423128,78.75181511997494,0.642578125,2
140,13,1551.3393152313406,23.562269965047037,1580.659410701647,56.53434281709211,0.4765625,1
140,34,1493.9448508216665,16.40097294568934,1507.6665489464256,38.4268834281651,0.0,2
140,36,1375.7879380487168,44.83461323162581,1390.2566530265112,67.31811204743198,0.36474609375,2
140,38,1169.64802584179,94.98883078195783,1229.7980209484751,141.72878975209773,0.0,2
140,51,1376.79034058563,49.44736174559644,1389.648819997925,73.72404312409134,0.0,2
140,56,1688.6194791537916,346.44716006579733,1719.3591304881113,370.27287004934806,0.0,2
140,57,59.339172411895504,455.74113081308315,117.21899448441147,528.8547763473213,0.74609375,2
140,58,39.860109905318446,462.30887971196915,87.97464197161108,526.2373305712731,0.0,2
140,59,1674.271964857246,373.18961404149917,1761.2449474747502,441.45692397233336,0.0,2
141,1,1708.8343303519941,361.2834483847882,1759.887659638763,421.9243580096928,0.0,2
141,2,346.5399039238563,582.7513763410809,413.8549373713154,698.0473686804125,0.74462890625,2
141,3,796.660665497273,325.31126307569997,842.4958309458383,408.4773729564773,0.7548828125,2
141,4,489.8992554972083,516.375703133126,559.0166390804022,628.1313189239592,0.8291015625,2
141,5,1764.663704367439,488.48929400067976,1907.4002090303816,624.6526417001085,0.43408203125,2
141,6,1524.0382377993221,7.564853265613738,1534.4680669145337,24.262451035348445,0.0,2
141,7,1269.8730129915218,92.2359248855042,1288.5152683200117,124.56566880836174,0.638671875,2
141,8,1573.6194206215318,65.07452469520265,1597.3805793784682,103.81321992599197,0.43212890625,2
141,10,1176.2403969481734,91.76364147452747,1232.7842163599419,139.0671878102146,0.60009765625,1
141,11,1342.9398211706275,54.34663616739247,1357.3295319617564,78.81253950392683,0.62451171875,2
141,13,1551.3141290924805,23.603579188244055,1580.6847501797545,56.562390268253125,0.47265625,1
141,34,1493.771453711465,16.32693190714368,1507.556641053838,38.45449671721531,0.0,2
141,36,1374.5522348009397,45.33578229828332,1389.2114766136924,68.07413008716111,0.383056640625,2
141,38,1169.5847966898782,95.12125020852878,1229.6607333482552,141.80345518706437,0.0,2
141,51,1375.7038595723257,49.24225390732555,1388.3841471279184,73.54875884514087,0.27197265625,2
141,56,1689.5496727909522,345.8970665293128,1720.4667552667383,369.86029989698466,0.0,2
141,57,63.85604109400518,454.6881140743215,124.08950665547891,530.1592297640594,0.75048828125,2
141,58,41.53303724603957,462.23754449087477,90.30209636959864,527.0356403657796,0.0,2
141,59,1676.3409142146747,373.5983622720194,1762.4459839614838,441.18442515198643,0.0,2
142,1,1714.1110352301482,360.7749613940882,1764.2830342477696,420.36834073356334,0.0,2
142,2,340.9755206473643,588.6931809656899,407.93993512795544,703.3585592238062,0.6806640625,2
142,3,796.9414735408286,329.7173320376453,841.6925641739072,410.70854407828244,0.72802734375,2
142,4,483.46427174056925,520.5644607228471,553.602850618673,635.0309055692228,0.810546875,2
142,5,1764.8932206799245,488.8229623460328,1907.0744476913917,624.2282771457548,0.53125,2
142,6,1519.400133858497,0.09007645026352407,1533.178844026772,20.572047069911935,0.25830078125,1
142,7,1268.0822674969481,91.93165470040547,1287.1717861351372,124.71381943644872,0.63525390625,2
142,8,1573.5352942120787,64.83549458530311,1597.464705787921,103.85407981636963,0.43408203125,2
142,10,1176.1146987779846,91.53174795730816,1232.90712305641,139.0378971879289,0.6279296875,1
142,11,1342.7847363947255,54.456345101940876,1357.1819772341591,78.82774413812047,0.60595703125,2
142,13,1552.0438992704676,23.398142927180363,1581.9435320348032,56.60408030861474,0.474609375,1
142,34,1493.5980558633676,16.252890868598026,1507.4467338991458,38.482110006265515,0.0,2
142,36,1374.0432196328707,45.57757538683752,1388.890442485365,68.59698666629725,0.414794921875,2
142,38,1169.5215678665425,95.25366963509973,1229.5234454194594,141.87812062203102,0.0,2
142,51,1374.6249832001283,49.148128661443245,1387.2003901393168,73.51773102849333,0.285400390625,2
142,56,1690.4798664276213,345.34697299282817,1721.5743800458567,369.4477297446212,0.0,2
142,57,67.85316263568092,453.53565622947417,130.44091520132935,531.8393603250341,0.78271484375,2
142,58,43.20596451583883,462.1662092697804,92.62955083850804,527.8339501602862,0.0,2
142,59,1678.4098635737241,374.0071105025397,1763.6470204465966,440.91192633163956,0.0,2
143,1,1719.3877503231377,360.2664744033883,1768.6783986419418,418.812323457434,0.0,2
143,2,339.0216582214643,591.0470665491798,405.84941076156906,705.45128381513,0.6806640625,2
143,3,796.5905767751055,331.34190645892727,840.9580682995005,411.453280683198,0.72802734375,2
143,4,481.2719662494416,522.072022782189,551.4320051836253,637.5498774020134,0.810546875,2
143,5,1764.9215867365097,488.9495534183491,1907.016155464857,624.0670303480276,0.54296875,2
143,6,1519.0227213470116,-0.18995863920340028,1533.5322959035677,20.33735564816491,0.259033203125,1
143,7,1267.380379763694,91.79524927003018,1286.7394342104687,124.74913442425768,0.63525390625,2
143,8,1573.4715890392863,64.74396793370262,1597.5284109607135,103.99316144010817,0.435791015625,2
143,10,1176.0642608591058,91.44389542857527,1232.9550538081173,139.02745741298918,0.6279296875,1
143,11,1342.6845619270173,54.42462841073513,1357.1833814978497,78.88946094302676,0.60595703125,2
143,13,1551.3849505966355,23.31827531898436,1581.3656526993632,56.61966475661664,0.47265625,1
143,34,1493.4246572773745,16.17884983005237,1507.3368274823497,38.50972329531572,0.0,2
143,36,1373.8656363704238,45.65964340176225,1388.787281412876,68.78488878998081,0.414794921875,2
143,38,1169.4583393717826,95.38608906167066,1229.3861571620878,141.95278605699764,0.0,2
143,51,1374.2537924414335,49.11391444698819,1386.74234243961,73.5067066382544,0.285400390625,2
143,56,1691.410060063799,344.7968794563436,1722.6820048254667,369.0351595922578,0.0,2
143,57,69.29904516902631,453.0754591895728,132.83065147033284,532.4510090939783,0.78125,2
143,58,44.87889171471625,462.094874048686,94.95700537833932,528.6322599547927,0.0,2
143,59,1680.4788129343945,374.41585873305996,1764.848056930089,440.63942751129264,0.0,2
144,1,1724.664475630962,359.7579874126884,1773.0737528212785,417.25630618130464,0.0,2
144,2,330.48652499543067,594.265304613407,400.2995806358525,713.4971702741935,0.7265625,2
144,3,794.6293013068301,332.6205285084331,840.5974381487883,415.37228617162583,0.70556640625,2
144,4,477.7946223669081,527.4296983704386,548.5574237157339,643.2606447399772,0.79833984375,2
144,5,1765.1646052446056,489.4926531610605,1906.7675776816038,624.5043136483001,0.34765625,2
144,6,1519.1556540317001,-0.27464110449710155,1534.3644103328827,20.574103999083015,0.276611328125,1
144,7,1265.687885509195,93.32832197916808,1285.1141638176825,126.09808664916024,0.63330078125,2
144,8,1573.4511044164262,64.58510444529344,1597.548895583574,103.92188115539187,0.43212890625,2
144,10,1176.1143669083647,91.3493942305465,1232.9026815028597,138.96230496616155,0.6494140625,1
144,11,1341.6681464603319,55.21194645314077,1356.1865953427825,79.34217395239128,0.57958984375,2
144,13,1551.0368977793892,23.03839567276851,1581.2382872594042,56.62534981841079,0.462890625,1
144,34,1493.2512579534857,16.104808791506713,1507.2269218034494,38.537336584365924,0.0,2
144,36,1373.34216784832,46.050467130495434,1388.2537966718392,69.3991464448071,0.401611328125,2
144,38,1169.3951112055986,95.5185084882416,1229.2488685761402,142.02745149196426,0.0,2
144,51,1373.7319352032048,49.16239986415583,1385.903194600935,73.5025061950976,0.291748046875,2
144,56,1692.3402536994852,344.246785919859,1723.789629605568,368.62258943989434,0.0,2
144,57,76.29659063319784,457.0192728091799,138.8089923423738,534.832567234021,0.78662109375,2
144,58,46.5518188426718,462.02353882759155,97.28445998909245,529.4305697492993,0.0,2
144,59,1682.5477622966853,374.82460696358027,1766.0490934119605,440.36692869094577,0.0,2
145,1,1729.9412111536215,359.24950042198844,1777.4690967857805,415.70028890517517,0.0,2
145,2,325.0203228914181,602.1943302365693,394.11222047932796,720.299555013261,0.708984375,2
145,3,792.9703486973265,337.8162678028168,837.5268892238449,417.7528406456789,0.7490234375,2
145,4,471.267848290213,534.7737690072909,540.5949136440963,649.2310152971723,0.83447265625,2
145,5,1765.147580173381,489.58767519520774,1906.6609642381875,624.5138218185232,0.0,2
145,6,1519.117466509206,-0.2879547838498624,1534.7680487103792,20.651498616092354,0.30908203125,1
145,7,1264.477941653653,93.64943082810802,1284.1437502632546,126.5928324675112,0.638671875,2
145,8,1573.511701534994,64.83406509990239,1597.4882984650062,103.95603481241764,0.42822265625,2
145,10,1176.1691449139262,91.37650420334023,1232.845893059468,139.00026539057865,0.59619140625,1
145,11,1341.2666441193153,55.624177072426654,1355.843509887862,79.50663890957685,0.5869140625,2
145,13,1551.0091743185767,23.05528367199694,1581.0850524254943,56.50375283907761,0.458984375,1
145,34,1493.077857891701,16.030767752961054,1507.1170168624444,38.564949873416126,0.0,2
145,36,1373.6046682659114,46.18980186056822,1388.6057318349913,69.68272471941782,0.34326171875,2
145,38,1169.3318833679907,95.65092791481254,1229.1115796616168,142.10211692693088,0.0,2
145,51,1373.9944163377943,49.46136665562238,1386.0963823534876,73.68896672064403,0.31396484375,2
145,56,1693.2704473346798,343.69669238337445,1724.897254386161,368.21001928753094,0.0,2
145,57,82.28702305070095,460.26848232498276,143.8542449852101,536.9391575632418,0.7705078125,2
145,58,48.224745899705496,461.95220360649716,99.61191467076743,530.2288795438058,0.0,2
145,59,1684.6167116605968,375.2333551941005,1767.2501298922114,440.09442987059884,0.0,2
146,1,1735.2179568911158,358.74101343128854,1781.8644305354471,414.1442716290458,0.0,2
146,2,323.1153747970467,604.873997645904,391.8666707660068,722.4917105965393,0.71044921875,2
146,3,792.3469008186278,339.73869190632166,836.410375586078,418.54704807839033,0.74755859375,2
146,4,469.05353945251574,537.4550752108532,537.5017267940905,651.3480960386231,0.83447265625,2
146,5,1765.130555165728,489.68269722935497,1906.554350731199,624.5233299887464,0.0,2
146,6,1519.0122432383037,-0.27207057247681554,1535.0079492572354,20.730407158822416,0.307373046875,1
146,7,1264.0204168485814,93.75353049343491,1283.8477269654334,126.76001934502958,0.63720703125,2
146,8,1573.5321690031028,64.86667764404793,1597.4678309968972,103.90653620586802,0.43017578125,2
146,10,1176.2223478484761,91.32595735566866,1232.7909165994874,138.95349335002214,0.60205078125,1
146,11,1341.024544297788,55.860140945774084,1355.8291560498294,79.56088706800116,0.5849609375,2
146,13,1551.8241035436624,23.06157297010874,1582.1850596090617,56.519332926354195,0.4609375,1
146,34,1492.9044570920205,15.9567267144154,1507.0071126593357,38.592563162466334,0.0,2
146,36,1373.7392844076849,46.17156362251394,1388.737686373409,69.65518401151057,0.338134765625,2
146,38,1169.2686558589587,95.78334734138349,1228.9742904185173,142.1767823618975,0.0,2
146,51,1374.0816599673958,49.63423064738012,1386.1527946050944,73.82116000792763,0.310791015625,2
146,56,1694.200640969383,343.14659884688984,1726.0048791672452,367.7974491351675,0.0,2
146,57,84.39728492862876,461.47074767265684,145.57455426385212,537.6865731929552,0.7705078125,2
146,58,49.89767288581734,461.8808683854028,101.93936942336427,531.0271893383123,0.0,2
146,59,1686.685661026129,375.6421034246208,1768.4511663708413,439.821931050252,0.0,2
147,1,1740.4947128434453,358.2325264405886,1786.2597540702789,412.5882543529164,0.0,2
147,2,317.18338383719134,611.4160525147732,384.9440605125257,727.8353228785804,0.67919921875,2
147,3,791.5530454411867,339.99522997083557,836.6391904751545,420.75246361481453,0.78125,2
147,4,466.9803547349594,541.0563219118262,535.342359822278,655.2066443779604,0.81982421875,2
147,5,1765.2235225430873,489.119627077803,1906.7089925642822,624.0819600013665,0.4599609375,2
147,6,1518.8282511899797,-0.24796158342501862,1535.2370045292064,21.021755830359602,0.265869140625,1
147,7,1263.1998783697811,92.84921029640253,1283.4686266901444,126.49417748766307,0.63720703125,2
147,8,1573.537326337835,65.00234852415126,1597.462673662165,104.01153812916911,0.445556640625,2
147,10,1176.0745757696936,91.18398084960754,1232.9371248797047,139.06029248224488,0.52734375,1
147,11,1340.467048438405,56.53010889368432,1355.3123296362571,80.011825600914,0.56396484375,2
147,13,1551.208932954696,23.063772787598886,1581.5382138415714,56.525464211264016,0.462890625,1
147,34,1492.7310555544443,15.882685675869743,1506.8972091941225,38.62017645151654,0.0,2
147,36,1373.2774376030688,45.969884979918646,1388.3420069410245,69.57032675809998,0.2998046875,2
147,38,1169.2054286785026,95.91576676795442,1228.8370008468416,142.2514477968641,0.0,2
147,51,1373.0788086329073,49.82101453737286,1385.1855952780286,74.11940309832977,0.294189453125,2
147,56,1695.1308346035946,342.5965053104053,1727.112503948821,367.384878982804,0.0,2
147,57,87.21237131329386,462.6326105069569,148.453433995546,539.1566495260245,0.78515625,2
147,58,51.57059980100732,461.8095331643084,104.26682424688298,531.8254991328188,0.0,2
147,59,1688.754610393282,376.05085165514106,1769.652202847851,439.54943222990505,0.0,2
148,1,1745.77147901061,357.72403944988866,1790.6550673902755,411.03223707678706,0.0,2
148,2,307.9587580587738,615.7187192588219,376.242772401087,733.6446573806782,0.69580078125,2
148,3,789.9007006582135,342.24856773317015,835.1848355001032,423.72502535257587,0.796875,2
148,4,464.703517534615,546.2408494222408,533.290199018452,660.9625632594713,0.81982421875,2
148,5,1765.2167013532044,487.5088797280023,1908.7853526858407,624.5271868302373,0.53515625,2
148,6,1518.8726670780213,-0.647357393271097,1535.34910505788,20.709782814081223,0.0,1
148,7,1262.809456042506,93.538285822694,1283.4636945826167,127.7892443522638,0.64404296875,2
148,8,1573.5368764630612,64.92866677934954,1597.4631235369386,103.92680286227738,0.447509765625,2
148,10,1176.0191816305571,91.13153433889326,1232.9911815458088,139.1011428524179,0.517578125,1
148,11,1340.2213540372484,56.95562481731341,1355.1784266912973,80.36095716168532,0.552734375,2
148,13,1550.910734398432,22.940553222091243,1581.3540948579453,56.58990044844552,0.455078125,1
148,34,1492.5576532789723,15.808644637324086,1506.7873064668051,38.64778974056675,0.0,2
148,36,1373.1169866493474,45.639437493768746,1388.2005173098905,69.28157227518946,0.276611328125,2
148,38,1169.1422018266223,96.04818619452536,1228.6997109465904,142.32611323183073,0.0,2
148,51,1372.7406848805213,49.79440861958291,1384.7688191664547,74.35369921540894,0.272705078125,2
148,56,1696.061028237315,342.0464117739207,1728.2201287308885,366.97230883044057,0.0,2
148,57,91.28351037826724,465.75225588556924,151.9071478435387,541.8865186499233,0.75048828125,2
148,58,53.24352664527545,461.73819794321395,106.59427914132354,532.6238089273253,0.0,2
148,59,1690.8235597620558,376.4595998856613,1770.8532393232397,439.2769334095581,0.0,2
149,1,1751.0482553926095,357.21555245918876,1795.0503704954372,409.47621980065765,0.0,2
149,2,304.74197879183487,617.69138125508,373.0238170478815,736.1687328170837,0.69580078125,2
149,3,789.3641590319547,343.0306374536192,834.612039407066,424.77434733316414,0.79443359375,2
149,4,463.9909887105055,548.0778664109275,532.5893329527008,662.9972632493179,0.81884765625,2
149,5,1765.0161130620152,486.4641279648267,1909.6927579146038,624.6792650912536,0.5322265625,2
149,6,1518.9170819779963,-1.0467532031171753,1535.46120657462,20.397809797802843,0.0,1
149,7,1262.6870596321626,93.79139220169644,1283.4966182228115,128.26906959208708,0.64404296875,2
149,8,1573.5345096507451,64.89979421544678,1597.4654903492549,103.89432080418221,0.443603515625,2
149,10,1175.9990119973972,91.17503353475989,1233.0101400565602,139.17862242156988,0.509765625,1
149,11,1340.1646203885866,57.35078995422536,1355.1157298561773,80.48329022118374,0.53125,2
149,13,1551.754083605569,23.07947539250835,1582.3058911824291,56.55246269568631,0.46484375,1
149,34,1492.3842502656046,15.73460359877843,1506.6774044773838,38.67540302961696,0.0,2
149,36,1372.644965160715,45.75420084419998,1387.595366944472,69.16261362704472,0.2666015625,2
149,38,1169.0789753033182,96.1806056210963,1228.562420717763,142.40077866679738,0.0,2
149,51,1372.679039469367,49.87409524533183,1384.538664901527,74.43905430827073,0.264404296875,2
149,56,1696.9912218705438,341.4963182374361,1729.3277535134475,366.55973867807717,0.0,2
149,57,92.75880931292257,466.8988311035747,152.95859057745284,542.8709522815645,0.75341796875,2
149,58,54.91645341862172,461.66686272211956,108.92173410668593,533.4221187218318,0.0,2
149,59,1692.8925091324502,376.8683481161816,1772.0542757970077,439.00443458921126,0.0,2
150,1,1756.3250419894441,356.7070654684888,1799.4456633857635,407.92020252452824,0.0,2
150,2,296.47638998318814,622.2238693645994,366.3939032013971,743.8495695370433,0.7138671875,2
150,3,787.2778535790595,347.69208753846993,833.3961769243157,431.0085426893901,0.70068359375,2
150,4,456.92479811575447,551.8450724251448,527.5014385845067,669.2878279990523,0.81298828125,2
150,5,1765.6677716971103,489.0343511577865,1907.3299598829533,624.2429104121723,0.256103515625,2
150,6,1518.9614958899047,-1.4461490129632537,1535.5733090794265,20.08583678152446,0.0,1
150,7,1262.4786481193792,93.38469394765852,1283.7336321275984,128.67887030832352,0.482421875,2
150,8,1573.4338831422249,64.64028715150036,1597.5661168577753,104.00586056941812,0.45703125,2
150,10,1176.1982763531248,91.1930055443172,1232.8097988856582,139.0841700945981,0.56005859375,1
150,11,1339.4339476563787,58.36047032131208,1354.8232854127295,81.77212022554417,0.48046875,2
150,13,1551.907899459715,22.82239945254878,1582.8332645002704,56.47610905119123,0.453369140625,1
150,34,1493.5737607091519,15.10669762712494,1506.3983332895514,35.420485292685846,0.269775390625,2
150,36,1371.3473870329171,45.54471337755573,1386.5249930842701,69.3574449590107,0.352294921875,2
150,38,1169.01574910859,96.31302504766725,1228.4251301603597,142.47544410176403,0.0,2
150,51,1372.718414419306,49.95222225885414,1384.582768138754,74.52708871108054,0.0,2
150,56,1697.921415503281,340.9462247009515,1730.4353782964977,366.1471685257137,0.0,2
150,57,100.40179821718704,473.23013109218687,156.98375497684708,544.6733561646485,0.71044921875,2
150,58,56.58938012104613,461.5955275010252,111.24918914297021,534.2204285163384,0.0,2
150,59,1694.961458504465,377.27709634670185,1773.255312269155,438.73193576886433,0.0,2
151,1,1761.601838801114,356.1985784777889,1803.8409460612552,406.3641852483989,0.0,2
151,2,288.5769581156996,628.216676309531,359.4152172441891,751.992660213737,0.79443359375,2
151,3,786.2214540221781,350.61681174033447,833.269856299319,435.49934057039195,0.767578125,2
151,4,451.9339937880467,558.0591248295701,523.1816206556523,675.9478838042895,0.85498046875,2
151,5,1765.7085824163728,489.09410569143944,1907.286996115029,624.2226301427404,0.0,2
151,6,1519.0059088137466,-1.845544822809332,1535.6854125722994,19.773863765246077,0.0,1
151,7,1262.0639053284845,92.97683900477072,1283.2270175443648,127.8430419402901,0.447509765625,2
151,8,1573.4354649666539,64.66587995694564,1597.564535033346,104.0476887475832,0.462890625,2
151,10,1176.2812343413902,91.01518104048353,1232.725875687734,138.98625049870157,0.5078125,1
151,11,1339.065868011406,58.84613623925942,1354.8295505886672,82.48941860825558,0.478515625,2
151,13,1551.930940709596,22.849487194890358,1583.0594927242016,56.50935074588861,0.443603515625,1
151,34,1493.5813038232538,15.338606512223201,1506.3531246355658,35.316210988590804,0.29248046875,2
151,36,1370.285308310922,45.46309264649777,1385.7394538063263,69.54844976698598,0.2998046875,2
151,38,1168.9525232424376,96.44544447423819,1228.2878392743805,142.55010953673064,0.0,2
151,51,1372.757789391364,50.030349272376455,1384.6268713538625,74.61512311389036,0.0,2
151,56,1698.8516091355268,340.39613116446696,1731.5430030800396,365.7345983733503,0.0,2
151,57,101.46020467416123,471.0181414553484,161.34039659283454,547.3101008744217,0.751953125,2
151,58,58.26230675254869,461.5241922799308,113.57664425017634,535.0187383108449,0.0,2
151,59,1697.030407878101,377.68584457722216,1774.4563487396817,438.45943694851746,0.0,2
152,1,1766.8786458276188,355.690091487089,1808.2362185219117,404.80816797226953,0.0,2
152,2,286.18050565995037,629.8859154828799,357.9168293537958,755.4379146682545,0.810546875,2
152,3,785.8418017283464,351.6580585105687,833.2717360813398,437.1250300060409,0.77978515625,2
152,4,450.69166735606143,559.8156084504403,522.5725667226714,678.3391404045813,0.86083984375,2
152,5,1768.006742856752,509.55941455862205,1887.789195084171,623.4576716468755,0.26123046875,2
152,6,1519.0503207495221,-2.2449406326554104,1535.797517053239,19.461890748967697,0.0,1
152,7,1261.9904004547489,94.28812549241081,1283.0037931940078,128.60607226078355,0.388671875,2
152,8,1573.6341916635915,65.23301707128968,1597.3658083364087,103.87743962082497,0.447509765625,2
152,10,1176.8145137869446,90.7636277645171,1233.1818330205135,138.88765429537884,0.375732421875,1
152,11,1339.0867779537955,59.69412054592303,1354.6932168823664,82.68534609220197,0.466796875,2
152,13,1551.5008508849523,24.129432175096806,1581.594350862841,56.61511353607558,0.5078125,1
152,34,1493.5156499030475,15.264536972733906,1506.2269487375922,35.147190123068604,0.0,2
152,36,1369.5454312863603,45.61315062772664,1384.8229586291643,69.18515843394263,0.318359375,2
152,38,1170.1195554069216,94.2573307710858,1231.3075035665763,142.040956462693,0.263671875,2
152,51,1372.7971643855406,50.10847628589877,1384.6709745468524,74.70315751670019,0.0,2
152,56,1699.781802767281,339.84603762798235,1732.6506278640727,365.32202822098685,0.0,2
152,57,102.92076083646631,471.9455344143928,162.6319688646557,548.4788664467721,0.70751953125,2
152,58,59.93523331312939,461.45285705883634,115.90409942830432,535.8170481053514,0.0,2
152,59,1699.0993572533573,378.0945928077424,1775.6573852085876,438.1869381281706,0.0,2
153,1,1772.1554630689586,355.181604496389,1812.631480767733,403.2521506961401,0.0,2
153,2,279.28645329506026,633.795860717381,351.2263629315534,759.5075621409836,0.82568359375,2
153,3,785.2808503078186,355.8965854556309,831.8034600368755,439.60454100048645,0.7841796875,2
153,4,445.45873972064226,563.5440444073677,517.9928841504868,683.2682895457497,0.806640625,2
153,5,1768.4160137375977,514.5680094216624,1883.4012451743013,623.5518577838319,0.2783203125,2
153,6,1519.094731697231,-2.644336442501489,1535.9096225222452,19.149917732689318,0.0,1
153,7,1260.623626164402,95.45957584047936,1281.3318176215487,129.19037377339632,0.341552734375,2
153,8,1573.6960670545966,65.51106712359,1597.3039329454036,103.87448601693538,0.439697265625,2
153,10,1177.1462624696355,90.73220693335657,1233.2225442755673,138.7891486474295,0.388671875,1
153,11,1339.0828227494696,59.96408002795374,1354.680643585187,82.55290411213414,0.437744140625,2
153,13,1551.3187522535804,24.586412207781123,1581.0427218288125,56.624222935177855,0.505859375,1
153,34,1493.449996847519,15.19046743324461,1506.1007719749407,34.97816925754641,0.0,2
153,36,1368.3579351402332,45.91640253184151,1383.4288776349954,69.16182638633731,0.286865234375,2
153,38,1170.1216926489437,94.24914462021971,1231.3706792814075,142.0802472083154,0.0,2
153,51,1372.8365394018356,50.18660329942108,1384.7150777177233,74.79119191951,0.0,2
153,56,1700.7119963985438,339.2959440914978,1733.7582526485974,364.90945806862345,0.0,2
153,57,105.01865012032711,473.9702993282866,164.43112913847725,550.5832630498609,0.6513671875,2
153,58,61.60815980278823,461.38152183774196,118.23155467735415,536.6153578998579,0.0,2
153,59,1701.1683066302346,378.5033410382627,1776.858421675873,437.9144393078237,0.0,2
154,1,1777.4322905251336,354.6731175056891,1817.0267327987194,401.6961334200107,0.0,2
154,2,275.3061825277408,640.5441298229127,346.9298694665533,764.8034637698938,0.79296875,2
154,3,784.9084099359006,358.66754023589294,831.4825271052739,442.1711710403768,0.8017578125,2
154,4,440.072902175152,568.7651699954375,512.0054585010653,687.9399119459158,0.82666015625,2
154,5,1768.4393989493055,516.0875800915109,1882.1704798405983,623.5797708688795,0.287841796875,2
154,6,1519.1391416568736,-3.043732252347568,1536.021728979318,18.837944716410934,0.0,1
154,7,1259.2681423289816,95.94988393850254,1279.6003009414833,129.45592343982565,0.418701171875,2
154,8,1573.7710949784996,65.73708360001679,1597.2289050215006,103.74898457769116,0.441650390625,2
154,10,1176.8113689103072,91.09439331189002,1232.70295760535,138.87662249795346,0.42626953125,1
154,11,1339.1484998450796,60.108025857267386,1354.6276975826095,82.11407697743392,0.416748046875,2
154,13,1551.238099689841,24.718342064739353,1580.8543141900116,56.59599002769859,0.5078125,1
154,34,1493.3843446566684,15.116397893755314,1505.9745943476112,34.80914839202421,0.0,2
154,36,1367.933104885905,46.151291135394914,1382.928736711314,69.27350200768649,0.29345703125,2
154,38,1170.1238296494696,94.24095846935361,1231.4338552377346,142.1195379539378,0.0,2
154,51,1370.0144504676246,49.69486432102141,1381.5621878927375,73.44865998804471,0.26806640625,2
154,56,1701.6421900293153,338.7458505550132,1734.8658774336138,364.49688791626,0.0,2
154,57,108.50513791552407,476.420701853259,167.8277443854425,553.5462897481273,0.64599609375,2
154,58,63.281086221525214,461.31018661664757,120.55900999732586,537.4136676943644,0.0,2
154,59,1703.2372560087324,378.91208926878295,1778.0594581415376,437.6419404874768,0.0,2
154,64,1029.0,259.7319077542771,1287.0,324.2319077542771,0.337158203125,1
155,1,1782.7091281961434,354.1646305149892,1821.4219746148706,400.14011614388136,0.0,2
155,2,273.87453347606913,642.9592942386537,345.6194427025174,766.6244516778517,0.79296875,2
155,3,784.7597068792664,359.62316411589455,831.4350892970227,443.0408300326146,0.8017578125,2
155,4,437.93999824669294,570.6167170297566,509.55655298710303,689.5511109113538,0.82666015625,2
155,5,1768.3529494400111,516.5355364996365,1881.90255618024,623.5916930888409,0.2861328125,2
155,6,1519.1835506284494,-3.4431280621936473,1536.133836424457,18.52597170013255,0.0,1
155,7,1258.8182901535008,96.05639930334002,1278.9490645689557,129.60182910287642,0.416748046875,2
155,8,1573.7808038637324,65.81859952073256,1597.2191961362676,103.7022062695969,0.439697265625,2
155,10,1176.6473247361173,91.23345830926574,1232.5389338080442,138.9108341382243,0.435791015625,1
155,11,1339.0783706500345,60.11004841484956,1354.7215539722463,82.00174495735527,0.416748046875,2
155,13,1551.1714679082602,24.73005870900615,1580.8244329150848,56.61649761842583,0.5078125,1
155,34,1493.318693330496,15.042328354266019,1505.8484158556041,34.64012752650201,0.0,2
155,36,1367.795059299732,46.29734899448831,1382.7651681448492,69.37383728789007,0.29248046875,2
155,38,1170.1259664084994,94.23277231848752,1231.4970314355583,142.1588286995602,0.0,2
155,51,1369.7292305844117,49.66478254610666,1381.3030282523782,73.34065369065142,0.26904296875,2
155,56,1702.572383659595,338.19575701852864,1735.9735022191214,364.0843177638966,0.0,2
155,57,109.83662029512378,477.29971282902096,168.8581377124297,554.6094078504594,0.64599609375,2
155,58,64.95401256934035,461.2388513955532,122.88646538821942,538.211977488871,0.0,2
155,59,1705.306205388851,379.32083749930325,1779.2604946055812,437.36944166712993,0.0,2
155,64,1029.0,259.6918153299411,1287.0,324.1918153299411,0.32421875,1
156,1,1787.9859760819884,353.65614352428923,1825.8172062161866,398.58409886775195,0.0,2
156,2,263.25416827666726,650.6375581237288,336.7784074584807,777.0205436616332,0.77978515625,2
156,3,781.6111822395944,364.10181376917933,828.6350898059269,447.9732418210183,0.810546875,2
156,4,432.45407989687646,576.365434870162,506.1574031128917,698.1510780108015,0.87744140625,2
156,5,1767.8282233854702,517.3677556893914,1880.3375124008471,623.3435326246475,0.29736328125,2
156,6,1519.2279586119587,-3.8425238720397266,1536.2459448576626,18.213998683854168,0.0,1
156,7,1258.9615668911727,96.88819754171817,1278.4493191280121,129.5799130934942,0.43017578125,2
156,8,1573.701369787677,65.59647518365041,1597.2986302123231,103.68542123777746,0.445556640625,2
156,10,1176.5708022385381,90.85200221614036,1232.491017418242,138.73824302372384,0.484375,1
156,11,1339.1434660449825,60.472830521726515,1354.6782118567603,81.82815666951993,0.42822265625,2
156,13,1551.1135117179383,24.604017778026073,1580.8503046534152,56.561705405089896,0.50390625,1
156,34,1493.2530428690013,14.968258814776723,1505.7222364989186,34.471106660979814,0.0,2
156,36,1367.2666561189965,46.41691470873255,1382.222997104267,69.4721395190257,0.0,2
156,38,1170.1281029260329,94.22458616762142,1231.560207874878,142.19811944518258,0.0,2
156,51,1370.1015793423562,50.12503611231833,1381.7526724298468,73.86906425099083,0.39990234375,2
156,57,112.51944868503014,477.5786418381568,172.7367575896972,557.4143659836722,0.71044921875,2
156,58,66.62693884623361,461.16751617445874,125.21392085003481,539.0102872833775,0.0,2
156,59,1707.3751547705901,379.7295857298235,1780.4615310680044,437.096942846783,0.0,2
156,64,1029.0,259.818805553462,1287.0,324.318805553462,0.332763671875,1
156,65,1766.9134055994873,493.5,1905.0865944005125,624.9289407664219,0.26220703125,2
157,1,1793.2628341826685,353.1476565335893,1830.212427602668,397.0280815916226,0.0,2
157,2,255.4680798204516,661.2383585792535,328.2228939127135,786.1750676290483,0.70263671875,2
157,3,778.2179116299783,366.6972927992287,825.8930010924396,451.7201513522688,0.81298828125,2
157,4,424.36208817527927,580.8708478027353,500.3356909426343,705.6700036915507,0.81982421875,2
157,5,1767.3666275909852,517.3246911262601,1880.1119123172455,623.5095924833267,0.29248046875,2
157,6,1519.2723656074015,-4.241919681885806,1536.3580542789346,17.902025667575785,0.0,1
157,7,1258.9564666160945,97.43672298239838,1278.3911781353459,130.30556712275796,0.3701171875,2
157,8,1573.59617727224,65.38631268485759,1597.40382272776,103.80394307548316,0.462890625,2
157,10,1176.6614450493855,90.83260581567136,1232.3538158156878,138.67392594287637,0.445556640625,1
157,11,1339.0623148913037,60.90661158807469,1354.7830522295183,82.19754450049342,0.43212890625,2
157,13,1551.1362686258587,24.707070902557952,1580.819403537402,56.57210303670979,0.5,1
157,34,1493.1873932721846,14.894189275287427,1505.5960562775556,34.302085795457614,0.0,2
157,36,1367.4482907484494,46.874292864208755,1382.9877407972854,70.95625657677962,0.256103515625,2
157,38,1170.13023920207,94.21640001675533,1231.6233845556935,142.23741019080498,0.0,2
157,51,1370.2036392407265,49.95171270730571,1381.9676946006518,73.87840056886849,0.392333984375,2
157,57,115.36080686076421,480.0860761781264,175.24407631104404,560.8631232743289,0.68603515625,2
157,58,68.29986505220504,461.09618095336435,127.54137638277209,539.808597077884,0.0,2
157,59,1709.44410415395,380.13833396034374,1781.662567528807,436.8244440264361,0.0,2
157,64,1029.0,259.8627245867919,1287.0,324.3627245867919,0.307373046875,1
157,65,1766.7112992594293,492.9269680641038,1905.288700740571,624.7678118473372,0.299072265625,2
158,1,1798.5397024981837,352.63916954288936,1834.6076387743142,395.4720643154931,0.0,2
158,2,252.6910252287212,665.1281093027417,325.16393791462,789.4694475985501,0.70068359375,2
158,3,776.9717151566333,367.5938522928365,824.8913907416919,453.04379704653604,0.8115234375,2
158,4,421.2658492747553,582.4702284147918,498.3345103289639,708.3984508793332,0.82080078125,2
158,5,1767.18851968556,517.2377798012798,1880.1055499165896,623.5726870126193,0.287841796875,2
158,6,1519.316771614778,-4.641315491731885,1536.4701646882734,17.590052651297405,0.0,1
158,7,1259.0174677673103,97.62560330255994,1278.3483739609103,130.56214982875093,0.3701171875,2
158,8,1573.5539854199117,65.30531502072756,1597.4460145800883,103.8492165712797,0.46484375,2
158,10,1176.8042495652858,90.88882673642661,1232.1940760537273,138.58882728936354,0.439697265625,1
158,11,1338.9720461380657,61.05223574731707,1354.891908998987,82.32771585500919,0.43212890625,2
158,13,1551.1112254515244,24.710284000765455,1580.8451521232887,56.60718480372839,0.5,1
158,34,1493.1217445400457,14.820119735798132,1505.4698751915143,34.13306492993542,0.0,2
158,36,1367.457190581117,46.989314573492834,1383.0681948947429,71.29681409012568,0.259033203125,2
158,38,1170.132375236611,94.20821386588923,1231.6865614780056,142.27670093642737,0.0,2
158,51,1370.2480034063572,49.91526271503606,1382.053918782907,73.88132565242095,0.392333984375,2
158,57,116.61674405257675,481.0060034046829,175.80512612160055,562.1264519728119,0.68603515625,2
158,58,69.97279118725459,461.02484573226997,129.86883198643122,540.6069068723906,0.0,2
158,59,1711.5130535389308,380.54708219086405,1782.8636039879887,436.5519452060892,0.0,2
158,64,1029.0,259.8773348698119,1287.0,324.3773348698119,0.310791015625,1
158,65,1766.5882789094344,492.7441444999813,1905.4117210905654,624.7221566623132,0.2998046875,2
159,1,1803.8165810285338,352.13068255218946,1839.002839731125,393.9160470393638,0.0,2
159,2,243.70244014431424,668.8807793780043,316.5137735418324,793.9678700636961,0.84814453125,2
159,3,775.2064713631446,369.3175716057019,823.9246886635789,456.3959887135498,0.8017578125,2
159,4,416.33754241458064,588.8109338275667,492.7831926688601,712.199052945304,0.83984375,2
159,5,1767.3437213131078,517.3919701425593,1879.9458493977254,623.3460918853918,0.286865234375,2
159,6,1519.3611766340878,-5.040711301577964,1536.5822760856786,17.278079635019022,0.0,1
159,7,1258.2507017337307,97.43175249443209,1277.182088851955,130.39589999543495,0.3486328125,2
159,8,1573.6016565007178,65.52123164181559,1597.3983434992822,103.86651980364431,0.466796875,2
159,10,1177.5861443593383,91.03554539841471,1232.399004945175,138.43400853365645,0.42431640625,1
159,11,1338.8442092101918,61.84281876708976,1355.0362237062495,83.24582949331817,0.385009765625,2
159,13,1551.120726621725,24.7695850879224,1580.8390498830486,56.62030702315079,0.501953125,1
159,34,1493.0560966725848,14.746050196308836,1505.3436932407953,33.96404406441322,0.0,2
159,36,1366.6396299413013,47.08943035949842,1381.968571070471,70.98508720767384,0.291015625,2
159,38,1170.134511029656,94.20002771502314,1231.749738641814,142.31599168204977,0.0,2
159,51,1369.322560849598,49.89984249251724,1381.0538848075448,73.63372457312812,0.33984375,2
159,57,116.87072673723446,480.8141933093609,176.6220633585745,564.008559434822,0.67236328125,2
159,58,71.6457172513823,460.9535105111756,132.1962876610122,541.4052166668971,0.0,2
159,64,1029.0,259.881625054856,1287.0,324.381625054856,0.286865234375,1
159,65,1766.5098028430045,492.6928914527044,1905.4901971569952,624.7130517187428,0.29736328125,2
160,2,232.96142469259098,671.8500501700805,309.1344619677726,803.3716111218451,0.8232421875,2
160,3,771.6717586168381,372.3461045465029,820.6239342622343,460.0294880774851,0.83447265625,2
160,4,411.07780943234593,592.0798070982456,489.88506951807784,718.4044144605663,0.806640625,2
160,5,1767.3750398732336,517.3902921222532,1879.9711928863308,623.2634768841733,0.309814453125,2
160,6,1519.4055806653312,-5.440107111424044,1536.6943884711504,16.96610661874064,0.0,1
160,7,1257.5342749346703,97.46743775669434,1276.219811886301,130.6918345191345,0.383056640625,2
160,8,1573.6122485758265,65.6022909738457,1597.3877514241735,103.87302861054411,0.46875,2
160,10,1177.3097236003114,91.09185380585771,1232.0532788913845,138.50157623998922,0.484375,1
160,11,1338.6298680830832,62.74673601028952,1355.2646403140377,84.57772608516892,0.363037109375,2
160,13,1551.141627194436,24.7881017840553,1580.8223228635716,56.56293785478918,0.505859375,1
160,34,1492.9904496698018,14.67198065681954,1505.2175104253984,33.79502319889102,0.0,2
160,36,1366.4929618175104,47.12103466314523,1381.4165535848776,70.60672680975037,0.29248046875,2
160,38,1170.1366465812048,94.19184156415704,1231.8129160471185,142.35528242767217,0.0,2
160,51,1369.1308436932002,49.927523488193394,1380.8407407838565,73.61813290273125,0.0,2
160,57,117.66900719736424,481.677647083391,177.28247585514748,566.1292422980665,0.64599609375,2
160,58,73.31864324458813,460.88217529008114,134.52374340651502,542.2035264614036,0.0,2
160,64,1029.4594877123457,259.8823446184021,1286.5405122876543,324.12664016975367,0.35302734375,1
160,65,1766.1915027468376,492.15940031157425,1905.8084972531624,624.7146842734508,0.341552734375,2
161,2,229.16676374761326,672.8632984102354,306.37519689504285,806.7830200263812,0.82421875,2
161,3,770.3967778904297,373.42027012869164,819.3733751905137,461.3171967222479,0.83447265625,2
161,4,408.9923928309199,593.4460368761257,488.63438590253696,720.3568831589031,0.79833984375,2
161,5,1767.362315122976,517.3408295614147,1880.052651164671,623.2350388152983,0.31494140625,2
161,6,1519.449983708508,-5.839502921270123,1536.8065018446887,16.65413360246226,0.0,1
161,7,1257.4216907289797,97.59267145777008,1275.7438399822227,130.79222419894245,0.381103515625,2
161,8,1573.6092059695948,65.63134650166664,1597.3907940304052,103.87537238141584,0.46875,2
161,10,1177.2255890052843,91.1132441456033,1231.9013010442,138.5287354698114,0.484375,1
161,11,1338.518735778424,63.070704581388696,1355.3872038478069,85.06603385367,0.363037109375,2
161,13,1551.1652460123435,24.791486333981272,1580.8028119913345,56.479072986911675,0.505859375,1
161,34,1492.9248035316969,14.597911117330245,1505.0913267453234,33.62600233336883,0.0,2
161,36,1366.491831563041,47.12713019639016,1381.1901150585666,70.45702296537655,0.290283203125,2
161,38,1170.1387818912572,94.18365541329095,1231.8760936939193,142.39457317329456,0.0,2
161,51,1368.939126467763,49.95520448386955,1380.627596829208,73.60254123233436,0.0,2
161,57,118.16447794641904,481.9671664568908,177.15498743583603,566.8782994145873,0.64404296875,2
161,58,74.99156916687213,460.81084006898675,136.85119922293973,543.0018362559101,0.0,2
161,64,1029.5958178037263,259.8818805653706,1286.4041821962737,324.0324497925535,0.3408203125,1
161,65,1766.0552493714233,491.97661152826134,1905.944750628577,624.7187932867046,0.33642578125,2
162,2,218.38997897148676,684.0296099140878,294.6172721217416,816.163473795322,0.7744140625,2
162,3,767.673795314542,376.4486919908218,817.5529789289625,465.8852486937187,0.82763671875,2
162,4,400.6906324941308,605.3616427566129,478.77101695760444,730.0065880233607,0.81396484375,2
162,5,1767.5628284971774,517.7797141853912,1879.9192917287123,623.2266930890394,0.303955078125,2
162,6,1519.494385763618,-6.238898731116202,1536.918616206293,16.342160586183876,0.0,1
162,7,1256.8404115065232,97.87764021704713,1275.1600482477481,131.07312389138735,0.0,2
162,8,1573.7334674341714,66.01284480764214,1597.2665325658286,103.7520968861937,0.449462890625,2
162,10,1176.9395813922226,92.2375148052593,1231.1059399119076,138.91245601500407,0.50390625,1
162,11,1337.8030644751807,63.42297447395529,1355.12413475195,85.73149917222796,0.290283203125,2
162,13,1551.113756074724,24.603034575926642,1580.85807154658,56.38554850373812,0.50390625,1
162,34,1492.8591582582696,14.52384157784095,1504.9651422005704,33.45698146784663,0.0,2
162,36,1366.6981265466827,50.73117263237101,1380.9295098463201,73.13245590708172,0.385009765625,2
162,38,1170.1409169598135,94.17546926242485,1231.9392715822162,142.43386391891696,0.0,2
162,51,1368.7474091732859,49.98288547954571,1380.4144529435991,73.58694956193747,0.0,2
162,57,120.06875990127557,484.4828404121932,178.63202501530216,570.0316745114887,0.6689453125,2
162,64,1029.1639293212577,259.6285683130292,1286.8360706787423,323.9988805476747,0.337158203125,1
162,65,1766.2268414521054,492.4309932754819,1905.7731585478946,624.7231495261937,0.3486328125,2
162,66,1677.214342355852,646.8019255032762,1691.785657644148,664.2375400416873,0.25537109375,2
163,2,208.55104655909628,690.8874046671726,285.37038350977036,824.9809672312387,0.8232421875,2
163,3,764.6082432249735,379.9735410140884,814.8287191386486,470.46762862351017,0.806640625,2
163,4,394.3138014983114,614.2367078747052,472.05920049072824,737.9734979934673,0.83642578125,2
163,5,1767.8249195976935,518.4040717519235,1879.7203164585353,623.2257468379922,0.302490234375,2
163,6,1519.5387868306618,-6.638294540962281,1537.0307315559644,16.030187569905493,0.0,1
163,7,1256.2591322513533,98.16260897632418,1274.5762565459875,131.35402358383226,0.0,2
163,8,1573.762933309976,66.15509195313467,1597.2370666900238,103.70545853412486,0.445556640625,2
163,10,1177.3748589536763,92.78711546734476,1231.2611006461987,139.0588278441977,0.55810546875,1
163,11,1333.8525077297145,63.23240932862616,1351.8092724607036,86.40035992830134,0.3486328125,2
163,13,1551.938855896891,24.40577862416786,1582.0208862388963,56.22691776827743,0.50390625,1
163,34,1492.7935138495204,14.449772038351654,1504.8389567911397,33.28796060232443,0.0,2
163,36,1366.267367110066,51.5202708844858,1380.3705796316572,73.82348978555407,0.32763671875,2
163,38,1170.1430517868735,94.16728311155876,1232.0024497120091,142.47315466453935,0.0,2
163,51,1368.5556918097693,50.010566475221864,1380.2013091270298,73.5713578915406,0.0,2
163,57,120.94466235246264,484.91654022697554,180.8503288267704,573.6222007312579,0.6533203125,2
163,64,1029.8895143137709,259.78541656840355,1286.1104856862291,323.73688443779463,0.363037109375,1
163,65,1766.2535068542295,492.60804507692575,1905.7464931457707,624.727095778075,0.320068359375,2
163,66,1675.3075226629146,646.579076433364,1691.172105383934,665.4884314081023,0.27587890625,2
164,2,205.30906159948253,693.3219799609394,282.04488199054083,828.1248354064328,0.81982421875,2
164,3,763.561335867196,381.24060733037857,813.7692580807044,472.1189822532124,0.806640625,2
164,4,392.0208116473223,617.4020841719199,469.75152523441227,740.7796149554633,0.83642578125,2
164,5,1767.8646177420628,518.5999947688329,1879.7370278247427,623.2273192181767,0.30078125,2
164,6,1519.5831869096392,-7.037690350808361,1537.1428478937023,15.71821455362711,0.0,1
164,7,1255.6778529634696,98.44757773560123,1273.9924648769404,131.63492327627716,0.0,2
164,8,1573.7573267643986,66.20522455472873,1597.2426732356016,103.6884925789023,0.447509765625,2
164,10,1177.4873949875002,92.98687572617442,1231.3732082778974,139.11273178387648,0.55810546875,1
164,11,1332.3767283854406,63.21013870753426,1350.5556761536568,86.70215095119647,0.3486328125,2
164,13,1552.1690601326945,24.329836042951193,1582.5402277022658,56.16801355883005,0.50390625,1
164,34,1492.7278703054492,14.375702498862358,1504.712770517031,33.11893973680223,0.0,2
164,36,1366.1380785439917,51.79134051416879,1380.1619234580428,74.06250415034215,0.32763671875,2
164,38,1170.1451863724374,94.15909696069266,1232.0656280832986,142.51244541016175,0.0,2
164,51,1368.363974377213,50.03824747089803,1379.9881653795003,73.55576622114371,0.0,2
164,57,121.45405011060558,485.0504738286734,181.40484253438922,574.9346787391212,0.6533203125,2
164,64,1030.095450927736,259.84511768910335,1285.9045490722642,323.64047297160727,0.373779296875,1
164,65,1766.2260463290788,492.67826354562015,1905.7739536709214,624.730368574802,0.322509765625,2
164,66,1674.8268863179214,646.5289233911018,1691.0360194520013,665.7618683006112,0.2783203125,2
164,67,1588.5962964358002,744.0122975319537,1672.4528936920144,864.0122975319537,0.315673828125,2
165,2,199.39532235371829,698.2321880769739,276.3687835122951,833.5129743664651,0.90576171875,2
165,3,762.7281087286159,386.0541695793331,811.9589675892262,475.58244597911414,0.806640625,2
165,4,386.1193997023372,620.889621609066,464.3384953292222,745.1097007602056,0.8388671875,2
165,5,1767.8256572418975,518.6396838297436,1879.824212484699,623.2295169231118,0.282958984375,2
165,6,1519.6275860005499,-7.43708616065444,1537.2549652195066,15.406241537348729,0.0,1
165,7,1255.0965736428725,98.73254649487828,1273.408673240607,131.91582296872207,0.0,2
165,8,1573.7399858267333,66.22081499915198,1597.2600141732669,103.68270659997292,0.443603515625,2
165,10,1177.1084905812363,93.42851963880607,1230.8414179155075,139.25626223823258,0.533203125,1
165,11,1331.7930214372127,63.18672796248999,1350.1213915345722,86.92361317430213,0.418701171875,2
165,13,1552.1538245831143,24.1765509846318,1582.8305971731709,56.085201046174035,0.5078125,1
165,34,1492.662227626056,14.301632959373062,1504.5865833782445,32.94991887128003,0.0,2
165,36,1366.084311043851,51.55992815058015,1380.117553109018,73.94824999107809,0.29345703125,2
165,38,1170.147320716505,94.15091080982657,1232.128806696084,142.55173615578414,0.0,2
165,51,1368.1722568756172,50.065928466574185,1379.7750217010105,73.54017455074683,0.0,2
165,57,121.43096871244202,487.4923185491922,180.94457732017466,577.7982533891505,0.61669921875,2
165,64,1029.2297713568025,259.49186554642785,1286.7702286431972,323.7323475585131,0.390380859375,1
165,65,1766.1797599690965,492.45624540391697,1905.8202400309037,624.4818997876471,0.294921875,2
165,66,1674.6525429521978,646.509528620126,1691.0606982195204,665.8821103661618,0.26513671875,2
165,67,1587.5507981629041,744.0353414781237,1671.300814194103,864.0353414781237,0.250244140625,2
166,2,190.03010274314488,704.8405567802882,267.52084123790036,840.2665015261123,0.83984375,2
166,3,760.4924488496601,390.02669517809187,809.3602905865228,479.0116301884699,0.80810546875,2
166,4,381.79683329155097,623.0255184969881,463.2191812673966,751.503485645143,0.88720703125,2
166,5,1767.762190750114,518.6241859502422,1879.9297266519643,623.231767744396,0.259765625,2
166,6,1519.6719841033942,-7.836481970500518,1537.3670835333776,15.094268521070347,0.0,1
166,7,1254.5152942895616,99.01751525415531,1272.824881636987,132.19672266116694,0.0,2
166,8,1573.6862392021562,66.09935997091037,1597.3137607978435,103.68110794283633,0.443603515625,2
166,10,1177.4824123784915,93.58693313129415,1231.1247081202002,139.30873344975197,0.541015625,1
166,11,1331.6028502243987,63.655796393672986,1349.9643728076724,87.48275264711312,0.47265625,2
166,13,1551.9779396842878,23.870835728179202,1583.1009328157406,56.05548258615366,0.498046875,1
166,34,1492.5965858113404,14.227563419883767,1504.46039537478,32.78089800575784,0.0,2
166,36,1365.5810681329722,51.79734668688253,1379.6142631033233,74.01549884463134,0.3173828125,2
166,38,1170.1494548190765,94.14272465896047,1232.1919855503659,142.59102690140654,0.0,2
166,51,1367.9805393049814,50.09360946225034,1379.56187809156,73.52458288034995,0.0,2
166,57,121.49343531468242,489.8626642183798,180.54591887935527,580.2937796140615,0.642578125,2
166,64,1028.483285774161,259.2357457708768,1287.516714225839,323.8934527803292,0.373046875,1
166,65,1766.1282823172116,492.626248897236,1905.8717176827884,624.6410308209357,0.257568359375,2
166,66,1674.346675681245,646.5084517298378,1690.665633874272,665.7757206405025,0.0,2
166,67,1587.3469793605973,744.132667016063,1671.096995115142,864.132667016063,0.0,2
167,2,186.5899180118447,707.1761554388487,264.48530144950166,842.621757305261,0.8408203125,2
167,3,759.7306545307221,391.4264455063269,808.4205855380933,480.1930052380976,0.806640625,2
167,4,380.3579177955965,623.7059191882684,463.2129974936362,753.7741356507237,0.88720703125,2
167,5,1767.8724428560622,519.265851812656,1879.3204524332334,623.2019981830113,0.0,2
167,6,1519.7163812181718,-8.235877780346597,1537.479202835315,14.782295504791966,0.0,1
167,7,1253.9340149035372,99.30248401343236,1272.2410900660807,132.47762235361182,0.0,2
167,8,1573.689856045782,66.1751886042575,1597.3101439542177,103.68102217984298,0.441650390625,2
167,10,1177.6117537260407,93.63834998315801,1231.245100819175,139.32663813757074,0.537109375,1
167,11,1331.5225912734613,63.82432350955348,1349.9552717005852,87.80413524722611,0.470703125,2
167,13,1551.8840355108255,23.818018452108745,1583.2217540732506,56.045813882203134,0.498046875,1
167,34,1492.530944861303,14.153493880394471,1504.3342065066374,32.61187714023564,0.0,2
167,36,1365.3506895119294,51.83777450406994,1379.4917153180525,74.08873920968549,0.310791015625,2
167,38,1170.1515886801517,94.13453850809438,1232.2551646461436,142.63031764702893,0.0,2
167,51,1367.7888216653064,50.121290457926506,1379.3487345511494,73.50899120995308,0.0,2
167,57,121.60611446292275,490.7278254331876,180.17532961620708,581.1723888904763,0.642578125,2
167,64,1028.252066209598,259.14092493969684,1287.7479337904017,323.9558499848349,0.385009765625,1
167,65,1766.120288045809,492.5788150397013,1905.879711954191,624.608697139234,0.0,2
167,66,1674.0408084136045,646.5073748395496,1690.2705695257107,665.6693309148434,0.0,2
167,67,1587.1431605582904,744.2299925540024,1670.8931760361806,864.2299925540024,0.0,2
167,69,979.5883762853061,125.77116662871133,1031.9116237146939,167.4375,0.325927734375,2
168,2,173.39041162285278,717.4868834950619,252.2958339773103,854.6326871089516,0.90576171875,2
168,3,756.0866084465008,395.32014802099405,805.8524503392924,485.9741895666398,0.73583984375,2
168,4,368.05828410269396,633.1034774845448,451.77597798243414,764.7355201142934,0.8154296875,2
168,5,1767.6920580556211,518.9016707900712,1880.0261780769395,623.5273260128018,0.2666015625,2
168,6,1519.7607773448829,-8.635273590192675,1537.5913231253185,14.470322488513585,0.0,1
168,7,1253.352735484799,99.58745277270941,1271.6572985278876,132.75852204605673,0.0,2
168,8,1573.5458115362392,65.82920825315374,1597.454188463761,103.8056630902049,0.455078125,2
168,10,1177.205531291197,94.89387089973042,1229.7558614690897,139.33162048703346,0.56591796875,1
168,11,1331.60548297715,64.36864068543441,1349.8761403725005,88.15703500658755,0.441650390625,2
168,13,1551.7470767417005,23.737782175406025,1583.359963569047,56.105625795934245,0.4921875,1
168,34,1492.4653047759434,14.079424340905176,1504.2080167738172,32.44285627471344,0.0,2
168,36,1365.3199983282414,52.584815187517904,1379.4147816083366,74.6024206887086,0.33447265625,2
168,38,1170.1537222997308,94.12635235722828,1232.318343983418,142.66960839265133,0.0,2
168,51,1367.5971039565916,50.14897145360266,1379.1355910797786,73.4933995395562,0.0,2
168,57,120.49777642865239,491.50174609026294,181.07104117954623,586.3412041287099,0.546875,2
168,64,1028.6437853637176,259.35583139911813,1287.3562146362824,323.9803250654923,0.367431640625,1
168,65,1766.481186489732,493.29193422244845,1905.518813510268,624.123806711924,0.3115234375,2
168,66,1673.734941149277,646.5062979492614,1689.8755051738367,665.5629411891841,0.0,2
168,67,1586.9393417559836,744.3273180919417,1670.6893569572196,864.3273180919417,0.0,2
168,69,979.328079435828,125.53025085118064,1032.1719205641718,167.58087127173934,0.390380859375,2
169,2,161.76920313170774,722.7014637620017,242.94024861586632,862.918961152684,0.82666015625,2
169,3,754.7585000723761,400.13961192618194,804.9455853450552,491.4935623182759,0.8017578125,2
169,4,360.32269444644015,640.9676208577416,445.4363760215103,774.1466816281063,0.8310546875,2
169,5,1767.3834666289883,518.3788464762379,1880.4000854946344,623.5962388421254,0.271240234375,2
169,6,1519.8051724835275,-9.034669400038755,1537.7034444033889,14.158349472235201,0.0,1
169,7,1252.7714560333475,99.87242153198645,1271.0735070224086,133.03942173850163,0.0,2
169,8,1573.4935188775287,65.69807430426302,1597.5064811224713,103.85263591054945,0.455078125,2
169,10,1177.2042189904057,95.98765545498351,1229.041410418902,139.45715190954468,0.57177734375,1
169,11,1331.6629137506482,65.30562706844158,1349.8602236626068,89.01600282886446,0.439697265625,2
169,13,1551.6548738731087,23.647310823933545,1583.4451192152965,56.06776723803939,0.486328125,1
169,34,1492.399665555262,14.00535480141588,1504.081826176319,32.27383540919125,0.0,2
169,36,1365.4556095625953,54.7546521655546,1379.2651191087423,76.09461855961834,0.285400390625,2
169,38,1170.1558556778136,94.11816620636219,1232.3815235621882,142.70889913827372,0.0,2
169,51,1367.405386178837,50.17665244927882,1378.922447677447,73.4778078691593,0.0,2
169,57,120.04581384859677,492.73383036104354,182.23440238982545,591.6234450998593,0.525390625,2
169,64,1028.8014518514706,259.43955630623753,1287.1985481485292,323.9901138974424,0.415771484375,1
169,65,1765.9057042994189,492.9350300521296,1906.0942957005814,624.5239915654772,0.33984375,2
169,66,1673.429073888262,646.5052210589731,1689.48044081865,665.4565514635249,0.0,2
169,67,1586.7355229536768,744.4246436298811,1670.4855378782586,864.4246436298811,0.0,2
169,69,979.3080817177781,125.58800058408042,1032.1919182822219,167.62656013731788,0.392333984375,2
170,2,157.43870662809303,724.515475335791,239.72476205436243,865.8737429010404,0.82763671875,2
170,3,754.3128990381729,401.8805732846623,804.6718522203317,493.4862268682071,0.80078125,2
170,4,357.4307258261312,643.8159464702659,443.27569671761074,777.5533507759095,0.83349609375,2
170,5,1767.2603780211155,518.1855704135304,1880.552482909936,623.6204479739441,0.271240234375,2
170,6,1519.8495666341057,-9.434065209884833,1537.8155666695259,13.84637645595682,0.0,1
170,7,1252.1901765491823,100.1573902912635,1270.489715549643,133.3203214309465,0.0,2
170,8,1573.4756074673198,65.58617201604001,1597.52439253268,103.80851789036481,0.45703125,2
170,10,1177.089145831307,96.44128190742231,1228.9014666383453,139.5648127648505,0.57568359375,1
170,11,1331.705202283781,65.64740626383193,1349.8653886766895,89.32521888296051,0.439697265625,2
170,13,1551.6353614758323,23.738527940592956,1583.4549788527627,56.05449225772567,0.486328125,1
170,34,1492.3340271992581,13.931285261926584,1503.9556347141427,32.10481454366905,0.0,2
170,36,1365.4896384987162,55.58052107732638,1379.252772509423,76.639351464069,0.285400390625,2
170,38,1170.1579888144001,94.1099800554961,1232.4447033824547,142.74818988389612,0.0,2
170,51,1367.213668332043,50.204333444954976,1378.7093043441555,73.46221619876242,0.0,2
170,57,120.10611199433967,493.17646324643835,182.37333129368292,593.6109242408311,0.5234375,2
170,64,1028.867798084481,259.4723062512752,1287.132201915519,323.9941514260105,0.403564453125,1
170,65,1765.6062677108614,492.8099939508996,1906.3937322891386,624.6647157370949,0.346923828125,2
170,66,1673.12320663056,646.5041441686849,1689.0853764601507,665.3501617378656,0.0,2
170,67,1586.5317041513701,744.5219691678204,1670.2817187992978,864.5219691678204,0.0,2
170,69,978.9032201883075,125.7438859528852,1031.52424244751,167.50528710214763,0.352294921875,2
170,70,1393.5409629136232,25.387218731543143,1405.459037086377,48.84375,0.291015625,2
171,2,149.42773938995302,730.1516302345306,232.6501323096776,872.6415867537819,0.79931640625,2
171,3,752.0005630666973,404.40280746063917,802.8965185279283,497.0726723471525,0.77880859375,2
171,4,352.293655727012,647.1784311687475,439.4850734942018,782.0736061165205,0.85595703125,2
171,5,1766.4359864991325,518.3466418001625,1879.4156791301064,623.38095282457,0.2666015625,2
171,6,1519.8939597966173,-9.833461019730912,1537.9276899237293,13.534403439678439,0.0,1
171,7,1251.6088970323035,100.44235905054055,1269.9059241095913,133.6012211233914,0.0,2
171,8,1573.4708073650916,65.48222528469088,1597.5291926349082,103.72967015414753,0.458984375,2
171,10,1176.9983442523396,96.84430516277487,1228.908539362196,139.60255335879071,0.63525390625,1
171,11,1331.658433815177,65.76228199385108,1349.9586582907589,89.67249038811012,0.462890625,2
171,13,1551.538552565691,23.65112985768318,1583.5417295798013,56.05059038707855,0.486328125,1
171,34,1492.5677200135847,12.943096633101565,1505.9176623691633,33.73896023313917,0.26123046875,2
171,36,1364.8642494443122,56.04920948459173,1378.8988505572713,77.13668052043343,0.35400390625,2
171,38,1170.1601217094906,94.10179390463,1232.5078834442174,142.7874806295185,0.0,2
171,51,1367.0219504162092,50.23201444063113,1378.4961610799032,73.44662452836553,0.0,2
171,57,119.74733761177092,496.69381836324897,180.6582929250949,595.7417020183111,0.638671875,2
171,64,1028.898582747737,259.4854222747291,1287.101417252263,323.9959479391631,0.4140625,1
171,65,1765.0115344132255,493.2602611863402,1905.0014677926454,624.2215423183059,0.304931640625,2
171,66,1672.8173393761704,646.5030672783967,1688.6903120983384,665.2437720122064,0.0,2
171,67,1586.3278853490633,744.6192947057598,1670.0778997203367,864.6192947057598,0.0,2
171,69,979.2604187695259,125.93049704029423,1031.846968161058,167.59230599698685,0.4111328125,2
171,70,1393.5111124007735,25.269449297454457,1405.4888875992262,48.84375,0.2744140625,2
172,2,135.99089046622106,737.029896240629,220.46836212968523,880.8929958913434,0.90478515625,2
172,3,750.1602324798436,408.2107221100396,800.836823489985,500.28637007144494,0.7744140625,2
172,4,343.03095522937656,655.1638302513027,429.48796367079046,789.4856638744394,0.85205078125,2
172,5,1766.0942370085802,518.6421044465684,1879.0308741289746,623.5386285607716,0.2861328125,2
172,6,1519.9383519710625,-10.232856829576992,1538.0398141659994,13.222430423400056,0.0,1
172,7,1251.0276174827109,100.7273278098176,1269.3221327022527,133.88212081583632,0.0,2
172,8,1573.404233132561,65.31990683799063,1597.5957668674391,103.82351853061239,0.466796875,2
172,10,1176.8198458134325,96.9150449513918,1229.0666906366544,139.5516555900045,0.64794921875,1
172,11,1331.5825516007442,65.79291472234937,1350.0750358765638,90.03493015159458,0.5078125,2
172,13,1551.47283733792,23.6195847490965,1583.5984702111289,56.050086392763006,0.48828125,1
172,34,1492.5236453677373,12.80599608659112,1505.946438422169,33.68822749829229,0.267333984375,2
172,36,1364.5366866213067,56.20002655751952,1378.8814504346117,77.42891291766685,0.381103515625,2
172,38,1170.162254363085,94.0936077537639,1232.5710637474765,142.8267713751409,0.0,2
172,51,1366.8302324313356,50.2596954363073,1378.2830178846907,73.43103285796866,0.0,2
172,57,119.20161709924477,501.45248586045153,179.56265678948034,599.8931179374415,0.62451171875,2
172,64,1028.915230185404,259.4909347880249,1287.084769814596,323.99685445826583,0.373779296875,1
172,65,1763.1528180515943,492.93278141637666,1904.1192627848322,624.5528656825743,0.373779296875,2
172,66,1672.5114721250936,646.5019903881084,1688.2952477332137,665.1373822865472,0.0,2
172,67,1586.1240665467565,744.7166202436991,1669.8740806413757,864.7166202436991,0.0,2
172,69,980.027201350164,126.12500539779779,1032.3676197116158,167.49316058482685,0.42431640625,2
172,70,1393.5339434242535,25.43654266359063,1405.4660565757467,48.912803385737504,0.31494140625,2
173,2,131.01498425470913,739.478327275288,216.15282954659685,883.8264569709096,0.9052734375,2
173,3,749.1478450292842,409.55214644005514,799.7483182413176,501.37920649502695,0.7744140625,2
173,4,339.53046377812564,658.0410209119128,425.49208390282274,792.1037011603278,0.85107421875,2
173,5,1765.9410143510313,518.7406715789616,1878.9296288331645,623.5981347341556,0.286865234375,2
173,6,1519.982743157441,-10.63225263942307,1538.1519393963356,12.910457407121674,0.0,1
173,7,1250.4463379004048,101.01229656909464,1268.738341327628,134.1630205082812,0.0,2
173,8,1573.3868553648288,65.2597259658092,1597.613144635171,103.85906088260423,0.466796875,2
173,10,1176.6213447079876,96.92618867340784,1229.2669455374908,139.53083185249062,0.64794921875,1
173,11,1331.5818178072839,65.79248801188469,1350.1121649919428,90.15769626560952,0.509765625,2
173,13,1551.4217015707138,23.609250300951658,1583.6413852397388,56.050814839808794,0.486328125,1
173,34,1492.5059527183812,12.758430887774596,1505.960151386893,33.67141087778919,0.26904296875,2
173,36,1364.364091494762,56.23427004479153,1378.9438398299897,77.52114525453915,0.381103515625,2
173,38,1170.164386775183,94.08542160289781,1232.6342442922319,142.8660621207633,0.0,2
173,51,1366.6385143774226,50.28737643198345,1378.069874758518,73.41544118757179,0.0,2
173,57,119.02283399169627,503.212903714793,179.05769930292965,601.3813153780926,0.62451171875,2
173,64,1028.926000067785,259.4934680458748,1287.0739999322152,323.99739278652424,0.37744140625,1
173,65,1762.6154315375168,493.30532282253125,1903.6413942015652,624.678548600969,0.3720703125,2
173,66,1672.2056048773295,646.5009134978202,1687.900183364776,665.030992560888,0.0,2
173,67,1585.9202477444496,744.8139457816385,1669.6702615624145,864.8139457816385,0.0,2
173,69,980.2650004828199,126.32112841020427,1032.597950830982,167.58454678770175,0.45703125,2
173,70,1393.5401465293726,25.49312176851531,1405.4598534706272,48.935960545754284,0.31494140625,2
174,2,115.16623277090571,751.0239487645573,201.87695844791216,897.4793864526333,0.865234375,2
174,3,742.5544020072135,414.40283684727393,793.8001637788675,508.1001136386974,0.8310546875,2
174,4,332.9242958092069,668.8203223384851,420.26286589972847,803.741520507735,0.8681640625,2
174,5,1765.855687962839,519.0409034921745,1878.5349632962416,623.6108033179019,0.0,2
174,6,1520.027133355753,-11.031648449269149,1538.2640656147385,12.598484390843293,0.0,1
174,7,1249.8650582853852,101.29726532837168,1268.1545499857168,134.4439202007261,0.0,2
174,8,1573.354328401829,65.05317848028866,1597.645671598171,103.81057273440999,0.47265625,2
174,10,1176.2957791684971,96.72937567368028,1229.601509916134,139.58397420798485,0.640625,1
174,11,1331.4477831628897,65.04173675341676,1350.2810570057416,89.94224595969021,0.59619140625,2
174,13,1550.4785854896259,23.483102146421427,1582.596673351565,56.05191011025177,0.482421875,1
174,34,1492.8846175626584,11.94275198071557,1506.5700586089183,32.80402658179892,0.282958984375,2
174,36,1363.686410442686,54.91998163494858,1378.6041795724911,76.23307470476753,0.33642578125,2
174,38,1170.1665189457847,94.07723545203172,1232.697425078483,142.9053528663857,0.0,2
174,51,1366.44679625447,50.31505742765961,1377.8567317013851,73.3998495171749,0.0,2
174,57,116.35320448730896,506.0350696633844,177.2363662552914,606.5244786762233,0.615234375,2
174,64,1028.9341028369063,259.61879861634407,1287.0658971630937,324.12175949211996,0.3876953125,1
174,65,1761.8803473590376,492.45297069701536,1904.0136627396037,624.7265234863205,0.350341796875,2
174,66,1671.899737632878,646.499836607532,1687.5051189930257,664.9246028352287,0.0,2
174,67,1585.7164289421428,744.9112713195778,1669.4664424834534,864.9112713195778,0.0,2
174,69,980.5224428000033,126.77078142100643,1032.5034772658094,167.61761045566072,0.43408203125,2
174,70,1393.5250938834026,25.37933025052834,1405.4749061165974,48.87730821644924,0.322509765625,2
175,2,102.93334152460645,760.1429044661422,191.75925148400745,909.3216473367501,0.86865234375,2
175,3,739.2122077486541,417.369211707311,791.5487727938009,513.7204941736732,0.8173828125,2
175,4,320.23766768589763,674.2096182883914,410.60598935347434,814.3540763133378,0.84375,2
175,5,1765.5755645558618,518.4887381251575,1879.1860900041654,623.9176164462946,0.285400390625,2
175,6,1520.0715225659987,-11.431044259115227,1538.3761928212082,12.286511374564911,0.0,1
175,7,1249.283778637652,101.58223408764873,1267.5707586765193,134.724819893171,0.0,2
175,8,1573.318548217751,64.85325821008837,1597.681451782249,103.79195923538629,0.46484375,2
175,10,1175.9097248373641,97.20429708482746,1229.0029632363778,139.5403795958177,0.56396484375,1
175,11,1331.473472318637,64.68807949049292,1350.2831880570175,89.66552414326968,0.56982421875,2
175,13,1550.1300784206621,23.31332701597251,1582.192929974331,56.05302151900741,0.484375,1
175,34,1492.9337228220384,11.482831110022339,1506.8987422455023,32.50853774863271,0.291015625,2
175,36,1363.2808163230407,54.34593335316808,1378.6450424302006,75.92106028146537,0.301513671875,2
175,38,1169.9943901676966,99.62067740238733,1227.0433602343564,143.15490274413824,0.279052734375,2
175,51,1366.2550780624774,50.342738423335774,1377.6435887132914,73.38425784677801,0.0,2
175,57,114.88480844507124,508.51611493187687,176.61296582700294,611.3203071343667,0.48046875,2
175,64,1028.0885490123387,259.4183522384175,1287.9114509876613,324.41666035551265,0.3486328125,1
175,65,1761.9459035023026,492.62707542775945,1903.8319364310712,624.7444423401723,0.34521484375,2
175,66,1671.5938703917395,646.4987597172436,1687.110054617963,664.8182131095693,0.0,2
175,67,1585.512610139836,745.0085968575172,1669.2626234044924,865.0085968575172,0.0,2
175,69,980.7715970870449,127.1857314022558,1032.3045198837697,167.50207963301918,0.422607421875,2
175,70,1393.5336958591788,25.401709710193614,1405.466304140821,48.855627672608165,0.2998046875,2
176,2,98.47064973742062,763.442683609736,188.33343174697052,913.6235639536034,0.86865234375,2
176,3,737.8972176997967,418.40750587252313,790.3739591954046,515.7553763977035,0.8173828125,2
176,4,315.58540581470686,676.1086362788578,406.8525218318871,818.2022171192314,0.841796875,2
176,5,1766.745118669301,519.4080155711141,1880.0746357621795,624.4934827800452,0.275146484375,2
176,6,1520.1159107881776,-11.830440068961307,1538.488321015744,11.974538358286528,0.0,1
176,7,1248.7024989572053,101.86720284692578,1266.9869674000356,135.00571958561588,0.0,2
176,8,1573.2838275433915,64.65646851447293,1597.7161724566085,103.78484620036697,0.47265625,2
176,10,1175.9486904728706,96.99672878240014,1229.6007389700196,139.52238293348142,0.56201171875,1
176,11,1331.4760846423733,64.36039236456149,1350.3087117981656,89.48418533870526,0.57568359375,2
176,13,1550.8799724249684,23.189189639682883,1583.1394602867686,56.05406452831251,0.49609375,1
176,34,1492.8958542126834,11.239224877928152,1507.0769186918467,32.40283839166711,0.294189453125,2
176,36,1363.000392841525,54.09075055787162,1378.8060739951475,75.98291966370893,0.299072265625,2
176,38,1169.5297938577112,99.44277330803865,1227.424875798913,143.16941180508627,0.2744140625,2
176,51,1366.0633598014456,50.37041941901193,1377.4304457942378,73.36866617638114,0.0,2
176,57,114.46966485812165,509.40976485815924,176.20343452367877,613.0704204597711,0.490234375,2
176,64,1027.8497206282593,259.4664297916578,1288.1502793717405,324.65063495290616,0.341552734375,1
176,65,1762.539031082924,492.19968249654715,1905.1997851358203,625.2467674756209,0.361083984375,2
176,66,1671.2880031539135,646.4976828269554,1686.7149902395872,664.7118233839101,0.0,2
176,67,1585.308791337529,745.1059223954566,1669.0588043255314,865.1059223954566,0.0,2
176,69,980.9313519107968,127.58526156645215,1032.1540890064985,167.45872330628217,0.401611328125,2
176,70,1393.5204260255923,25.34527825941835,1405.4795739744077,48.84755594882101,0.30078125,2
177,2,87.95631010974859,769.3815367961042,179.31084200205152,921.8562595806363,0.89892578125,2
177,3,736.6337507455978,423.83149984724,788.3974427191663,519.5788369958136,0.81298828125,2
177,4,306.5503466350494,683.2242629946976,396.2350967679158,824.8077530384554,0.86865234375,2
177,5,1766.0793058025884,517.2432952035819,1881.4808699807998,624.2000836063609,0.31494140625,2
177,6,1520.1602980222901,-12.229835878807386,1538.6004501983466,11.662565342008147,0.0,1
177,7,1248.1212192440448,102.15217160620281,1266.4031761562653,135.28661927806075,0.0,2
177,8,1573.3175534219902,64.76979024066901,1597.68244657801,103.84383992119729,0.462890625,2
177,10,1174.2345864044755,94.92074334521881,1230.5644978606638,139.63918255117943,0.609375,1
177,11,1330.6691138198757,64.23147785449174,1349.1740897974487,89.40579982895545,0.56787109375,2
177,13,1551.174472407492,23.391444929511106,1583.494134541939,56.240262685534844,0.46484375,1
177,34,1492.9158501035108,11.278439725225574,1507.1068320581555,32.615974960256274,0.27197265625,2
177,36,1363.060996027574,55.18912965196539,1378.7175187514667,76.49395564381726,0.2861328125,2
177,38,1169.536682342087,99.64118644434241,1227.2292958712426,143.21458525806906,0.0,2
177,51,1365.8716414713738,50.39810041468809,1377.2173029442233,73.35307450598425,0.0,2
177,57,113.98545443090143,513.3475082887426,174.76767769738882,616.3174768867201,0.64404296875,2
177,64,1026.986737169922,259.2379710073469,1289.013262830078,324.9849264162913,0.267333984375,1
177,65,1761.757229376596,491.54614470679644,1904.7583065155266,625.4351705150111,0.405517578125,2
177,66,1670.9821359194002,646.4966059366672,1686.3199258578989,664.605433658251,0.0,2
177,67,1585.1049725352223,745.2032479333959,1668.8549852465703,865.2032479333959,0.0,2
177,69,980.6231994460176,127.59792337289919,1032.4579104165618,167.82191353266097,0.392333984375,2
177,70,1393.586673958255,25.767854498290994,1405.4133260417452,48.97139468118084,0.350341796875,2
178,2,75.00206182722582,776.3446185718116,167.62373190884875,930.6286191281131,0.89111328125,2
178,3,735.1712775983074,426.78820708555025,788.3030798211493,524.8530806479621,0.83984375,2
178,4,300.7420686377749,688.9608029658757,391.23277151601116,832.5062824310186,0.822265625,2
178,5,1766.041781521853,517.2617594516475,1881.4864990626288,624.2580245247013,0.0,2
178,7,1247.5399394981707,102.43714036547986,1265.8193849452084,135.56751897050566,0.0,2
178,8,1573.3731912731325,64.87805266707642,1597.6268087268672,103.80444015405492,0.462890625,2
178,10,1174.3090032059135,94.27021515539235,1231.190457417665,139.43827453140824,0.62451171875,1
178,11,1330.4659634967845,64.42576230318865,1348.6501831484418,89.61394283510734,0.546875,2
178,13,1551.3188251750125,23.532459644594496,1583.5952346812585,56.249447599000746,0.45703125,1
178,34,1492.9465911777243,11.23966998937425,1507.091622880997,32.641038904907035,0.26806640625,2
178,36,1362.870680138559,55.47860967947091,1378.9201547099358,77.05821546458716,0.34326171875,2
178,38,1169.5435723192716,99.83959958064617,1227.033714450763,143.25975871105186,0.0,2
178,51,1365.6799230722625,50.425781410364245,1377.0041601632488,73.33748283558737,0.0,2
178,57,112.97788559778849,516.7593835778677,173.55135200550995,620.4006298301508,0.70556640625,2
178,64,1026.7350899876499,259.20436867130434,1289.2649100123504,325.07761393492365,0.0,1
178,65,1759.2692001415785,494.75899200658637,1896.9149510620864,625.504101031087,0.443603515625,2
178,66,1670.6762686881996,646.4955290463789,1685.9248614728976,664.4990439325917,0.0,2
178,67,1584.9011537329154,745.3005734713353,1668.651166167609,865.3005734713353,0.0,2
178,69,980.5963027819945,127.84556822618475,1032.4777018445652,167.9551506464715,0.381103515625,2
178,70,1393.5910963080346,25.86096073703252,1405.4089036919656,49.01735781208655,0.350341796875,2
179,2,70.28360330290434,778.8136938700806,163.45865096564887,933.742311058861,0.89111328125,2
179,3,735.0404150659704,428.06024526448385,788.4410564266799,526.4872804894405,0.8388671875,2
179,4,298.96272692175444,690.9711594311807,389.53860864681513,835.2251454786135,0.81982421875,2
179,5,1766.0042570345734,517.2802236997132,1881.492128351002,624.3159654430418,0.0,2
179,7,1246.958659719583,102.72210912475691,1265.2355937668653,135.84841866295056,0.0,2
179,8,1573.4331263410695,64.98345223216799,1597.5668736589305,103.72742191293656,0.4609375,2
179,10,1174.2166216834673,93.77244987525125,1231.5661779952952,139.35847847919936,0.64794921875,1
179,11,1330.5252762758846,64.55924233482563,1348.3334310402513,89.62444814921608,0.544921875,2
179,13,1551.3500564574863,23.618187166595806,1583.6536753609348,56.28358243731505,0.458984375,1
179,34,1492.9779293170614,11.23231372477578,1507.0627996328249,32.6552941401299,0.265869140625,2
179,36,1362.7631248025634,55.609257868036366,1379.0430027981356,77.26059315526501,0.34521484375,2
179,38,1169.5504637892652,100.03801271694991,1226.838131537475,143.30493216403462,0.0,2
179,51,1365.4882046041116,50.4534624060404,1376.791017451314,73.3218911651905,0.0,2
179,57,112.76639336968402,517.9852127857971,172.9216280644072,621.8496002215496,0.70263671875,2
179,64,1026.4834428409438,259.1707663352618,1289.5165571590562,325.170301453556,0.0,1
179,65,1758.4368944085081,496.74181927628865,1891.820736994416,625.2769804034203,0.43115234375,2
179,66,1670.3704014603118,646.4944521560907,1685.529797084584,664.3926542069324,0.0,2
179,67,1584.6973349306086,745.3978990092746,1668.447347088648,865.3978990092746,0.0,2
179,69,980.1649512306163,128.18074058477927,1031.8989197018889,168.00323591370358,0.3720703125,2
179,70,1393.5877652548975,25.8926471772796,1405.4122347451028,49.033562794106075,0.350341796875,2
180,2,51.23370393947314,792.2857891560217,145.12109171300324,949.3681124688288,0.8740234375,2
180,3,729.3099856015834,433.5860229816525,783.5201845103987,533.5982555491257,0.77978515625,2
180,4,288.80329644160764,703.3187934603654,380.6638225409116,847.7997669128549,0.86083984375,2
180,5,1765.9667323407493,517.298687947779,1881.4977578459195,624.3739063613823,0.0,2
180,7,1246.3773799082817,103.00707788403396,1264.6518026212357,136.12931835539547,0.0,2
180,8,1573.391766816877,64.83898901687651,1597.608233183123,103.76038743689848,0.445556640625,2
180,10,1174.741641859244,94.07765817092803,1231.1538966838268,139.0820878800888,0.548828125,1
180,11,1330.3308049643585,65.71974918826217,1348.450724577438,91.7223506916766,0.548828125,2
180,13,1551.3137187832137,23.496248590724797,1583.720160505177,56.20319013675714,0.449462890625,1
180,34,1492.947613635765,11.205302602188514,1507.091022973189,32.850010589196444,0.25830078125,2
180,36,1362.513548457668,55.98934158660157,1379.3121970573154,78.19483537256761,0.338134765625,2
180,38,1166.9646116670172,99.8826626190657,1224.5506781765478,143.51329931035997,0.281494140625,2
180,51,1365.296486066921,50.481143401716565,1376.5778748084188,73.3062994947936,0.0,2
180,57,110.49204167041395,525.25599886441,170.09055371757168,629.1714241881205,0.658203125,2
180,64,1026.231795729804,259.13716399921924,1289.7682042701958,325.26298897218834,0.0,1
180,65,1758.472398740312,498.72060606583824,1887.6371695853938,624.9395439955241,0.3720703125,2
180,66,1670.0645342357366,646.4933752658025,1685.1347326929574,664.2862644812732,0.0,2
180,67,1584.4935161283017,745.495224547214,1668.243528009687,865.495224547214,0.0,2
180,69,980.2603344193434,128.39382554010945,1031.7873693102538,168.05702530506073,0.0,2
180,70,1392.94823351897,25.525281865316778,1405.0480006778773,48.97600024544314,0.352294921875,2
181,2,36.883054026640664,801.6361280060212,131.90741918017397,960.4718118894633,0.89501953125,2
181,3,725.1071469746041,438.5289817931311,779.8722846971024,539.1219742754797,0.83544921875,2
181,4,274.84768448834603,713.7508204475057,366.62257686760734,858.2758598442272,0.87841796875,2
181,5,1765.9292074403809,517.3171521958446,1881.5033875473812,624.4318472797227,0.0,2
181,7,1245.796100064267,103.29204664331101,1264.0680115083198,136.41021804784037,0.0,2
181,8,1573.3839244236196,64.8477329995125,1597.6160755763804,103.83484275854147,0.443603515625,2
181,10,1175.200490376695,94.82004371114168,1230.7419481910595,139.22409086843612,0.383056640625,1
181,11,1330.25563241072,66.27287725771632,1348.5083298281274,92.744861531593,0.5546875,2
181,13,1551.3084939459814,23.512550791359516,1583.7332248707162,56.17254711979014,0.437744140625,1
181,34,1492.9487260611452,11.169672530526258,1507.0866850199247,32.92663854695424,0.254638671875,2
181,36,1362.307427322897,56.21692285040069,1379.534859937068,78.90655043671867,0.322509765625,2
181,38,1167.043281194815,100.74895776854703,1223.8932759759493,143.74024497416855,0.30322265625,2
181,51,1365.1047674606907,50.50882439739272,1376.3647322345632,73.29070782439672,0.0,2
181,57,108.61896804936367,530.4108535700469,167.81463577454247,633.8217765615447,0.71875,2
181,64,1025.9801486542306,259.10356166317666,1290.0198513457694,325.35567649082066,0.0,1
181,65,1758.7676819989283,498.9376544011386,1885.8779272328582,624.8124487533253,0.445556640625,2
181,66,1669.7586670144742,646.4922983755142,1684.7396682980184,664.1798747556139,0.0,2
181,67,1584.2896973259951,745.5925500851533,1668.0397089307262,865.5925500851533,0.0,2
181,69,980.3557176464093,128.60691049543962,1031.6758188802798,168.11081469641792,0.0,2
181,70,1392.6767211812778,25.417966479659142,1404.947234207961,48.98505471808511,0.350341796875,2
182,2,31.69796985935659,804.9973738596627,127.17472838722966,964.4540993728878,0.89501953125,2
182,3,723.5169608760384,440.30797785958214,778.6055106616773,541.0950973931986,0.83544921875,2
182,4,269.7988330853935,717.5104263166013,361.4569320219168,862.0134690184705,0.87841796875,2
182,5,1765.8916823334682,517.3356164439103,1881.5090174553873,624.4897881980631,0.0,2
182,7,1245.2148201875384,103.57701540258805,1263.4842204281174,136.69111774028525,0.0,2
182,8,1573.388092078527,64.85269784177498,1597.611907921473,103.86310701376505,0.443603515625,2
182,10,1175.47315077555,95.1650396433779,1230.4894587936626,139.21652024566242,0.375732421875,1
182,11,1330.2892070423393,66.4189877556124,1348.4854546764054,93.06579431424124,0.556640625,2
182,13,1551.288164569695,23.519466120456844,1583.7531190996012,56.16094646971723,0.437744140625,1
182,34,1492.972569541221,11.207729581134428,1507.0591941597934,32.98898295953685,0.253173828125,2
182,36,1362.2271961192007,56.3256932200631,1379.6312069308415,79.16825795650792,0.32763671875,2
182,38,1167.0529397969676,101.03941832820976,1223.696230060077,143.81609662054666,0.304931640625,2
182,51,1364.9130487854209,50.53650539306888,1376.1515897297472,73.27511615399985,0.0,2
182,57,107.96011417806459,532.2709140663916,166.92641159119276,635.4601734127419,0.716796875,2
182,64,1025.7285016142232,259.06995932713414,1290.2714983857768,325.44836400945303,0.0,1
182,65,1759.3589802614601,498.99711166700826,1884.822009502129,624.7656079471365,0.447509765625,2
182,66,1669.4527997965245,646.491221485226,1684.3446038997665,664.0734850299547,0.0,2
182,67,1584.0858785236883,745.6898756230927,1667.8358898517652,865.6898756230927,0.0,2
182,69,980.451100911814,128.8199954507698,1031.5642684119673,168.16460408777507,0.0,2
182,70,1392.5458170810662,25.34607319121841,1404.9428293211997,48.95697720590907,0.3486328125,2
182,73,106.39271003142747,795.2169007712256,143.14183786912503,888.5577448402944,0.453369140625,2
183,2,19.078459006859468,812.4119745757898,115.43148318329901,974.0128779427451,0.84814453125,2
183,3,722.2382335451565,443.81342652114375,777.9794215026417,544.6469552727679,0.8173828125,2
183,4,263.386872019961,722.1602923060273,356.8509762011862,869.5781028984455,0.884765625,2
183,5,1765.8541570200114,517.354080691976,1881.5146475699376,624.5477291164036,0.0,2
183,7,1244.6335402780965,103.8619841618651,1262.9004293806288,136.97201743273013,0.0,2
183,8,1573.3961934213023,64.85601131937227,1597.6038065786977,103.87358336047089,0.447509765625,2
183,10,1175.4954013898391,94.11334446364793,1231.471114039036,139.15197854526573,0.449462890625,1
183,11,1330.3949318929183,66.95636588786427,1348.3998093538269,93.78469179564492,0.544921875,2
183,13,1551.290136709996,23.553645358601912,1583.7479993459585,56.12569326682677,0.455078125,1
183,34,1492.9726679932062,11.093231807860287,1507.1098056449966,32.95225654885751,0.0,2
183,36,1361.6240946739006,56.72597995520714,1379.2680671762328,79.62373549181945,0.322509765625,2
183,38,1166.7707782735074,100.1337946731666,1223.9339020035343,143.590106887359,0.271240234375,2
183,51,1364.7213300411113,50.56418638874504,1375.938447293971,73.25952448360297,0.0,2
183,57,105.69960276536482,534.35075307927,165.3092519112242,638.9156497552377,0.56982421875,2
183,64,1025.476854609782,259.03635699109157,1290.5231453902177,325.5410515280854,0.0,1
183,65,1760.017676344982,498.99860946881967,1884.0686208450638,624.7487346026516,0.435791015625,2
183,66,1669.1469325818875,646.4901445949378,1683.949539498202,663.9670953042955,0.0,2
183,67,1583.8820597213814,745.787201161032,1667.6320707728041,865.787201161032,0.0,2
183,69,980.5464842155575,129.0330804061,1031.4527179053157,168.2183934791323,0.0,2
183,70,1391.9360732123644,25.505566218112072,1404.513958113401,49.00811429063835,0.322509765625,2
183,73,102.83077983211756,802.1539398804579,128.05170944113087,865.4439536161365,0.4091796875,2
183,75,-0.3130744688820144,535.5,82.19994989587966,729.6613339406189,0.29248046875,2
184,2,4.695297147984448,816.984128967659,105.18625455422026,985.2249435343524,0.85986328125,2
184,3,719.3773745679969,450.2012814548224,774.8597360737417,550.0421895989791,0.8408203125,2
184,4,255.21418121419708,729.8564453611232,350.00309045860763,879.0825216297118,0.80078125,2
184,5,1765.81663150001,517.3725449400417,1881.5202778910323,624.6056700347441,0.0,2
184,7,1244.0522603359407,104.14695292114214,1262.3166383658536,137.25291712517503,0.0,2
184,8,1573.4051778052617,64.85851667963132,1597.5948221947385,103.87724631338088,0.451416015625,2
184,10,1174.7589981709368,93.29166010482409,1231.5980859464737,139.31272072850402,0.42431640625,1
184,11,1329.930876045105,67.03132164740147,1347.9042245974583,94.28912019373666,0.56787109375,2
184,13,1551.2998080979096,23.72203594428284,1583.7344354129436,56.2055454400129,0.455078125,1
184,34,1493.1850678867013,11.407425563024955,1506.84477990462,32.83559009992466,0.25537109375,2
184,36,1361.387998627412,57.54649955579336,1379.1440644720233,80.33855943060706,0.263671875,2
184,38,1166.527670021071,100.24058136474419,1223.6091747441274,143.6345569096682,0.0,2
184,51,1364.5296112277622,50.5918673844212,1375.7253049272342,73.24393281320609,0.0,2
184,57,102.52921966405388,533.0796172154028,164.60035479076677,642.5693571685747,0.6298828125,2
184,64,1025.2252076409075,259.002754655049,1290.7747923590925,325.6337390467177,0.0,1
184,65,1761.2268386983653,499.47839875845443,1882.896147197093,624.2452304253316,0.329345703125,2
184,66,1668.8410653705632,646.4890677046495,1683.5544750933248,663.8607055786363,0.0,2
184,67,1583.6782409190746,745.8845266989714,1667.4282516938429,865.8845266989714,0.0,2
184,69,979.9519033483776,128.15880717408908,1032.965352798174,168.88336745992228,0.26904296875,2
184,70,1391.6306146555019,25.566222239718883,1404.4342882099136,49.0893657681615,0.33984375,2
184,73,99.71348398565519,805.6158323676166,122.1786865851956,861.9905568428436,0.0,2
184,75,1.4134595848443965,535.7880065653271,82.04663631001316,725.1850500053953,0.3701171875,2
185,2,-0.6771568379070274,818.5618180152667,101.42845401473326,989.2904816136137,0.85888671875,2
185,3,718.3035414569005,452.2561645302892,773.8231952832465,551.6940295222796,0.8408203125,2
185,4,252.38667129443078,732.5968035770221,347.7895088274456,882.477854830939,0.79833984375,2
185,5,1765.7791057734646,517.3910091881075,1881.5259084186712,624.6636109530847,0.0,2
185,7,1243.4709803610715,104.43192168041918,1261.7328473837922,137.53381681761994,0.0,2
185,8,1573.4139318972755,64.86056411338522,1597.5860681027245,103.87832756934921,0.451416015625,2
185,10,1174.5753761195635,93.04305448676246,1231.5472610311117,139.43576938428635,0.42822265625,1
185,11,1329.847264343284,67.05171781960284,1347.6330000285222,94.46631922156931,0.56591796875,2
185,13,1551.2851605693504,23.723665572823812,1583.7452289529733,56.17381532018114,0.455078125,1
185,34,1493.2958808895964,11.46889753448587,1506.726559570723,32.8055043596841,0.254638671875,2
185,36,1361.2856744486555,57.87961801132468,1379.1210565815193,80.53520562912072,0.262939453125,2
185,38,1166.2845623139956,100.34736805632178,1223.2844469393588,143.67900693197743,0.0,2
185,51,1364.3378923453733,50.619548380097356,1375.5121626295372,73.2283411428092,0.0,2
185,57,101.568178531272,533.0213363686518,164.13173606207545,643.8713688681718,0.63525390625,2
185,64,1024.9735607075988,258.96915231900647,1291.0264392924012,325.7264265653501,0.0,1
185,65,1762.0762296397786,499.6406391968009,1882.1296920572427,624.0570386275853,0.325927734375,2
185,66,1668.5351981625515,646.4879908143612,1683.1594106851346,663.7543158529769,0.0,2
185,67,1583.4744221167678,745.9818522369108,1667.2244326148818,865.9818522369108,0.0,2
185,69,979.8790109957908,128.1281015675624,1033.11773617062,168.95585314180562,0.264404296875,2
185,70,1391.462203580448,25.588700692132562,1404.4679181160488,49.119386999169166,0.33984375,2
185,73,96.59618818451197,809.0777248547752,116.30566368394123,858.5371600695505,0.0,2
185,75,1.9205473659173933,535.8785112567973,82.1120051451648,723.8395143916513,0.36572265625,2
185,76,1689.3214857804637,489.3810834716801,1769.6785142195363,580.1189165283199,0.291748046875,2
186,2,-10.601501180909793,837.4102501870443,86.6787071792867,1004.1697232495027,0.75927734375,2
186,3,711.2895162234707,458.8415431141277,767.328674838912,560.0915055142711,0.80810546875,2
186,4,239.34258859596025,742.013279442724,338.777928192153,896.2767142890015,0.90869140625,2
186,5,1765.7415798403747,517.4094734361732,1881.5315391528543,624.7215518714252,0.0,2
186,7,1242.8897003534887,104.71689043969623,1261.1490564344444,137.8147165100648,0.0,2
186,8,1573.422083166129,64.86230749328207,1597.577916833871,103.87845318277854,0.4609375,2
186,10,1175.778796178519,92.95416185802289,1232.2197520983846,139.2372213533563,0.310791015625,1
186,11,1329.5483728626155,67.72454935473488,1346.8301095460645,94.70054154334215,0.56396484375,2
186,13,1551.3159707530097,23.847890796631354,1583.7109042935779,56.161797307530684,0.443603515625,1
186,34,1493.3091810006738,11.41240932820346,1506.7483056333476,32.76218406699581,0.0,2
186,36,1361.1221577870795,58.193739292581256,1378.9982664580004,80.90048385940827,0.0,2
186,38,1166.0414551522815,100.45415474789937,1222.9597185892285,143.7234569542866,0.0,2
186,51,1364.1461733939448,50.64722937577351,1375.2990204008797,73.21274947241231,0.0,2
186,57,99.89951486929054,543.1475379120737,160.67931257804668,650.5813108692712,0.6826171875,2
186,64,1024.7219138098565,258.9355499829639,1291.2780861901433,325.8191140839824,0.0,1
186,65,1761.9439049667208,495.69769482694926,1884.3418694865454,623.9896969463542,0.333740234375,2
186,66,1668.2293309578527,646.486913924073,1682.7643462736319,663.6479261273176,0.0,2
186,67,1583.270603314461,746.0791777748501,1667.0206135359208,866.0791777748501,0.0,2
186,69,979.4263961048256,127.24870626732208,1033.5972877858046,168.8561460743799,0.36669921875,2
186,70,1390.9126001616964,26.09306492451243,1403.9843574443719,49.378149544068805,0.296630859375,2
186,73,93.4788924286879,812.5396173419338,110.43264073736773,855.0837632962575,0.0,2
186,75,2.479391948824869,535.9764974195158,81.79546895799605,721.885691633476,0.0,2
186,76,1689.078282795907,488.81904464790114,1769.921717204093,580.107464281615,0.352294921875,2
187,2,-14.6710730056922,845.4739245763722,79.61676960591117,1011.5713593590639,0.609375,2
187,3,707.3479237071888,461.70104771514673,765.3456952917198,566.5661428999291,0.79931640625,2
187,4,227.5246966066403,754.18344720007,328.4719003983248,909.1019776659941,0.86962890625,2
187,5,1765.7040537007406,517.4279376842389,1881.5371700935818,624.7794927897656,0.0,2
187,7,1242.308420313192,105.00185919897328,1260.5652655178098,138.09561620250972,0.0,2
187,8,1573.4295385063294,64.86382144229557,1597.5704614936706,103.87824498291424,0.470703125,2
187,10,1176.523536395918,92.68049139278378,1233.1795291005487,139.65429229504701,0.352294921875,1
187,11,1329.006148495533,68.15940525223338,1345.9762657717542,94.9568834366469,0.57373046875,2
187,13,1551.3343151984348,23.956351594148174,1583.689337200775,56.15731932676502,0.437744140625,1
187,34,1493.3224810148,11.355921121921048,1506.7700517929227,32.718863774307515,0.0,2
187,36,1360.958640103237,58.50786057383783,1378.8754773567478,81.26576208969581,0.0,2
187,38,1165.798348535929,100.56094143947695,1222.6349896937372,143.7679069765958,0.0,2
187,51,1363.9544543734767,50.67491037144967,1375.085878241262,73.19715780201543,0.0,2
187,57,97.01677802060223,546.988531836737,158.9236002357826,657.0068310669744,0.76611328125,2
187,64,1024.4702669476806,258.90194764692137,1291.5297330523194,325.91180160261484,0.0,1
187,65,1762.353296036641,495.2100700159568,1884.7361384526312,624.4584073574907,0.376708984375,2
187,66,1667.9234637564664,646.4858370337847,1682.3692818588165,663.5415364016584,0.0,2
187,67,1583.066784512154,746.1765033127895,1666.8167944569598,866.1765033127895,0.0,2
187,69,978.8769143743947,126.91917424981169,1034.1548175102316,169.55311476480443,0.42431640625,2
187,70,1390.6122242890995,26.25166636691778,1403.9055864578668,49.63068493839182,0.291015625,2
187,73,90.36159671818295,816.0015098290924,104.55961774547508,851.6303665229644,0.0,2
187,75,3.03823653765005,536.0744835822342,81.4789327649096,719.9318688753004,0.0,2
187,76,1688.9978874491667,488.91207051244197,1770.002112550833,580.3836258546199,0.332763671875,2
188,2,-15.42823297357285,848.269956419698,76.82310504001704,1015.0570957358872,0.6103515625,2
188,3,705.9392265075719,462.681307535335,764.6492750050882,568.9043109950587,0.79833984375,2
188,4,222.94857275397572,758.6595050430038,325.00998135412044,913.7729315435149,0.86962890625,2
188,5,1765.6665273545623,517.4464019323046,1881.5428012408538,624.8374337081061,0.0,2
188,7,1241.727140240182,105.28682795825033,1259.9814746338893,138.37651589495462,0.0,2
188,8,1573.436307303133,64.86514787608114,1597.5636926968673,103.8779384490669,0.47265625,2
188,10,1176.973267778648,92.58260439674011,1233.3662823956545,139.8115581911755,0.34326171875,1
188,11,1328.8639799423042,68.31362144653616,1345.610054811193,95.03841231962163,0.57373046875,2
188,13,1551.3205827056233,23.99619340219295,1583.700226399012,56.15572878767917,0.437744140625,1
188,34,1493.3357809319753,11.299432915638636,1506.7917980494492,32.67554348161923,0.0,2
188,36,1360.7951213971285,58.82198185509441,1378.7526892777614,81.63104031998336,0.0,2
188,38,1165.555242464938,100.66772813105453,1222.3102602528843,143.81235699890502,0.0,2
188,51,1363.762735283969,50.702591367125834,1374.8727361506842,73.18156613161855,0.0,2
188,57,96.062548183422,548.3456385576045,158.21004801613608,659.3035301814895,0.76611328125,2
188,64,1024.2186201210707,258.8683453108788,1291.7813798789293,326.00448912124716,0.0,1
188,65,1762.9745445703143,495.5198701654565,1884.46188295724,624.6418663489749,0.37744140625,2
188,66,1667.617596558393,646.4847601434965,1681.9742174406883,663.4351466759992,0.0,2
188,67,1582.8629657098472,746.2738288507288,1666.6129753779987,866.2738288507288,0.0,2
188,69,978.7271815222831,126.79415345070103,1034.3054213437222,169.81535103419841,0.42431640625,2
188,70,1390.460012212895,26.308388700821336,1403.928256947659,49.723129383251106,0.29248046875,2
188,73,87.24430105299714,819.4634023162511,98.68659470826331,848.1769697496716,0.0,2
188,75,3.597081132392937,536.1724697449525,81.16239656590545,717.9780461171249,0.0,2
188,76,1689.1937539344601,488.9510054363723,1769.8062460655397,579.9426287290344,0.329345703125,2
189,2,-14.763238161026727,853.0201994575712,72.0866124490936,1014.120672589219,0.58154296875,2
189,3,701.9297821236731,467.069918499639,760.7187780981399,573.2979734334269,0.7646484375,2
189,4,214.46115833726594,766.0161685548526,317.69487396066927,922.1357408038763,0.880859375,2
189,5,1765.6290008018395,517.4648661803703,1881.54843259467,624.8953746264465,0.0,2
189,7,1241.1458601344584,105.57179671752738,1259.3976837826822,138.6574155873995,0.0,2
189,8,1573.442433927038,64.86631450850182,1597.557566072962,103.87762073078389,0.478515625,2
189,10,1178.1007985097647,92.98227719917605,1233.4530257064862,139.685851432224,0.3720703125,2
189,11,1329.296881012952,68.54715767052149,1345.9956051180088,95.48757586680884,0.556640625,2
189,13,1551.296549375568,23.947857117254575,1583.7217816746363,56.09315434833219,0.441650390625,1
189,34,1493.3490807521994,11.242944709356225,1506.8135444029265,32.632223188930936,0.0,2
189,36,1360.6316016687538,59.13610313635098,1378.6299022210414,81.9963185502709,0.0,2
189,38,1165.3121369393084,100.77451482263211,1221.9855302666704,143.8568070212142,0.0,2
189,51,1363.5710161254215,50.73027236280199,1374.6595941291455,73.16597446122168,0.0,2
189,57,94.82708639626028,552.1868648659575,156.31921562284106,662.4923362253176,0.7548828125,2
189,64,1023.966973330027,258.8347429748362,1292.033026669973,326.0971766398795,0.0,1
189,65,1762.3378906095913,496.63240636555713,1881.301611495394,624.2178042021665,0.25390625,2
189,66,1667.3117293636321,646.4836832532083,1681.5791530192475,663.32875695034,0.0,2
189,67,1573.9960511119411,732.0355662170155,1663.0338159313908,864.0058682127603,0.256103515625,2
189,69,978.7234894907411,126.74765515694646,1034.3070131795255,169.91045498770097,0.42626953125,2
189,70,1389.8717292851227,26.2337548126117,1403.4889976079542,49.66227961890884,0.281494140625,2
189,73,84.12700543313046,822.9252948034097,92.8135716257324,844.7235729763785,0.0,2
189,75,4.155925733053522,536.270455907671,80.8458603609836,716.0242233589496,0.0,2
189,76,1690.6069394032534,489.49489265007935,1770.4977690264175,579.7870751744797,0.29833984375,2
189,79,982.135764254006,139.3220834282217,1033.8642357459942,174.33366662871134,0.2568359375,2
190,2,-17.740078174614293,855.0044932684747,62.24810216597392,1009.8582157942897,0.42822265625,2
190,3,700.1294144998474,472.80129195934967,760.1468134753053,579.9775806890297,0.806640625,2
190,4,202.14414918273877,771.0445434988945,309.2600265213904,932.4117636369753,0.89013671875,2
190,5,1765.5914740425726,517.483330428436,1881.5540641550303,624.953315544787,0.0,2
190,7,1227.4207438982144,118.64114024787226,1244.6781794500769,149.39956455676486,0.3310546875,2
190,8,1573.3823970180488,64.61960895101618,1597.6176029819514,103.87732226457803,0.484375,2
190,10,1178.3836246331257,93.6993692472101,1233.6187787381766,140.68806580795388,0.39990234375,2
190,11,1328.4670238370052,68.8110218505317,1345.1798863313927,96.07572918882163,0.537109375,2
190,13,1551.2971348242397,24.05256131010306,1583.7190163261562,56.13179791582115,0.449462890625,1
190,34,1493.3623804754727,11.186456503073813,1506.8352908533552,32.588902896242644,0.0,2
190,36,1356.2822658641996,58.9267488484638,1374.5251687659845,82.14628492909787,0.27587890625,2
190,38,1165.0690319590399,100.88130151420971,1221.6607997350945,143.90125704352343,0.0,2
190,57,91.69478894868654,556.5055928217683,153.1657659381966,667.5111771041614,0.8232421875,2
190,64,1023.7153265745497,258.8011406387937,1292.2846734254504,326.1898641585119,0.0,1
190,65,1761.9000425078234,496.6769580899346,1880.7776715503512,624.1703837396122,0.0,2
190,66,1667.005862172184,646.48260636292,1681.184088594494,663.2223672246807,0.0,2
190,67,1576.765526676586,737.3674483289205,1659.941858538022,861.4905569791558,0.338134765625,2
190,69,978.63692582993,126.85475530190772,1034.3906673767829,170.30948459281885,0.443603515625,2
190,70,1389.5723349731902,25.954778398702466,1403.4136452849727,49.574610324409505,0.26513671875,2
190,73,81.00970985858292,826.3871872905682,86.94054849788235,841.2701762030854,0.0,2
190,75,4.714770339631812,536.3684420703894,80.52932415014403,714.0704006007741,0.0,2
190,76,1690.949411858006,489.6904499479685,1770.9019021556892,579.7351092046854,0.313232421875,2
190,79,981.7850665799942,138.71014357876044,1034.2149334200058,174.23762492311573,0.273681640625,2
191,2,-17.63886291727914,855.4534868028016,58.016470558062906,1007.9602026149068,0.416748046875,2
191,3,699.0720141774531,474.8622767824001,759.9862358918589,582.3716157400652,0.80810546875,2
191,4,197.56039552823242,772.7770845074929,306.3511132955243,936.0987413119675,0.8896484375,2
191,5,1765.5539470767612,517.5017946765017,1881.5596959219351,625.0112564631274,0.0,2
191,7,1226.9927138816554,118.89745004209965,1244.3991456345946,149.62301728917703,0.33447265625,2
191,8,1573.3686146028972,64.5273229437486,1597.631385397103,103.87706222161535,0.48046875,2
191,10,1178.6687821665826,93.97162529055365,1233.4870981237548,140.9393079757575,0.39794921875,2
191,11,1328.210617316913,68.84049085730436,1344.8265947030786,96.22420286734712,0.537109375,2
191,13,1551.2794615884334,24.059974379342215,1583.734746204247,56.11564210205744,0.449462890625,1
191,34,1493.3756801017948,11.129968296791402,1506.8570374007347,32.54558260355435,0.0,2
191,36,1355.8443049583166,58.97593166249569,1374.0912963020073,82.24111328286124,0.269775390625,2
191,38,1164.825927524133,100.98808820578729,1221.3360686581577,143.9457070658326,0.0,2
191,57,90.6586293079853,558.0393051981009,151.90755303722435,669.2853909227465,0.822265625,2
191,64,1023.4636798546386,258.7675383027511,1292.5363201453615,326.2825516771442,0.0,1
191,65,1761.462194164575,496.721509814312,1880.2537318467894,624.1229632770579,0.0,2
191,66,1666.6999949840485,646.4815294726318,1680.7890241664277,663.1159774990215,0.0,2
191,67,1577.881835640481,739.3174429532862,1658.742856829606,860.579652270184,0.350341796875,2
191,69,978.6604227614625,126.7743268094329,1034.3643291909639,170.33271041124573,0.441650390625,2
191,70,1389.4363580050092,25.878810403594287,1403.4228019346738,49.570563002344954,0.26806640625,2
191,73,77.89241432935452,829.849079777727,81.06752532471317,837.8167794297925,0.0,2
191,75,5.273614952127808,536.4664282331078,80.21278793338678,712.1165778425986,0.0,2
191,76,1690.9700890701179,489.7580198326137,1771.1315833981155,579.7201258712088,0.313232421875,2
191,79,981.8472262476406,138.58708062404327,1034.1527737523595,174.06592545197353,0.265869140625,2
192,2,-24.440612639552256,860.801750672417,50.95193154164164,1012.7858344669276,0.0,2
192,3,692.6329859284067,481.65351937224773,755.3337274467254,591.2246280549423,0.75634765625,2
192,4,182.71896285287073,790.2759222929301,291.59105049576243,951.3657883654362,0.88427734375,2
192,5,1765.5164199044057,517.5202589245674,1881.5653278953841,625.0691973814679,0.0,2
192,7,1225.9917822849352,119.61781381680208,1243.34883642579,150.25652012507368,0.0,2
192,8,1573.3716243775764,64.49388933358118,1597.6283756224238,103.87682269936501,0.48828125,2
192,10,1179.0310699648753,96.23750966452229,1231.1892891451394,141.3383197037635,0.490234375,2
192,11,1328.6367129723312,69.64224084055576,1345.1738994949783,97.43564363602988,0.484375,2
192,13,1551.256510441812,24.092548435748526,1583.7560012639817,56.140746596973656,0.437744140625,1
192,34,1493.388979631166,11.07348009050899,1506.8787840450652,32.50226231086606,0.0,2
192,36,1354.9268440596127,58.68327123989319,1372.7312519836676,81.84015258775875,0.315673828125,2
192,38,1164.5828236345876,101.09487489736487,1221.0113370358595,143.9901570881418,0.0,2
192,57,87.6330497946141,565.159653111802,149.08312579147332,676.9632598950528,0.77587890625,2
192,64,1023.2120331702938,258.7339359667086,1292.7879668297064,326.3752391957766,0.0,1
192,65,1764.2120351814447,499.3960474027137,1880.1338616013634,624.3288666337226,0.310791015625,2
192,66,1666.394127799226,646.4804525823436,1680.3939597350488,663.0095877733622,0.0,2
192,67,1577.6762622168028,739.5538441489383,1658.176101931752,860.2744906264098,0.0,2
192,69,977.8264328033235,126.3757446019119,1034.2110004655362,170.70404026559632,0.405517578125,2
192,70,1389.3652841907997,25.941942079430987,1403.4610765969917,49.66017646707998,0.26220703125,2
192,73,74.77511884544525,833.3109722648855,75.19450210622485,834.3633826564994,0.0,2
192,75,5.832459570541509,536.5644143958261,79.8962517107118,710.1627550844232,0.0,2
192,76,1690.8766804939405,489.27053227329316,1771.2962916045137,579.2095280912597,0.33642578125,2
192,79,981.6872979014585,138.32803119553847,1034.3127020985414,174.02383492442436,0.0,2
193,2,-31.24237447537191,866.1500145420324,43.88740463876692,1017.6114663189484,0.0,2
193,3,687.9955860096803,485.34176462567774,753.9499168520795,599.5800112770389,0.80810546875,2
193,4,166.22833281334053,801.7209498049604,278.4338735952724,965.8170701008917,0.85595703125,2
193,5,1765.4788925255057,517.5387231726331,1881.5709600753773,625.1271382998084,0.0,2
193,7,1224.990850206929,120.33817759150452,1242.2985276982718,150.89002296097033,0.0,2
193,8,1573.3150562526414,64.23555636649792,1597.6849437473584,103.8766084963931,0.494140625,2
193,10,1179.66605234186,97.29218954386191,1229.7918437949513,141.04348956724982,0.482421875,2
193,11,1328.9277153518578,70.18338007672702,1345.1937046897078,98.00483718339508,0.51953125,2
193,13,1551.1792731317805,24.041628202167164,1583.8317493131306,56.212404597828936,0.414794921875,1
193,34,1493.4022790635859,11.016991884226579,1506.9005307863465,32.45894201817777,0.0,2
193,36,1354.736381928821,58.5341032881048,1372.1028241471622,81.49310163219474,0.310791015625,2
193,38,1164.3397202904034,101.20166158894247,1220.6866048681995,144.03460711045102,0.0,2
193,57,82.4778883631363,570.465847888774,144.2382763737557,682.9496519356546,0.7548828125,2
193,64,1022.9603865215151,258.700333630666,1293.0396134784849,326.4679267144089,0.0,1
193,65,1767.660078328534,505.7634579101437,1879.0155979980523,625.1287943965461,0.38671875,2
193,66,1666.088260617716,646.4793756920553,1679.9988953003572,662.9031980477031,0.0,2
193,67,1577.4706885586033,739.7902453445904,1657.6093472684197,859.9693289826356,0.0,2
193,69,977.6608854908181,126.34870049079456,1034.0021097435604,170.83933257428646,0.383056640625,2
193,70,1389.3364886407842,26.08909452582428,1403.4914092084116,49.754516909206274,0.303955078125,2
193,73,71.65782340685512,836.7728647520441,69.3214788424174,830.9099858832064,0.0,2
193,75,6.391304194872909,536.6624005585445,79.57971548211913,708.2089323262477,0.0,2
193,76,1690.3463912769196,488.582483821945,1771.8346949776658,579.5299303441752,0.39599609375,2
193,79,981.5273695566718,138.06898176703365,1034.4726304433282,173.98174439687517,0.0,2
194,2,-38.044148424738104,871.4982784116478,36.82288984943873,1022.4370981709692,0.0,2
194,3,686.175959484631,486.6481089641159,753.6081661320374,602.6420604922682,0.80419921875,2
194,4,159.87237780243447,805.8240774196905,274.0829305572895,971.0137337192541,0.85693359375,2
194,5,1765.4413649400617,517.5571874206988,1881.5765924619152,625.1850792181489,0.0,2
194,7,1223.9899176476367,121.05854136620695,1241.248219452039,151.52352579686698,0.0,2
194,8,1573.3064620622288,64.13977227187824,1597.6935379377712,103.87642602157993,0.494140625,2
194,10,1180.0161100135829,97.67010180185427,1229.1546824715747,140.9281170670214,0.484375,2
194,11,1329.1244626081593,70.37889109682726,1345.1323620335027,98.20455090723155,0.521484375,2
194,13,1551.1416864103555,24.021409805047625,1583.8680549921191,56.23938088294956,0.414794921875,1
194,34,1493.415578399055,10.960503677944168,1506.9222776245792,32.41562172548948,0.0,2
194,36,1354.7561095450196,58.47038238846389,1371.8184096885172,81.35251992381521,0.312255859375,2
194,38,1164.0966174915807,101.30844828052005,1220.3618721551784,144.07905713276023,0.0,2
194,57,80.60638116459072,572.3614599636155,142.45157386785937,685.0802337857524,0.75634765625,2
194,64,1022.7087399083027,258.66673129462345,1293.2912600916973,326.5606142330413,0.0,1
194,65,1768.6873818598158,507.9271975114535,1878.7932838453228,625.4017500823566,0.373779296875,2
194,66,1665.7823934395187,646.4782988017671,1679.6038308623529,662.7968083220438,0.0,2
194,67,1577.2651146658825,740.0266465402424,1657.0425928396087,859.6641673388613,0.0,2
194,69,977.6693015429943,126.4642067406487,1033.8525642153534,171.00685066447772,0.394287109375,2
194,70,1389.3083816372398,26.144023537558617,1403.532862453674,49.78851608105478,0.303955078125,2
194,73,68.54052801358411,840.2347572392027,63.44845553329081,827.4565891099134,0.0,2
194,75,6.950148825122014,536.760386721263,79.26317924760876,706.2551095680724,0.0,2
194,76,1690.091553590087,488.3286162214155,1772.0785757687438,579.6530681149962,0.39599609375,2
194,79,981.3674412132805,137.80993233852885,1034.6325587867195,173.93965386932604,0.0,2
194,82,15.042666669810057,540.7789951113703,66.48294596526588,573.7557990222741,0.38671875,2
195,2,-44.84593448765084,876.8465422812632,29.758387173657084,1027.26273002299,0.0,2
195,3,682.7717679828692,494.2988338436988,748.1118078042384,606.5523735382753,0.7216796875,2
195,4,148.04159647409762,809.0758806914674,266.75479370260746,980.5126821172305,0.86865234375,2
195,5,1765.403837148073,517.5756516687645,1881.582225054997,625.2430201364893,0.0,2
195,7,1221.7011162135107,116.62329830958987,1241.3172189330096,150.71892854902762,0.42822265625,2
195,8,1573.3474301411957,64.2295540534354,1597.6525698588043,103.8762599062394,0.494140625,2
195,10,1180.0050163962933,97.54543315027976,1229.0586449566022,141.1326599760436,0.38671875,2
195,11,1328.7104541732892,70.44105959471288,1344.6236281946158,98.26273528775681,0.52734375,2
195,13,1551.1200153686852,24.012975707174892,1583.8885763065448,56.249316969595114,0.4091796875,1
195,34,1493.428877637573,10.904015471661756,1506.9440245597627,32.37230143280119,0.0,2
195,36,1354.8349869616825,57.97565009438779,1371.6805462559912,80.85890859118174,0.31494140625,2
195,38,1163.8535152381194,101.41523497209764,1220.037138896796,144.12350715506943,0.0,2
195,57,78.41799856739144,574.4277187474418,141.9119988928503,689.1827018378664,0.79443359375,2
195,64,1022.4570933306566,258.6331289585809,1293.5429066693434,326.65330175167367,0.0,1
195,65,1768.1171404977242,506.65688834170464,1879.6598188308978,625.4973935468993,0.42919921875,2
195,66,1665.4765262646342,646.4772219114789,1679.2087664210358,662.6904185963846,0.0,2
195,67,1577.0595405386405,740.2630477358945,1656.475838645319,859.359005695087,0.0,2
195,69,977.8043142748226,126.38777141720436,1033.6675250448252,170.81768293111992,0.39599609375,2
195,70,1389.31355019572,26.411312287595294,1403.5437027994253,49.923410024154464,0.281494140625,2
195,73,65.42323266563224,843.6966497263614,57.57543217884509,824.0031923366205,0.0,2
195,75,7.508993461288824,536.8583728839814,78.94664300718068,704.3012868098969,0.0,2
195,76,1689.9431538570163,488.2373244771747,1772.2093020490292,579.702191952723,0.420654296875,2
195,79,981.2075128712844,137.55088291002403,1034.7924871287155,173.89756334177684,0.0,2
195,82,12.437550777505592,540.8347427946622,67.28869933152741,576.0793760940284,0.42626953125,2
196,2,-51.64773266411011,882.1948061508785,22.693896611421977,1032.0883618750108,0.0,2
196,3,676.1494044401072,500.328384868217,741.5939948413412,612.0384222028215,0.82421875,2
196,4,135.87458087020175,823.697540829574,253.16962469905963,991.6506682060325,0.83349609375,2
196,5,1765.3663091495403,517.5941159168302,1881.587857854623,625.3009610548297,0.0,2
196,7,1219.2696137092255,117.28890956600883,1239.0549327928206,151.14547741101262,0.299072265625,2
196,8,1573.4032811380114,64.39004150487976,1597.5967188619886,103.87610928591175,0.484375,2
196,10,1180.180638756476,97.23925043863957,1228.8428521250387,140.83146123458474,0.259765625,2
196,11,1328.1815457137927,70.88510066127306,1343.8259745639887,98.33003849346805,0.56005859375,2
196,13,1551.1321076406596,24.07110249245692,1583.875466077404,56.252738582185984,0.414794921875,1
196,34,1493.44217677914,10.847527265379345,1506.9657715918977,32.3289811401129,0.0,2
196,36,1355.0538499952634,57.9709643790465,1371.476411254527,80.48218783762826,0.320068359375,2
196,38,1163.6104135300193,101.52202166367522,1219.7124050930518,144.16795717737864,0.0,2
196,57,74.83262907417551,578.0436431138248,139.46974153192963,694.5289217130039,0.75048828125,2
196,64,1022.2054467885766,258.59952662253835,1293.7945532114234,326.745989270306,0.0,1
196,65,1768.2519867444119,507.15760788410245,1879.6378302407256,625.5296445047816,0.3896484375,2
196,67,1576.8539661768768,740.4994489315465,1655.9090846855506,859.0538440513127,0.0,2
196,69,977.9090324452812,126.36070915801037,1033.5477533580806,170.73898124048787,0.4072265625,2
196,70,1389.3624855954504,26.82114480404663,1403.511073913385,50.034523685691866,0.259765625,2
196,73,62.3059373629995,847.15854221352,51.70240877908022,820.5497955633274,0.0,2
196,75,8.06783810337334,536.9563590466997,78.6301067608349,702.3474640517213,0.0,2
196,76,1690.230176426834,488.70631373497616,1771.9042195512918,579.2238815285244,0.34521484375,2
196,79,981.0475845306837,137.2918334815192,1034.9524154693163,173.85547281422765,0.0,2
196,82,12.928955015383192,542.452939723634,67.01976837038139,577.3458524179174,0.42431640625,2
197,2,-58.44954295411592,887.5430700204939,15.629418162733408,1036.9139937270315,0.0,2
197,3,673.9088793553047,502.4506294986736,739.5996328163585,613.9320499216949,0.8232421875,2
197,4,131.24733976658288,829.109708185435,248.38565926166305,995.5874320689493,0.83544921875,2
197,5,1765.3287809444632,517.6125801648959,1881.5934908607937,625.3589019731702,0.0,2
197,7,1218.3496346454865,117.53183501121194,1238.299443160888,151.2889782082939,0.296630859375,2
197,8,1573.428462069963,64.32865232128896,1597.571537930037,103.75202355384474,0.484375,2
197,10,1180.2876836909209,96.98813743887618,1228.7204697737936,140.71407266783967,0.256103515625,2
197,11,1327.972743120599,70.97979025182767,1343.5454593399197,98.40072136480434,0.56005859375,2
197,13,1551.1013103831453,24.030485858907806,1583.9053564171597,56.25369451902904,0.4130859375,1
197,34,1493.455475823756,10.791039059096933,1506.9875187209832,32.28566084742461,0.0,2
197,36,1355.1642956563064,57.87297164851481,1371.410967300175,80.33632398903262,0.32080078125,2
197,38,1163.3673123672809,101.6288083552528,1219.3876707439467,144.21240719968785,0.0,2
197,57,73.48324312181651,579.3130644794898,138.64189740834323,696.4336926205792,0.7490234375,2
197,64,1021.953800282063,258.5659242864958,1294.0461997179368,326.8386767889383,0.0,1
197,65,1768.6170856008375,508.31081683666036,1879.3196496143523,625.5379225452524,0.384033203125,2
197,67,1576.648391580592,740.7358501271985,1655.3423309603036,858.7486824075384,0.0,2
197,69,978.128607152984,126.47596555899464,1033.326102490678,170.58054741048701,0.394287109375,2
197,70,1389.375969295371,27.00408215994193,1403.5132000732442,50.04287365277091,0.259765625,2
197,73,59.188642105685894,850.6204347006786,45.82938533399622,817.0963987900343,0.0,2
197,75,8.626682751375562,537.0543452094182,78.31357050857142,700.393641293546,0.0,2
197,76,1690.3927666015315,489.1378055711857,1771.7240897915674,579.2954198841662,0.332763671875,2
197,79,980.8876561914784,137.0327840530144,1035.1123438085217,173.81338228667852,0.0,2
197,82,13.531085125635933,543.2864968434194,66.35297025373544,577.4715774864758,0.42822265625,2
198,2,-65.25136535766826,892.8913338901093,8.564951827591372,1041.7396255790522,0.0,2
198,3,664.11620134268,510.7560342960302,731.2225993357044,625.089343474722,0.79931640625,2
198,4,110.45837617545948,841.7507290413184,232.15609216144014,1013.5528993903645,0.90380859375,2
198,5,1765.2912525328418,517.6310444129616,1881.5991240735084,625.4168428915107,0.0,2
198,7,1216.493426425863,119.84233186119451,1236.6417059111388,153.67585686332473,0.3310546875,2
198,8,1573.3764407002984,64.18274651524986,1597.6235592997018,103.82923547792154,0.478515625,2
198,10,1180.1289791926497,96.20238525672318,1228.8734054474342,140.60581446526055,0.2666015625,1
198,11,1326.8068186229518,71.06675594655536,1342.5622303533605,98.97188967243613,0.63525390625,2
198,13,1551.084442526606,24.014531123886393,1583.9214419469142,56.25375598442971,0.4111328125,1
198,34,1493.4687747714208,10.734550852814522,1507.0092659470201,32.242340554736316,0.0,2
198,36,1354.3146769748892,58.76739874141104,1370.3153724206782,81.52481910263124,0.451416015625,2
198,38,1163.1242117499037,101.7355950468304,1219.0629358494798,144.25685722199705,0.0,2
198,57,66.94042330436163,589.002220352232,131.4590155694592,705.3516789384572,0.68603515625,2
198,64,1021.7021538111155,258.53232195045325,1294.2978461888843,326.9313643075707,0.0,1
198,65,1767.8369107651436,506.7068498842179,1880.1206277633871,625.537551937741,0.42529296875,2
198,67,1576.4428167497858,740.9722513228505,1654.775577469578,858.443520763764,0.0,2
198,69,978.8706595494135,126.8931229428495,1033.5774037120143,170.63978508037343,0.338134765625,2
198,70,1389.3020047315322,27.11172210050875,1403.4077591608602,50.09916979780984,0.0,2
198,73,56.07134689369143,854.0823271878373,39.956361843593086,813.6430020167414,0.0,2
198,75,9.185527405295481,537.1523313721366,77.99703425039021,698.4398185353705,0.0,2
198,76,1690.062376987913,488.5514168047878,1772.0397875082774,579.5749110157219,0.403564453125,2
198,79,980.7277278536683,136.7737346245096,1035.2722721463315,173.77129175912933,0.0,2
198,82,13.362921031902797,543.9498782823161,66.38374600046735,578.2637088395146,0.0,2
199,2,-72.05319987476716,898.2395977597248,1.500497605995875,1046.5652574310732,0.0,2
199,3,657.1970210139607,519.8774471548911,724.1484978590559,634.7759384153942,0.8056640625,2
199,4,93.03662077537368,852.1480888847502,218.02170604689658,1027.861983689045,0.908203125,2
199,5,1765.2537239146761,517.6495086610273,1881.6047574927675,625.4747838098511,0.0,2
199,7,1215.2232356497275,121.015979045747,1235.6799363728333,154.37608205487535,0.350341796875,2
199,8,1573.3981685405622,64.19090123221805,1597.601831459438,103.79685634846226,0.466796875,2
199,10,1180.1479341885652,96.25888049220177,1228.8528344609203,140.62740975752027,0.0,1
199,11,1325.7614391134991,71.58268287076098,1341.8325002490685,100.28233328731444,0.68408203125,2
199,13,1551.1003763178287,24.008058713069868,1583.904814161084,56.19156741540429,0.416748046875,1
199,34,1493.4820736221347,10.67806264653211,1507.0310132700079,32.19902026204802,0.0,2
199,36,1352.9908335801417,58.97648141439299,1368.9591508849953,82.3387880082424,0.53515625,2
199,38,1162.881111677888,101.84238173840798,1218.7382004096517,144.30130724430626,0.0,2
199,57,63.031106230933894,596.5338613820559,126.62779244991225,711.0732682170818,0.7490234375,2
199,64,1021.4505073757343,258.4987196144107,1294.5494926242654,327.02405182620305,0.0,1
199,65,1766.3220044066024,502.6166462139025,1881.645187093918,625.0389608020839,0.466796875,2
199,67,1576.2372416844585,741.2086525185026,1654.2088242133736,858.1383591199898,0.0,2
199,69,978.6695702520815,127.42403148736527,1033.1631976750537,171.0310257209229,0.306640625,2
199,70,1389.228040233817,27.21936204107557,1403.3023181823523,50.15546594284878,0.0,2
199,73,52.95405172701609,857.5442196749959,34.08333830787082,810.1896052434483,0.0,2
199,75,9.744372065133106,537.250317534855,77.68049798629133,696.4859957771951,0.0,2
199,76,1689.9726916032391,488.33260933161216,1772.1176468144201,579.6813085066783,0.416748046875,2
199,79,980.5677995172537,136.5146851960048,1035.4322004827463,173.72920123158016,0.0,2
199,82,13.194756942415765,544.6132597212128,66.41452174295318,579.0558401925532,0.0,2
200,2,-78.85504650541259,903.5878616293402,-5.563944502053076,1051.390889283094,0.0,2
200,3,654.812398462265,523.2159038395115,721.4297331003379,638.2978888828147,0.8056640625,2
200,4,86.52198192911341,855.8838252357574,213.01451241192024,1033.0545353304212,0.908203125,2
200,5,1765.2161950899663,517.6679729090931,1881.610391118571,625.5327247281917,0.0,2
200,7,1214.670279435046,121.44458299140925,1235.4879378387081,154.6148551848008,0.350341796875,2
200,8,1573.4118181351205,64.19577180581665,1597.5881818648793,103.78468266726482,0.46875,2
200,10,1180.1668882294568,96.31537572768036,1228.8322644294303,140.64900504978,0.0,1
200,11,1325.4409325919755,71.83168498657346,1341.4989384183525,100.70769571140397,0.68408203125,2
200,13,1551.0727475199,24.005267863197787,1583.9318226200432,56.22986667799944,0.414794921875,1
200,34,1493.4953723758974,10.621574440249699,1507.0527606899466,32.15569996935973,0.0,2
200,36,1352.1818161582894,58.95926632208961,1367.8031066268825,82.39618747012486,0.515625,2
200,38,1162.6380121512334,101.94916842998556,1218.413464424462,144.34575726661544,0.0,2
200,57,61.60654309977329,599.2365333356514,124.87106872649008,713.061363817709,0.75048828125,2
200,64,1021.1988609759195,258.4651172783681,1294.8011390240806,327.11673934483537,0.0,1
200,65,1766.0417133993208,501.55965791800725,1881.930703628826,624.8502141374371,0.4658203125,2
200,67,1576.0316663846095,741.4450537141546,1653.6420711916905,857.8331974762154,0.0,2
200,69,978.6051579107291,127.62263129170157,1032.9954736695327,171.1746726951767,0.32080078125,2
200,70,1389.1540758022254,27.32700198164239,1403.1968771377208,50.21176208788771,0.0,2
200,73,49.83675660565989,861.0061121621545,28.210314726829417,806.7362084701554,0.0,2
200,75,10.303216730888437,537.3483036975733,77.36396171627473,694.5321730190196,0.0,2
200,76,1689.970362846179,488.25220210215025,1772.1090991413546,579.7225764411558,0.416748046875,2
200,79,980.4078711822343,136.25563576749997,1035.5921288177658,173.68711070403097,0.0,2
200,82,13.02659285717484,545.2766411601095,66.44529748119291,579.847971545592,0.0,2
201,2,-85.65690524960455,908.9361254989556,-12.62837449655548,1056.2165211351148,0.0,2
201,3,649.098905113708,527.0098166327044,716.1447489479872,643.6078098860064,0.841796875,2
201,4,74.16182101947282,862.877886630341,203.94660587414023,1044.4550745793597,0.9609375,2
201,5,1765.178666058712,517.6864371571588,1881.6160249509187,625.5906656465322,0.0,2
201,7,1214.14802544752,121.46249683842174,1235.8192325288808,155.5494871258715,0.279052734375,2
201,8,1573.3894300367472,64.13717248134982,1597.610569963253,103.84222353785125,0.474609375,2
201,10,1180.1858413153245,96.37187096315895,1228.811695352964,140.6706003420397,0.0,1
201,11,1324.323526972807,71.91618456318189,1340.4311103372636,101.09852191627067,0.6875,2
201,13,1551.0046207411708,23.818148652482915,1583.999413426451,56.18236639424546,0.422607421875,1
201,34,1493.5086710327093,10.565086233967287,1507.0745082068365,32.112379676671445,0.0,2
201,36,1350.2725064237463,58.607725345961434,1366.0424553062026,82.40917399311353,0.5888671875,2
201,38,1162.3949131699405,102.05595512156316,1218.0887278939113,144.39020728892467,0.0,2
201,57,60.0309468387517,601.5880578395822,124.20124309844394,717.6111630848094,0.69775390625,2
201,64,1020.9472146116707,258.4315149423256,1295.052785388329,327.20942686346774,0.0,1
201,65,1765.802495534548,500.6602296555611,1882.1738949693595,624.7776540200234,0.462890625,2
201,67,1575.8260908502393,741.6814549098067,1653.0753184045288,857.5280358324412,0.0,2
201,69,979.2201485468122,128.06659765330437,1033.2865250602529,171.34825243068514,0.294921875,2
201,70,1389.0801114367575,27.43464192220921,1403.0914360269655,50.26805823292665,0.0,2
201,73,46.719461529622826,864.4680046493131,22.337291100468878,803.2828116968623,0.0,2
201,75,10.862061402561466,537.4462898602917,77.04742544034043,692.5783502608441,0.0,2
201,76,1689.9991577920346,488.2247968623635,1772.0706603770816,579.7386136463258,0.381103515625,2
201,79,980.2479428486103,135.99658633899514,1035.7520571513896,173.6450201764818,0.0,2
201,82,12.858428776180023,545.9400225990063,66.47607321518652,580.6401028986307,0.0,2
202,2,-92.45877610734306,914.2843893685709,-19.692792377511353,1061.0421529871355,0.0,2
202,3,644.6564871311568,530.4979921880109,713.7295884434386,651.0788802952087,0.85498046875,2
202,4,58.491702441164605,877.4722151859951,187.82526887317044,1056.7889044355138,0.88232421875,2
202,5,1765.1411368209135,517.7049014052245,1881.6216589898108,625.6486065648727,0.0,2
202,7,1210.3657323862733,120.7820144812422,1233.7047127954531,158.14947284972732,0.3486328125,2
202,8,1573.32362388359,63.86898267487456,1597.6763761164102,103.86410779803109,0.47265625,2
202,10,1180.2047934461682,96.42836619863755,1228.7911272315214,140.69219563429942,0.0,1
202,11,1323.8867544933405,71.20292398676081,1340.0617837632142,100.74096256201506,0.67724609375,2
202,13,1550.9805611273937,23.74749539378581,1584.0230080183792,56.16436911306826,0.422607421875,1
202,34,1493.52196959257,10.508598027684876,1507.0962558206772,32.06905938398315,0.0,2
202,36,1349.4473290487838,58.31737817487495,1365.5174184989332,82.77575061042715,0.640625,2
202,38,1162.151814734009,102.16274181314074,1217.763990817999,144.43465731123385,0.0,2
202,57,57.030765571050736,606.7753025322979,121.34452288663785,723.6107088707396,0.7958984375,2
202,64,1020.6955682829882,258.397912606283,1295.3044317170115,327.30211438210006,0.0,1
202,65,1765.7913396442027,500.32327237926876,1882.1880751321194,624.7508537733962,0.4619140625,2
202,67,1575.6205150813478,741.9178561054588,1652.5085658518885,857.222874188667,0.0,2
202,69,979.5830505437542,128.47904623814185,1033.267377080091,171.40886687751885,0.25537109375,2
202,70,1389.0061471374133,27.54228186277603,1402.9859948500866,50.324354377965584,0.0,2
202,73,43.6021664989049,867.9298971364718,16.464267428789206,799.8294149235694,0.0,2
202,75,11.420906080152207,537.5442760230102,76.73088915848842,690.6245275026688,0.0,2
202,76,1690.228950919774,488.713229748215,1771.8324320536406,579.7448907418803,0.416748046875,2
202,79,980.0880145163816,135.73753691049035,1035.9119854836183,173.60292964893264,0.0,2
202,82,12.690264699431314,546.603404037903,66.50684894493402,581.4322342516695,0.0,2
203,2,-99.2606590786281,919.6326532381863,-26.75719814492068,1065.8677848391565,0.0,2
203,3,643.1590229926721,531.6937283180771,712.8444401997882,653.7640793811461,0.85595703125,2
203,4,52.456732950170945,882.8114440654466,182.11605232798632,1061.151713054306,0.880859375,2
203,5,1765.1036073765706,517.7233656532902,1881.627293235247,625.7065474832132,0.0,2
203,7,1209.0678896087097,120.52166507039234,1232.80652255326,159.12017308330056,0.350341796875,2
203,8,1573.343479051075,63.892637420204416,1597.6565209489252,103.87233041929008,0.466796875,2
203,10,1180.2237446219883,96.48486143411616,1228.7705600651032,140.71379092655914,0.0,1
203,11,1323.7718820723144,70.92173258594444,1339.90045257483,100.58884361673783,0.67919921875,2
203,13,1550.9731857228937,23.65949929375217,1584.0299644189367,56.09578793404659,0.42822265625,1
203,34,1493.5352680554797,10.452109821402464,1507.118003531469,32.02573909129486,0.0,2
203,36,1349.2010501049276,58.235252462368486,1365.2934343267948,82.90967238662819,0.640625,2
203,38,1161.9087168434387,102.26952850471832,1217.439253196725,144.47910733354306,0.0,2
203,57,56.051563549427094,608.6104152181478,120.26605524927135,725.7369934479306,0.79443359375,2
203,64,1020.443921989872,258.3643102702405,1295.5560780101277,327.3948019007325,0.0,1
203,65,1766.057171058933,500.6965048208648,1881.9247612179443,624.741632800228,0.4638671875,2
203,67,1575.414939077935,742.1542573011108,1651.9418135337696,856.9177125448927,0.0,2
203,69,979.8364196283092,128.75343092614872,1033.141110020943,171.30215991964798,0.254638671875,2
203,70,1388.9321829041928,27.64992180334285,1402.880553607084,50.38065052300452,0.0,2
203,73,40.48487151350611,871.3917896236304,10.591243711790398,796.3760181502763,0.0,2
203,75,11.979750763660647,537.6422621857286,76.41435287071872,688.6707047444933,0.0,2
203,76,1690.3241109629628,488.9003019140219,1771.729666857771,579.7474052737682,0.4091796875,2
203,79,979.9280861855483,135.47848748198552,1036.0719138144518,173.56083912138345,0.0,2
203,82,12.522100626928712,547.2667854767998,66.5376246704354,582.2243656047083,0.0,2
204,2,-106.06255416345968,924.9809171078017,-33.82159179878347,1070.6934166911772,0.0,2
204,3,634.9741161051709,544.4249179852312,702.8450222632192,663.1233712593317,0.7607421875,2
204,4,32.0333666226482,896.8584558008521,162.7249277161033,1074.7714560078878,0.89892578125,2
204,5,1765.0660777256835,517.7418299013559,1881.6329276872275,625.7644884015535,0.0,2
204,7,1207.8569259540839,121.60402480337359,1231.3159001294111,160.1951978033385,0.474609375,2
204,8,1573.3919424346052,63.96591581386609,1597.608057565395,103.81348258607167,0.462890625,2
204,10,1180.2426948427844,96.54135666959475,1228.7499938537085,140.73538621881886,0.0,1
204,11,1321.6699754465114,71.54455352813946,1338.001675229854,101.25320827329914,0.6806640625,2
204,13,1550.9990444367413,23.688971277602704,1584.00373405748,56.07005777472895,0.43408203125,1
204,34,1493.5485664214384,10.395621615120053,1507.139751339212,31.98241879860657,0.0,2
204,36,1349.1669901477667,58.079629662247726,1365.2017047934198,82.83114238796941,0.67724609375,2
204,38,1161.66561949823,102.3763151962959,1217.1145150300902,144.52355735585226,0.0,2
204,57,48.947710195582,614.5829241462226,114.87099572817027,733.7728761598901,0.830078125,2
204,64,1020.1922757323221,258.3307079341979,1295.807724267678,327.4874894193648,0.0,1
204,65,1767.5848915248998,504.8050818796324,1880.3992427112826,625.2339960334774,0.4765625,2
204,67,1575.2093628400007,742.3906584967629,1651.3750614501719,856.6125509011184,0.0,2
204,69,979.9283414670766,128.9243200279865,1033.1369196542548,171.39634989176693,0.0,2
204,70,1388.858218737096,27.75756174390967,1402.7751122979575,50.436946668043454,0.0,2
204,73,37.36757657342645,874.853682110789,4.718219949472456,792.9226213769832,0.0,2
204,75,12.538595453086788,537.7402483484469,76.09781657703131,686.7168819863177,0.0,2
204,76,1690.3667837156531,488.9707860565238,1771.6805013731773,579.7484442093812,0.37744140625,2
204,79,979.7681578561103,135.2194380534807,1036.2318421438897,173.51874859383426,0.0,2
204,82,12.35393655867222,547.9301669156964,66.5684003916907,583.0164969577469,0.0,2
205,2,-112.86446136183781,930.3291809774171,-40.885973339099735,1075.519048543198,0.0,2
205,3,627.36426683183,550.6523673825877,697.3031818227832,672.4449394608165,0.85986328125,2
205,4,12.569774431778178,909.7776256927493,138.97631851559993,1079.5877340721108,0.86865234375,2
205,5,1765.028547868252,517.7602941494216,1881.6385623457525,625.822429319894,0.0,2
205,7,1208.291661516919,120.9252224960135,1231.8669238045081,160.216648894444,0.484375,2
205,8,1573.4152648782483,64.05760106892473,1597.5847351217517,103.85306332138428,0.45703125,2
205,10,1180.2616441085565,96.59785190507334,1228.7294285973373,140.75698151107855,0.0,1
205,11,1320.2891723654752,72.57733460524213,1336.9037931658886,102.54036208193268,0.6826171875,2
205,13,1551.0079432939585,23.70117009990769,1583.994503690531,56.06077123715977,0.439697265625,1
205,34,1493.561864690446,10.339133408837641,1507.161499243906,31.93909850591828,0.0,2
205,36,1349.623363882039,58.11120448144112,1365.7289903543242,83.16212168678317,0.673828125,2
205,38,1161.4225226983826,102.48310188787349,1216.7897763180936,144.56800737816144,0.0,2
205,57,42.82195263415106,620.1533726600526,109.73778754732622,740.1062760669303,0.76611328125,2
205,64,1019.9406295103383,258.2971055981553,1296.0593704896617,327.5801769379971,0.0,1
205,65,1767.0845870368578,503.11822609283365,1880.9017395224819,624.6710865682645,0.4833984375,2
205,67,1575.0037863675452,742.6270596924148,1650.8083096010955,856.3073892573441,0.0,2
205,69,980.0202632621784,129.0952091298243,1033.1327293312322,171.49053986388586,0.0,2
205,70,1388.784254636123,27.86520168447649,1402.6696709227076,50.49324281308239,0.0,2
205,73,34.25028167866592,878.3155745979477,-1.1548038581646196,789.4692246036903,0.0,2
205,75,13.097440148430639,537.8382345111654,75.78128027742619,684.7630592281424,0.0,2
205,76,1690.388865235458,488.9967632919585,1771.6527649204236,579.7489094192223,0.3701171875,2
205,79,979.6082295280677,134.9603886249759,1036.3917704719324,173.4766580662851,0.0,2
205,82,12.185772494661833,548.5935483545932,66.59917610869988,583.8086283107857,0.0,2
206,2,-119.66638067376248,935.6774448470326,-47.95034276586945,1080.3446803952188,0.0,2
206,3,624.5621069673342,552.8474369388521,695.4218256599638,675.7682801907956,0.85888671875,2
206,4,5.579188554813868,914.2672613406552,131.25879559458107,1080.905966974643,0.87158203125,2
206,5,1764.9910178042762,517.7787583974873,1881.6441972108216,625.8803702382345,0.0,2
206,7,1208.6080649686235,120.77656320535127,1231.999620859243,160.1986586500091,0.482421875,2
206,8,1573.4284018335352,64.09356339593145,1597.571598166465,103.86807231966641,0.453369140625,2
206,10,1180.280592419305,96.65434714055195,1228.7088642959907,140.7785768033383,0.0,1
206,11,1320.268945640465,73.02469648696788,1337.005606713974,102.95515770706956,0.6826171875,2
206,13,1551.037407371354,23.70658070442851,1583.96475002789,55.995797722656484,0.445556640625,1
206,34,1493.5751628625028,10.28264520255523,1507.183247245551,31.89577821322999,0.0,2
206,36,1349.8590237866529,58.153632642794,1365.906185514961,83.2824244535944,0.67236328125,2
206,38,1161.1794264438965,102.58988857945108,1216.4650370607358,144.61245740047067,0.0,2
206,57,40.4613532050684,622.1346562916681,108.05214627560719,742.3538917132427,0.76611328125,2
206,64,1019.6889833239209,258.2635032621128,1296.3110166760791,327.67286445662955,0.0,1
206,65,1766.713217750412,502.24380750382943,1881.2745960511559,624.7115193300551,0.4765625,2
206,67,1574.7982096605683,742.8634608880669,1650.2415579865406,856.0022276135697,0.0,2
206,69,980.1121850136145,129.26609823166206,1033.1285390518751,171.58472983600475,0.0,2
206,70,1388.7102906012735,27.97284162504331,1402.564229481334,50.549538958121325,0.0,2
206,73,31.132986829224528,881.7774670851063,-7.027827711120828,786.0158278303973,0.0,2
206,75,13.656284849692192,537.9362206738838,75.46474397190337,682.8092364699669,0.0,2
206,76,1690.4025838597734,489.00579282564513,1771.6340784987015,579.7491468730632,0.37939453125,2
206,79,979.4483012014203,134.70133919647108,1036.5516987985798,173.43456753873593,0.0,2
206,82,12.017608434897554,549.2569297934899,66.62995182146295,584.6007596638244,0.0,2
207,2,-126.46831209923369,941.025708716648,-55.014700079092634,1085.1703122472397,0.0,2
207,3,620.3996268522225,559.3725468178657,692.2449322816107,684.1602394851786,0.8408203125,2
207,4,2.2213649605635695,923.6186386909092,123.35536354195233,1083.0770383826157,0.85107421875,2
207,5,1764.9534875337563,517.797222645553,1881.649832282435,625.938311156575,0.0,2
207,7,1205.4576096528144,120.22180833293504,1229.5534835530912,160.28263565297362,0.447509765625,2
207,8,1573.5015575935363,64.29386471158895,1597.4984424064637,103.81172506602843,0.445556640625,2
207,10,1183.2738534895955,102.9771267375016,1234.3915462898615,151.3735484740536,0.318359375,2
207,11,1319.9486832649839,73.5551786387347,1336.4222063528728,102.97287943731007,0.68408203125,2
207,13,1551.0722923802373,23.771308106048156,1583.9296074072583,55.97178984597997,0.455078125,1
207,34,1495.4054032942447,9.194652108212521,1507.5794026238736,28.616189199624465,0.25244140625,2
207,36,1349.5991639507881,58.38450126246839,1365.3788000625145,83.19878832129874,0.63720703125,2
207,38,1160.936330734772,102.69667527102867,1216.1402972580163,144.65690742277985,0.0,2
207,57,36.871478847016505,626.180509418803,104.84723487352366,746.4753867237998,0.81298828125,2
207,64,1019.4373371730696,258.22990092607023,1296.5626628269306,327.76555197526187,0.0,1
207,65,1765.8091775955988,499.9331389297522,1882.1800020985463,624.7280072307708,0.4130859375,2
207,67,1574.5926327190703,743.0998620837189,1649.674806606507,855.6970659697954,0.0,2
207,69,980.204106721385,129.43698733349984,1033.124348816184,171.67891980812368,0.0,2
207,70,1389.5635688979096,30.48869818565888,1403.3797901053063,52.62560253618251,0.2568359375,2
207,73,28.015692025102272,885.2393595722649,-12.900851609396174,782.5624310571043,0.0,2
207,75,14.215129556871446,538.0342068366022,75.14820766046284,680.8554137117915,0.0,2
207,76,1690.412661340926,489.0084253862954,1771.6196295430034,579.7492898574967,0.33642578125,2
207,79,979.2883728761683,134.44228976796626,1036.7116271238317,173.39247701118674,0.0,2
207,82,11.849444379379381,549.9203112323867,66.66072752997992,585.3928910168631,0.0,2
208,2,-133.27025563825143,946.3739725862633,-62.07904527876927,1089.9959440992604,0.0,2
208,3,610.9941907132263,569.0342050272519,682.0204368894814,693.5231788045428,0.79443359375,2
208,4,-4.48160344529137,928.2044036256851,112.4809614371583,1082.9627953127592,0.8427734375,2
208,7,1204.8447249470407,123.0423065017967,1228.0819015065806,161.38629718092125,0.56591796875,2
208,8,1573.5914460072092,64.55646712526406,1597.4085539927905,103.72824857053504,0.443603515625,2
208,10,1183.4465521855432,103.50178740990894,1234.865547733257,152.18509983700613,0.0,2
208,11,1319.5718528007071,74.24202433622852,1335.5111892473806,102.83618164621944,0.67236328125,2
208,13,1551.1069929937323,23.85828643339783,1583.8946790953212,55.96344257900065,0.45703125,1
208,34,1495.4884012489138,9.22788450034868,1507.5456087567088,28.478315494632746,0.2705078125,2
208,36,1348.7064084126912,58.81250864246417,1364.0262171782438,82.91198536158188,0.6259765625,2
208,38,1160.6932355710087,102.80346196260625,1215.8155569099356,144.70135744508906,0.0,2
208,57,31.534050820880182,630.0368091716981,100.9158995020213,752.308949600641,0.73876953125,2
208,65,1767.639011955075,500.5383151603866,1884.2847367361494,625.2267393214099,0.37841796875,2
208,67,1574.3870555430506,743.336263279371,1649.1080554609946,855.3919043260212,0.0,2
208,69,980.2960283854898,129.60787643533763,1033.1201586241584,171.77310978024263,0.0,2
208,70,1388.927381627168,31.08366189879719,1402.9932576258439,52.92624750951721,0.312255859375,2
208,73,24.898397266299153,888.7012520594235,-18.773875552990656,779.1090342838113,0.0,2
208,75,14.773974269968406,538.1321929993205,74.83167134310462,678.901590953616,0.0,2
208,76,1690.420941321256,488.76072338043406,1771.6075028030693,579.5014139351744,0.329345703125,2
208,79,979.1284445523116,134.18324033946146,1036.8715554476883,173.35038648363758,0.0,2
208,82,11.68128032810732,550.5836926712834,66.69150323425077,586.185022369902,0.0,2
209,2,-140.0722112908157,951.7222364558787,-69.14337836489935,1094.8215759512814,0.0,2
209,3,607.7223026504564,572.5494772351589,678.0725214685156,696.8785158503372,0.79443359375,2
209,4,-6.30636675039905,929.5244327116823,108.85042244084615,1082.6172181115,0.8427734375,2
209,7,1204.6353300116057,124.1423361944253,1227.597845537782,161.78228690069187,0.56591796875,2
209,8,1573.6171526814444,64.65487317606133,1597.3828473185554,103.69703678016013,0.443603515625,2
209,10,1183.6192610142225,104.02644808231628,1235.3395390439216,152.9966511999587,0.0,2
209,11,1319.474447506403,74.48721402645967,1335.173285836471,102.76715350060317,0.67041015625,2
209,13,1551.1124664332851,23.8602073017423,1583.8890048783712,55.92998349974716,0.455078125,1
209,34,1495.5172491377746,9.203339109686498,1507.5347658274436,28.40078886925152,0.272705078125,2
209,36,1348.3642915105008,58.94187091245028,1363.5549488911347,82.85911298108695,0.6259765625,2
209,38,1160.450140952607,102.91024865418385,1215.4908160164937,144.74580746739827,0.0,2
209,57,30.23365330689898,631.3695817121272,99.99029111389012,754.3697164470849,0.74169921875,2
209,65,1766.0193609219089,498.8046678208816,1883.4582172247226,624.4301948391912,0.376708984375,2
209,67,1574.1814781325097,743.572664475023,1648.5413045500036,855.0867426822468,0.0,2
209,69,980.3879500059288,129.77876553717542,1033.1159684757986,171.86729975236156,0.0,2
209,70,1388.6079950864275,31.245796135151387,1402.9836608155763,53.0559759616135,0.313232421875,2
209,73,21.781102552815167,892.1631445465821,-24.646899541904272,775.6556375105182,0.0,2
209,75,15.332818988983071,538.2301791620389,74.51513501982868,676.9477681954405,0.0,2
209,76,1690.6182887536131,488.91480466175324,1771.4067704963088,579.1602359045161,0.325927734375,2
209,79,978.9685162298504,133.92419091095664,1037.0314837701496,173.3082959560884,0.0,2
209,82,11.513116281081363,551.2470741101802,66.72227893427552,586.9771537229407,0.0,2
210,2,-146.87417905692652,957.070500325494,-76.20769933748291,1099.647207803302,0.0,2
210,3,598.0140310232764,583.0422085900866,670.1159877936213,709.7388428781882,0.83642578125,2
210,4,-9.251315454527962,946.8734715637029,90.3190265766724,1081.2435777269893,0.544921875,2
210,7,1202.1751485552381,123.91543895766873,1225.8976795092356,162.5267579810847,0.59619140625,2
210,8,1573.7483644684555,65.24981533209794,1597.2516355315445,103.74798606249482,0.43408203125,2
210,10,1183.791979975633,104.55110875472361,1235.8135202218543,153.80820256291125,0.0,2
210,11,1317.258376422321,74.75291784620543,1333.2736116338765,103.54119033053908,0.69091796875,2
210,13,1551.215896830214,24.10893787001185,1583.785399525122,55.91807475361324,0.441650390625,1
210,34,1495.6010026252104,9.292935390152197,1507.4524963095491,28.15842359337791,0.26123046875,2
210,36,1348.4266509276956,59.360529688608636,1363.224485743478,82.58723929709177,0.5908203125,2
210,38,1160.2070468795666,103.01703534576143,1215.1660745776903,144.79025748970747,0.0,2
210,57,23.076271644088322,640.0848182222575,93.38758514071438,763.3358640218815,0.7841796875,2
210,65,1767.0558620601905,501.11537837554044,1883.457467864361,625.1147394814164,0.3115234375,2
210,67,1573.9759004874475,743.8090656706751,1647.974553873534,854.7815810384726,0.0,2
210,69,980.4798715827022,129.9496546390132,1033.1117783711043,171.9614897244805,0.0,2
210,70,1388.4356353588564,31.4512585757751,1403.0401905149552,53.1903521223977,0.388671875,2
210,73,18.663807884650314,895.6250370337408,-30.51992357613702,772.2022407372253,0.0,2
210,75,15.891663713915438,538.3281653247574,74.19859869063505,674.9939454372652,0.0,2
210,76,1690.6796415558392,489.2218308199914,1771.3423429469433,579.2812197190976,0.303955078125,2
210,79,978.8085879087844,133.66514148245184,1037.1914120912156,173.26620542853925,0.0,2
210,82,11.344952238301516,551.9104555490768,66.75305463005417,587.7692850759793,0.0,2
211,2,-153.67615893658387,962.4187641951094,-83.27200819651992,1104.4728396553228,0.0,2
211,3,587.6133131359211,593.2039704646972,660.9168525510117,721.7477438666508,0.86328125,2
211,4,-17.64322804632508,955.4510085258802,79.21131629587255,1086.1539002137931,0.0,2
211,7,1200.6814612828011,123.69828193434532,1224.9203032535138,162.66402605402484,0.55810546875,2
211,8,1573.7139242967692,65.28451372350409,1597.2860757032308,103.83018922027904,0.43017578125,2
211,10,1183.964709069775,105.07576942713095,1236.2874912670557,154.61975392586382,0.0,2
211,11,1316.5769487434673,76.01482957149591,1332.4634507966414,104.12771489790322,0.6943359375,2
211,13,1551.1843259568325,24.04695590555444,1583.8168094823072,55.88326164829519,0.441650390625,1
211,34,1495.6158867863712,9.3144420244772,1507.4324737014226,28.077016311340664,0.253173828125,2
211,36,1347.1080312852464,60.33101681096931,1362.4765350600674,84.05136856481272,0.56591796875,2
211,38,1159.9639533518875,103.12382203733901,1214.8413325935253,144.83470751201668,0.0,2
211,57,15.644546837458066,646.2242178670739,87.19132167404054,771.5130377748652,0.8447265625,2
211,65,1768.0717947939204,503.7500056805234,1882.8320178733554,625.6264900395513,0.2705078125,2
211,67,1573.7703226078638,744.0454668663272,1647.4078034315855,854.4764193946984,0.0,2
211,69,980.57179311581,130.120543740851,1033.1075883100757,172.05567969659944,0.0,2
211,70,1388.2939722776466,31.453839560528476,1403.145098448595,53.23251122853142,0.368408203125,2
211,73,15.546513261804598,899.0869295208994,-36.39294765568891,768.7488439639322,0.0,2
211,75,16.450508444765507,538.4261514874757,73.88206235552371,673.0401226790897,0.0,2
211,76,1690.6899344522076,489.0883684963966,1771.3294135749002,579.0805913648086,0.310791015625,2
211,79,978.6486595891138,133.40609205394702,1037.3513404108862,173.22411490099006,0.0,2
211,82,11.176788199767774,552.5738369879736,66.7838303215867,588.5614164290181,0.0,2
212,2,-160.47815092978777,967.7670280647247,-90.3363049420104,1109.2984715073435,0.0,2
212,3,583.7754342418681,596.8926342347013,657.5996258799289,726.1095234446401,0.86328125,2
212,4,-26.03509391179761,964.0285454880575,68.1035592887481,1091.064222700597,0.0,2
212,7,1200.04587258957,123.47636722875723,1224.6955304539317,162.68977845221042,0.55810546875,2
212,8,1573.68933181036,65.2938634107896,1597.3106681896397,103.86092658897599,0.43212890625,2
212,10,1184.1374482966485,105.60043009953829,1236.761452179526,155.43130528881636,0.0,2
212,11,1316.2897242328936,76.48216880407573,1332.2505891117405,104.334800728381,0.6943359375,2
212,13,1551.162254383112,24.022727968535115,1583.838747501403,55.87091625993903,0.441650390625,1
212,34,1495.6154227291293,9.308777556865081,1507.4271373982476,28.023020554426097,0.253173828125,2
212,36,1346.5665469463006,60.68168887649292,1362.2859610878513,84.58358372679758,0.56591796875,2
212,38,1159.72086036957,103.2306087289166,1214.516590063999,144.87915753432588,0.0,2
212,57,12.946744307446735,648.4146693582936,85.00569861022107,774.4528106254105,0.84716796875,2
212,65,1768.1594195893267,504.49261210011963,1882.8828206969758,626.0671516207502,0.26904296875,2
212,67,1573.564744493759,744.2818680619791,1646.8410532241587,854.171257750924,0.0,2
212,69,980.6637146052522,130.29143284268878,1033.1033982927129,172.14986966871837,0.0,2
212,70,1388.191229460178,31.412983048649302,1403.2400686938042,53.209799858850175,0.3701171875,2
212,73,12.429218684278016,902.548822008058,-42.26597178055992,765.2954471906392,0.0,2
212,75,17.00935318153328,538.5241376501941,73.56552601449467,671.0862999209141,0.0,2
212,76,1690.681970000583,489.03678968863954,1771.3350748625408,579.0068671556652,0.307373046875,2
212,79,978.4887312708385,133.1470426254422,1037.5112687291617,173.18202437344087,0.0,2
212,82,11.008624165480143,553.2372184268703,66.81460600887313,589.3535477820568,0.0,2
213,2,-167.28015503653822,973.1152919343401,-97.40058957395435,1114.1241033593644,0.0,2
213,3,577.3811297839603,605.9173450894525,650.8796327732506,735.3513629903205,0.88232421875,2
213,4,-34.426913050945544,972.606082450235,56.99575555529904,1095.9745451874012,0.0,2
213,7,1198.3080761624844,123.37925269430161,1223.241323093802,162.6761204355833,0.57177734375,2
213,8,1573.6369093785274,65.16954851477884,1597.3630906214723,103.87234016710022,0.437744140625,2
213,10,1184.3101976562532,106.12509077194562,1237.2354029592645,156.24285665176893,0.0,2
213,11,1314.9984811807979,76.76439518818717,1331.4099851760059,105.14716371261466,0.69580078125,2
213,13,1551.1991574243114,24.1679395765465,1583.8017257936042,55.89805396121159,0.42626953125,1
213,34,1495.686167401215,9.26837821962098,1507.4270014532744,27.870094632951563,0.0,2
213,36,1345.7552509556492,60.80625691825831,1361.8698897945242,85.02479749316123,0.57373046875,2
213,38,1159.4777679326137,103.33739542049418,1214.1918469891114,144.9236075566351,0.0,2
213,57,9.655523316636291,651.0509660046523,82.90125594584627,780.2918680226293,0.8408203125,2
213,65,1767.67009311126,505.25759327812034,1881.4270638923574,625.730868380482,0.277587890625,2
213,67,1573.3591661451328,744.5182692576312,1646.274303251253,853.8660961071498,0.0,2
213,69,980.7556360510285,130.46232194452654,1033.0992083190158,172.24405964083726,0.0,2
213,70,1387.4401637804497,31.356895180033945,1402.997922726676,53.47458852308483,0.405517578125,2
213,73,9.311924152070567,906.0107144952167,-48.13899595075008,761.8420504173463,0.0,2
213,75,17.56819792421876,538.6221238129126,73.24898966754792,669.1324771627388,0.0,2
213,76,1690.6681705725243,489.2647513939852,1771.3468470796145,579.2295260019163,0.30908203125,2
213,79,978.3288029539584,132.8879931969374,1037.6711970460415,173.13993384589173,0.0,2
213,82,10.840460135438615,553.900599865767,66.84538169191345,590.1456791350956,0.0,2
214,2,-174.0821712568352,978.4635558039556,-104.46486209235177,1118.9497352113854,0.0,2
214,3,568.5966458034302,611.5969131215285,644.2406826351265,744.516390652632,0.806640625,2
214,4,-42.81868546376888,981.1836194124124,45.887905095525404,1100.884867674205,0.0,2
214,7,1198.4848708522234,124.44009215596532,1222.913666371986,162.40334328587454,0.521484375,2
214,8,1573.5780368718447,64.99576607677344,1597.4219631281555,103.87639588326897,0.437744140625,2
214,10,1184.4829571485893,106.64975144435296,1237.7093436062717,157.05440801472147,0.0,2
214,11,1314.4381310407216,77.1651455974508,1331.2197714483027,105.9931011171274,0.69921875,2
214,13,1551.2544920313806,24.31518296923157,1583.7462837324597,55.87797139510542,0.422607421875,1
214,34,1495.756912931452,9.227978882376878,1507.4268646501494,27.717168711477026,0.0,2
214,36,1345.030946385917,60.660216728847566,1361.179103907516,85.12111498747927,0.55078125,2
214,57,5.849697666716686,656.805153386111,78.9270792502904,786.2609846308228,0.83544921875,2
214,65,1766.3689049632694,504.03795538777047,1881.989190788944,626.0982929577043,0.26123046875,2
214,67,1573.1535875619852,744.7546704532832,1645.7075535128688,853.5609344633754,0.0,2
214,69,980.8475574531392,130.63321104636432,1033.0950183889843,172.3382496129562,0.0,2
214,70,1387.0893199257796,31.390669311767844,1402.9821751455795,53.63025088421219,0.381103515625,2
214,75,18.127042672821943,538.720109975631,72.93245331468347,667.1786544045633,0.0,2
214,76,1690.6531899243798,489.349998976146,1771.3600416177803,579.3155581160811,0.267333984375,2
214,79,978.1688746384739,132.62894376843258,1037.8311253615261,173.09784331834254,0.0,2
214,82,10.672296109643199,554.5639813046638,66.87615737070766,590.9378104881343,0.0,2
215,2,-180.88419959067872,983.811819673571,-111.52912249720262,1123.775367063406,0.0,2
215,3,565.3910804905616,613.5681296026614,641.921515970182,747.7781182827466,0.806640625,2
215,4,-51.21041115026763,989.76115637459,34.780007909427184,1105.795190161009,0.0,2
215,7,1198.5307785063774,124.83586663315702,1222.9246038812998,162.27322768698934,0.521484375,2
215,8,1573.5529459271183,64.9281103546209,1597.4470540728817,103.87767297668503,0.43408203125,2
215,10,1184.655726773657,107.1744121167603,1238.1832741205476,157.86595937767405,0.0,2
215,11,1314.2208528619178,77.30196501391873,1331.2034878253546,106.29895032743853,0.70068359375,2
215,13,1551.2582866209475,24.400397327178005,1583.7423940622048,55.90207355030273,0.422607421875,1
215,34,1495.827659319841,9.187579545132776,1507.4267269888733,27.56424279000249,0.0,2
215,36,1344.8438198086794,60.65815350282153,1360.8658934767773,85.08621210548849,0.552734375,2
215,57,4.639220309626744,658.8668693764141,77.47585643684332,788.3614876200558,0.83642578125,2
215,65,1766.1831667069057,504.0690392258633,1881.9013711572018,625.7381719892024,0.263671875,2
215,67,1572.9480087443162,744.9910716489353,1645.1408040090057,853.2557728196011,0.0,2
215,69,980.9394788115843,130.8041001482021,1033.0908285026185,172.43243958507514,0.0,2
215,70,1386.917125481089,31.396246587519705,1403.0242959304885,53.6209235806083,0.381103515625,2
215,75,18.68588742734283,538.8180961383493,72.61591695590131,665.2248316463879,0.0,2
215,76,1690.6387128075683,489.38069846452663,1771.3729456553208,579.3490434381833,0.26904296875,2
215,79,978.0089463243845,132.36989433992778,1037.9910536756154,173.05575279079338,0.0,2
215,82,10.50413208809389,555.2273627435604,66.90693304525576,591.729941841173,0.0,2
216,2,-187.68624003806877,989.1600835431864,-118.59337078850695,1128.6009989154268,0.0,2
216,3,552.5564272502468,627.7802503926821,630.0781070431275,762.9311691172562,0.82763671875,2
216,4,-59.60209011044179,998.3386933367674,23.672063997004358,1110.705512647813,0.0,2
216,7,1196.2972630878762,126.34341243305698,1220.2596617663305,163.33345430418944,0.52734375,2
216,8,1573.5735496381399,65.02509858926314,1597.4264503618604,103.87790940222598,0.443603515625,2
216,10,1184.828506531456,107.69907278916763,1238.657194502092,158.6775107406266,0.0,2
216,11,1313.6032410442347,76.90590698930816,1330.7973311374838,105.84220777222606,0.67919921875,2
216,13,1551.3535105144013,24.648154654787678,1583.6470885042263,55.880581509890874,0.4130859375,1
216,34,1495.898406566381,9.147180207888674,1507.4265884694453,27.411316868527955,0.0,2
216,36,1343.972018794083,60.89728330433459,1359.6119422575116,84.81566729299769,0.501953125,2
216,57,-0.4675081341904317,669.8273959594152,71.40759730378059,798.316525532961,0.77978515625,2
216,65,1764.209686017114,500.5988969571817,1881.7897881425029,625.1007749940117,0.323486328125,2
216,67,1576.214217800629,732.0494643602967,1657.7233939083665,856.4867269999573,0.338134765625,2
216,69,981.0314001263637,130.9749892500399,1033.0866386599182,172.52662955719407,0.0,2
216,70,1386.8569978191867,31.825540765954702,1403.0447912635286,53.85880665214535,0.3720703125,2
216,76,1690.4829256369728,489.6386460963645,1771.5273477490725,579.6102486346535,0.307373046875,2
216,79,977.8490180116905,132.11084491142296,1038.1509819883095,173.01366226324419,0.0,2
216,82,10.335968070790685,555.8907441824572,66.93770871555776,592.5220731942118,0.0,2
217,2,-194.48829259900538,994.5083474128018,-125.65760696626474,1133.4266307674477,0.0,2
217,3,539.6907436024871,641.8352515525257,616.7301787194067,777.3021378847989,0.830078125,2
217,4,-67.99372234429136,1006.9162302989448,12.564073358256934,1115.615835134617,0.0,2
217,7,1193.181199793992,128.01643669187706,1216.6253845366095,164.5888654464426,0.56201171875,2
217,8,1573.6739810570873,65.308829667573,1597.3260189429127,103.75372827617647,0.43408203125,2
217,10,1185.0012964219866,108.22373346157497,1239.1311047509053,159.48906210357916,0.0,2
217,11,1312.8243318142845,77.11145792593952,1330.245778021738,105.77496838252934,0.64599609375,2
217,13,1551.3928261101885,24.863931132616308,1583.6076981241981,55.935217398104314,0.416748046875,1
217,34,1495.9691546710728,9.106780870644572,1507.4264490918658,27.25839094705342,0.0,2
217,36,1342.7485373576537,60.980884990531386,1358.0775281334224,84.45365275995402,0.458984375,2
217,57,-3.788560930376505,677.3040875845983,66.40983527657563,804.3870602794431,0.6669921875,2
217,65,1763.9009249532508,499.7914223594661,1881.3242511527058,624.8615544601483,0.281494140625,2
217,67,1575.6965109801934,730.9168654456072,1658.2581655580846,856.4426251676092,0.31494140625,2
217,69,981.1233213974774,131.14587835187768,1033.0824488608837,172.620819529313,0.0,2
217,70,1386.7842543510048,31.981435300927505,1403.1119528537567,53.94266872765735,0.3486328125,2
217,76,1690.3417748095885,489.73418134143515,1771.6672790352886,579.7089614175578,0.259033203125,2
217,79,977.689089700392,131.85179548291813,1038.310910299608,172.97157173569502,0.0,2
217,82,10.16780405773359,556.5541256213539,66.96848438161365,593.3142045472505,0.0,2
218,2,-201.2903572734885,999.8566112824171,-132.72183103047595,1138.2522626194684,0.0,2
218,3,535.1813812658071,646.9651817331646,611.6633911294648,782.5081864933996,0.8291015625,2
218,4,-76.38530785181632,1015.4937672611223,1.4560359931849405,1120.5261576214211,0.0,2
218,7,1192.1257415326336,128.6222754382476,1215.2481122841295,165.03989451328118,0.56396484375,2
218,8,1573.6985843514803,65.41442211212559,1597.3014156485199,103.70672341064069,0.43408203125,2
218,10,1185.1740964452483,108.7483941339823,1239.6050048669867,160.3006134665317,0.0,2
218,11,1312.4533160397277,77.17702204500303,1330.1621249867549,105.73563549213665,0.64404296875,2
218,13,1551.4102957673404,25.00413253110999,1583.5901643580314,55.95605956521209,0.414794921875,1
218,34,1496.039903633916,9.06638153340047,1507.426308856135,27.105465025578884,0.0,2
218,36,1342.319658841981,61.005330118037115,1357.522711841198,84.31214098510948,0.458984375,2
218,57,-4.667717251762465,679.9477536463863,64.4201197307897,806.4719862427075,0.6669921875,2
218,65,1763.9760088709745,499.4924596555756,1880.9666913453661,624.7710313178832,0.282958984375,2
218,67,1575.4604160626607,730.5080895786217,1658.5022649570794,856.4301872675255,0.30322265625,2
218,69,981.2152426249254,131.31676745371547,1033.078259105515,172.71500950143192,0.0,2
218,70,1386.7113903558213,32.03311090703463,1403.19042077848,53.9683323769422,0.346923828125,2
218,76,1690.2139739631966,489.76771318411187,1771.7940059220264,579.7454104187751,0.2568359375,2
218,79,977.5291613904886,131.59274605441334,1038.4708386095112,172.92948120814586,0.0,2
218,82,9.999640048922604,557.2175070602507,66.99926004342343,594.1063359002892,0.0,2
219,2,-208.0924340615182,1005.2048751520325,-139.78604298114067,1143.0778944714891,0.0,2
219,3,526.8707970713624,653.5639497346097,604.0409379159889,791.0624952755528,0.86865234375,2
219,4,-84.7768466330167,1024.0713042232999,-9.652048098211665,1125.4364801082252,0.0,2
219,7,1191.647876696834,130.19730403776526,1213.9230619311618,165.43739046628463,0.525390625,2
219,8,1573.79345579454,65.88689952286444,1597.2065442054602,103.75168834113526,0.4130859375,2
219,10,1189.7520011726353,93.08206741466122,1234.2871437839901,136.26395848177958,0.55078125,1
219,11,1312.4064010571599,78.24596868666174,1330.0828316746947,106.14435912829079,0.62060546875,2
219,13,1551.502209001436,25.302256240660515,1583.4981952043854,55.96401152316656,0.418701171875,1
219,34,1496.1106534549108,9.025982196156368,1507.4261677622524,26.952539104104346,0.0,2
219,36,1341.8282938603986,61.632387640431695,1356.6981368877334,84.38062306465729,0.439697265625,2
219,57,-6.171779445765701,682.7421663148075,61.63858131280491,809.0398050062358,0.64404296875,2
219,65,1763.1389647081432,498.89701965204864,1879.7358325651048,624.738589134992,0.282958984375,2
219,67,1575.837353337886,730.3682822407351,1658.1310186452974,855.4421640252986,0.42431640625,2
219,69,981.3071638087077,131.48765655555326,1033.0740693938117,172.80919947355085,0.0,2
219,70,1386.8396303834274,32.72876164522678,1403.071212269326,54.034567990239395,0.2705078125,2
219,76,1690.4821735046453,490.2735680760149,1771.5248604217045,579.2623191341756,0.287841796875,2
219,79,977.3692330819807,131.33369662590852,1038.6307669180192,172.88739068059667,0.0,2
219,82,9.831476044357725,557.8808884991474,67.0300357009871,594.898467253328,0.0,2
220,2,-214.8945229630944,1010.5531390216479,-146.85024281825883,1147.90352632351,0.0,2
220,3,518.8243928957464,661.9566578001184,598.6372647053298,802.3680036454124,0.83984375,2
220,4,-93.16833868789249,1032.6488411854773,-20.760178915932855,1130.3468025950292,0.0,2
220,7,1190.3423199581937,130.8870565880511,1212.6625411592938,166.44440310069018,0.34521484375,2
220,8,1573.907710464001,66.37346560806466,1597.0922895359993,103.70673365764068,0.401611328125,2
220,10,1190.6990812358463,93.58063440376696,1233.4574692984872,135.82097997930168,0.56201171875,1
220,11,1312.4520549303845,79.20093955927611,1330.0404724346379,106.34941748212324,0.61669921875,2
220,13,1551.5316666515344,25.472648049235104,1583.4686866867394,55.96704864769896,0.42431640625,1
220,34,1496.1814041340572,8.985582858912267,1507.4260258102186,26.799613182629813,0.0,2
220,36,1341.1592392916136,62.61492480570706,1355.9255294814989,84.90532507197659,0.392333984375,2
220,57,-6.825108176352892,688.0784538975718,58.07870491434006,811.3047573421741,0.6259765625,2
220,65,1763.3920582768978,495.22890101792416,1882.6628378677667,624.7282803683987,0.294921875,2
220,67,1575.601680889869,729.5862551735586,1658.3712687931973,855.0721230566198,0.43017578125,2
220,69,981.3990849488245,131.65854565739104,1033.0698797257742,172.9033894456698,0.0,2
220,70,1386.8034039890276,32.95215722311154,1402.961237647489,54.1609901939827,0.0,2
220,76,1690.7746857002785,490.46189581881356,1771.231460358924,579.078732301574,0.251708984375,2
220,79,977.2093047748681,131.0746471974037,1038.790695225132,172.84530015304748,0.0,2
220,82,9.663312044038953,558.5442699380441,67.06081135430466,595.6905986063666,0.0,2
221,2,-221.69662397821713,1015.9014028912633,-153.91443054183046,1152.7291581755308,0.0,2
221,3,515.7098416138798,664.9303956065786,597.0538054429269,806.4184498883726,0.84375,2
221,4,-101.55978401644369,1041.2263781476547,-31.868356459978642,1135.257125081833,0.0,2
221,7,1189.944049323426,131.11790815798184,1212.199172942125,166.79614530923487,0.346923828125,2
221,8,1573.9227772474414,66.55064595772025,1597.0772227525586,103.6902217620846,0.401611328125,2
221,10,1191.1513203891773,93.6975476865868,1233.060316303352,135.66744191118966,0.5546875,1
221,11,1312.3901357572072,79.54066648527069,1330.1468719172012,106.41371767927022,0.615234375,2
221,13,1551.4818436825492,25.4694232786822,1583.518466207547,55.968193169281875,0.42626953125,1
221,34,1496.252155671355,8.945183521668165,1507.4258830000329,26.64668726115528,0.0,2
221,36,1340.8852356604862,62.96938912800251,1355.7186331252528,85.09576435667654,0.392333984375,2
221,57,-6.6093722513534345,689.8931925596602,56.53318313816134,811.9408849088655,0.6259765625,2
221,65,1763.5019625711045,493.3705673339691,1883.763988992441,624.7258336392827,0.286865234375,2
221,67,1575.410085524122,729.0584068614345,1658.5663389315343,854.941698068515,0.453369140625,2
221,69,981.4910060452755,131.82943475922883,1033.0656901014024,172.99757941778873,0.0,2
221,70,1386.767178188182,33.1755528009963,1402.8512624320983,54.287412397725994,0.0,2
221,76,1690.946702791664,490.5280616430609,1771.058700794216,579.0112311799265,0.26123046875,2
221,79,977.0493764691508,130.8155977688989,1038.950623530849,172.8032096254983,0.0,2
221,82,9.495148047966286,559.2076513769408,67.09158700337613,596.4827299594053,0.0,2
222,3,494.54101348470886,681.7081366988853,576.7865358959828,824.2962230792299,0.79931640625,2
222,4,-109.95118261867029,1049.8039151098321,-42.97658073034901,1140.167447568637,0.0,2
222,7,1188.8008325104345,131.7727263489744,1210.9853496614364,167.3375146798857,0.0,2
222,8,1573.9690865011978,66.73555802064895,1597.0309134988022,103.55969970567736,0.39794921875,2
222,10,1190.4959342422312,93.62563875906008,1232.70347902962,136.271408756274,0.6806640625,1
222,11,1312.359667922776,81.09205021366533,1330.225362947879,107.61874416837753,0.42431640625,2
222,13,1551.4356398232262,25.401582225736888,1583.5646331295197,55.90641212126209,0.449462890625,1
222,34,1496.3229080668045,8.904784184424063,1507.4257393316961,26.49376133968074,0.0,2
222,36,1339.8975944092606,64.46848994971059,1354.5696677016188,85.78801059923202,0.4130859375,2
222,57,-9.023119292408136,699.1368266546385,48.348836155546195,814.0113716290866,0.462890625,2
222,65,1764.5159962050507,494.639013343893,1883.2228596263951,624.7267054692643,0.296630859375,2
222,67,1574.7817240673849,729.8663048012168,1657.2151453356246,854.9017570305095,0.373779296875,2
222,69,981.5829270980608,132.0003238610666,1033.0615005206964,173.09176938990763,0.0,2
222,70,1387.1075976416648,33.61812625608965,1402.814205407636,53.82173896379743,0.251708984375,2
222,76,1691.0248772713683,490.64329393915887,1770.9892321437667,578.9633680521242,0.0,2
222,82,9.326984056139729,559.8710328158376,67.12236264820149,597.2748613124442,0.0,2
223,3,478.4359435341274,691.3134213535318,563.7687676962671,839.1761576117054,0.81884765625,2
223,4,-118.3425344945723,1058.3814520720096,-54.08485172704398,1145.0777700554409,0.0,2
223,7,1187.6576162073568,132.427544539967,1209.7715258708345,167.87888405053653,0.0,2
223,8,1573.8899935182637,66.67344222169133,1597.1100064817365,103.6363881432382,0.405517578125,2
223,10,1190.3212934047872,94.67730595609285,1231.4882629272502,136.5782469574312,0.7041015625,1
223,11,1309.1495068396111,81.21157580340642,1327.46051554877,108.49510218870672,0.70068359375,2
223,13,1551.393376913744,25.309962628665048,1583.60686336373,55.82110840814882,0.447509765625,1
223,34,1496.3936613204053,8.864384847179961,1507.4255948052073,26.340835418206204,0.0,2
223,36,1339.385898078928,65.01375408936192,1354.3429576082335,86.29359396808965,0.447509765625,2
223,57,-12.055029609910349,710.035437259107,40.97430932118833,821.6974960155873,0.4130859375,2
223,65,1764.22900824789,496.15185509192384,1881.717334154121,625.2228299451365,0.34326171875,2
223,67,1573.7735629347649,730.189554907945,1655.486957382285,854.8962038168838,0.341552734375,2
223,69,981.6748481071805,132.17121296290438,1033.057310983656,173.18595936202655,0.0,2
223,70,1387.0035836857958,33.39143733168379,1402.942915555051,53.572778591769215,0.276611328125,2
223,76,1689.755208870028,490.5564374855781,1769.9046858272782,578.9815543300267,0.26904296875,2
223,82,9.15882006855928,560.5344142547343,67.15313828878072,598.0669926654829,0.0,2
224,3,472.0738892710269,694.7573316712226,558.5123869081267,844.588407756185,0.81884765625,2
224,4,-126.73383964414971,1066.9589890341872,-65.19316945006352,1149.988092542245,0.0,2
224,7,1186.5144004141928,133.08236273095955,1208.557701570319,168.42025342118734,0.0,2
224,8,1573.8729294722752,66.76927667986743,1597.1270705277248,103.66572181252599,0.4072265625,2
224,10,1190.3584619744738,95.21605417992807,1230.913771356476,136.7191526162972,0.69775390625,1
224,11,1307.9994991090412,81.24182348503308,1326.4406331832688,108.80698001934573,0.70068359375,2
224,13,1551.3550063569255,25.27230058281907,1583.6452051182557,55.78937693100244,0.449462890625,1
224,34,1496.4644154321577,8.82398550993586,1507.4254494205672,26.18790949673167,0.0,2
224,36,1339.1339689697518,65.13401448088939,1354.3685778547451,86.40685810366723,0.449462890625,2
224,57,-12.179186540024443,714.01803278086,37.56242302408654,823.8039439210357,0.416748046875,2
224,65,1764.2055074940915,496.74598575419304,1881.062629675071,625.411647609872,0.34423828125,2
224,67,1573.5172177290908,730.3214537705337,1654.7272408055007,854.9019565707364,0.34326171875,2
224,69,981.7667690726345,132.34210206474216,1033.053121490281,173.2801493341455,0.0,2
224,70,1386.8818349862347,33.317980085381365,1403.072483455493,53.554460503113326,0.277587890625,2
224,76,1689.449278118651,490.54846912833375,1769.6849077396325,578.9808624369421,0.269775390625,2
224,82,8.990656085224938,561.1977956936311,67.18391392511386,598.8591240185217,0.0,2
225,3,463.95140561573055,704.0616343458294,554.0070689985337,856.5433162387731,0.81298828125,2
225,4,-135.12509806740255,1075.5365259963646,-76.3015338994077,1154.8984150290491,0.0,2
225,7,1185.3711851309424,133.73718092195213,1207.3438767598898,168.9616227918382,0.0,2
225,8,1573.8781815168516,66.92446751655113,1597.1218184831484,103.67726664958151,0.405517578125,2
225,10,1190.3658378636926,94.97704604527001,1230.7078984780485,136.4706752153644,0.69775390625,1
225,11,1307.0367852458405,81.97514415426416,1325.6409596546544,110.14514293182394,0.716796875,2
225,13,1551.320282550928,25.255634413842124,1583.6799036126063,55.778061097744725,0.4609375,1
225,34,1496.5351704020618,8.783586172691757,1507.4253031777757,26.034983575257137,0.0,2
225,36,1338.9855788666703,64.97350298312541,1354.4797457683098,86.25181339575498,0.43408203125,2
225,57,-15.037785006420625,719.4101462245715,34.08989594439084,827.8446228677367,0.0,2
225,65,1763.6970278894635,495.9934940924645,1881.3216680796947,625.9769910455068,0.33544921875,2
225,67,1574.3363411376488,729.8825905396084,1653.5467992897775,851.4351985117455,0.392333984375,2
225,69,981.8586899944228,132.51299116657995,1033.048932040572,173.37433930626443,0.0,2
225,70,1386.8046486569385,33.284782577938586,1403.155313953967,53.484365348456244,0.259765625,2
225,76,1689.320927254654,490.54407054856966,1769.6315683529572,578.9813073778904,0.26513671875,2
225,82,8.822492106136703,561.8611771325277,67.21468955720088,599.6512553715603,0.0,2
226,3,445.6580281972393,713.9566059490126,536.8544831089682,869.5909941077355,0.81982421875,2
226,4,-143.51630976433077,1084.114062958542,-87.40994507507642,1159.808737515853,0.0,2
226,7,1184.2279703576057,134.3919991129447,1206.1300514395468,169.50299216248902,0.0,2
226,8,1573.7899593586726,66.72852970833748,1597.2100406413274,103.68192847202101,0.405517578125,2
226,10,1190.6877716716758,95.51761801141275,1230.3146753012961,136.76718857335243,0.57177734375,1
226,11,1306.6571017761569,82.85164526694217,1325.4020579691658,111.61938994456119,0.7431640625,2
226,13,1551.232602163831,25.123168117618466,1583.7675617703171,55.774470503529415,0.4609375,1
226,34,1496.6059262301171,8.743186835447656,1507.4251560768325,25.8820576537826,0.0,2
226,36,1338.2326699202642,64.77305304519227,1354.2614641901498,86.31056002615841,0.43017578125,2
226,57,-17.896403700789065,724.8022596682828,30.617389092667402,831.8853018144375,0.0,2
226,65,1763.948043578912,494.2418868557759,1882.9546741599422,625.6954766778745,0.33203125,2
226,67,1574.1611179952465,729.6742684184406,1653.1575153522085,850.8985705827565,0.0,2
226,69,981.9506108725454,132.68388026841774,1033.0447426345286,173.46852927838336,0.0,2
226,70,1386.823001336465,33.422595766905985,1403.0722246833984,53.496653659028325,0.0,2
226,76,1688.8745235327347,489.5470237027411,1770.019762456923,578.9827398405646,0.319091796875,2
226,82,8.654328131294577,562.5245585714244,67.24546518504181,600.443386724599,0.0,2
227,3,439.08306514961913,717.514608802189,530.2994600371592,874.305017932273,0.82080078125,2
227,4,-151.9074747349344,1092.6915999207195,-98.51840297706974,1164.719060002657,0.0,2
227,7,1183.0847560941827,135.04681730393725,1204.9162256092902,170.04436153313983,0.0,2
227,8,1573.7422437361763,66.65085255766479,1597.2577562638237,103.68388770235946,0.403564453125,2
227,10,1190.9181888922278,95.7210558646218,1230.06046403034,136.8899010985034,0.56591796875,1
227,11,1306.6063262380062,83.16931179173656,1325.2672458321301,112.16357800833605,0.74462890625,2
227,13,1551.1319000503427,24.94788131945152,1583.8682448190505,55.77372866380397,0.46484375,1
227,34,1496.6766829163241,8.702787498203554,1507.425008117738,25.729131732308062,0.0,2
227,36,1337.8737525102647,64.68702553158037,1354.2927627921677,86.32633655257493,0.43017578125,2
227,57,-20.755042623129768,730.1943731119942,27.14490246891622,835.9259807611385,0.0,2
227,65,1763.849799852716,493.3428876452367,1883.775601254586,625.8312812774375,0.329345703125,2
227,67,1573.9858945321287,729.4659462972728,1652.7682317353551,850.3619426537673,0.0,2
227,69,982.0425317070025,132.85476937025553,1033.0405532721509,173.5627192505023,0.0,2
227,70,1386.8413550469074,33.560408955873385,1402.9891343819138,53.50894196960041,0.0,2
227,76,1689.864527001703,489.1711788096033,1770.9920482583254,578.9843430095647,0.32080078125,2
227,82,8.486164160698557,563.1879400103212,67.27624080863663,601.2355180776378,0.0,2
228,3,413.9230120450479,732.0044367636542,508.61534743630676,895.7549802438009,0.673828125,2
228,4,-160.29859297921345,1101.2691368828969,-109.62690760538769,1169.629382489461,0.0,2
228,7,1180.2835931138218,136.45836225082806,1201.9064523175346,171.68927893300773,0.352294921875,2
228,8,1573.677472165282,66.49398185896698,1597.322527834718,103.68481843887503,0.405517578125,2
228,10,1192.2936395574152,99.29926062908577,1228.6787454057376,137.44454171591997,0.363037109375,1
228,11,1305.696111090309,83.08673577731709,1324.1940462476832,112.40981905033922,0.732421875,2
228,13,1551.0888674231683,24.757199845526728,1583.9112607499408,55.650314064130654,0.46875,1
228,34,1498.5957361788523,8.091655108221259,1510.3563795867376,26.614597385024403,0.2783203125,2
228,36,1337.7121985360463,65.5128039230882,1354.3689635891624,87.07077019708683,0.39794921875,2
228,57,-23.613701773442727,735.5864865557055,23.672436073137305,839.9666597078393,0.0,2
228,65,1764.7478159385835,491.2963056531727,1887.088512035652,626.1270744301894,0.412109375,2
228,67,1569.813410662205,727.7627920024863,1647.710095026476,846.5719437239949,0.66015625,2
228,69,982.1344524977937,133.0256584720933,1033.0363639534387,173.65690922262124,0.0,2
228,70,1386.859709788266,33.69822214484079,1402.9060430495133,53.521230280172496,0.0,2
228,76,1689.2028372241532,489.030394021863,1770.4300450200435,578.9860460499649,0.33984375,2
229,3,403.9438969498577,746.4967309857584,503.5808800545765,913.8159252798171,0.80322265625,2
229,4,-168.6896644971679,1109.8466738450743,-120.7354589600302,1174.5397049762648,0.0,2
229,7,1179.9843904712027,136.96800837519308,1201.2579403767927,171.66745398486879,0.388671875,2
229,8,1573.7453396004055,66.74190541216244,1597.2546603995945,103.62339738182817,0.39599609375,2
229,10,1193.1994796473323,101.75248487166266,1227.774685986939,137.7322757533434,0.31494140625,2
229,11,1304.2781435552283,84.81692031159919,1321.9564354817958,113.77049735034535,0.75048828125,2
229,13,1551.0683652959237,24.684969761710807,1583.9317478036287,55.60420789276891,0.482421875,1
229,34,1499.160725232795,8.079785887496268,1510.9466319000564,26.559503451236342,0.287841796875,2
229,36,1337.507802980946,66.68518400271444,1354.5776534096658,88.46498814199464,0.36669921875,2
229,57,-26.472381151727944,740.9785999994169,20.19998990533064,844.0073386545403,0.0,2
229,65,1765.5847854271572,492.0070196900543,1887.8458731712637,626.237265809413,0.391357421875,2
229,67,1568.597453087796,726.6919517261747,1647.4206735457988,845.9063164442489,0.6318359375,2
229,69,982.2263732449194,133.19654757393107,1033.0321746783923,173.75109919474014,0.0,2
229,70,1386.8780655605403,33.8360353338082,1402.8229506861962,53.533518590744585,0.0,2
229,76,1688.9610689674935,488.9802426442011,1770.208955650052,578.9876456154968,0.325927734375,2
230,3,399.6745527716579,751.8829090283198,502.72139862080496,920.5160002753588,0.8017578125,2
230,4,-177.0806892887978,1118.424210807252,-131.84405704099734,1179.450027463069,0.0,2
230,7,1179.8908141558486,137.13690494988288,1201.0375501146757,171.66016758828926,0.390380859375,2
230,8,1573.754425313663,66.89577471270324,1597.245574686337,103.66251993214196,0.392333984375,2
230,10,1193.4472959564216,102.6640884790291,1227.5299007115327,137.9028307574482,0.30908203125,2
230,11,1303.947486019154,85.58566014002142,1320.9417409691605,114.26772386574604,0.75048828125,2
230,13,1551.085083405479,24.65833914325612,1583.9150163423305,55.5258841605881,0.484375,1
230,34,1499.3291070690757,7.968038978180461,1511.179586299811,26.5103120197329,0.296630859375,2
230,36,1337.378596833079,67.112256723577,1354.7351008572703,88.97768289034288,0.36669921875,2
230,57,-29.33108075798542,746.3707134431282,16.727563965496238,848.0480176012411,0.0,2
230,65,1765.7906936113127,492.30994649418597,1888.2313365668892,626.2759995020525,0.39501953125,2
230,67,1568.0210514857415,726.3332249160096,1647.4942927085215,845.6843631656617,0.6298828125,2
230,69,982.3182939483793,133.36743667576886,1033.0279854470116,173.84528916685906,0.0,2
230,70,1386.896422363731,33.9738485227756,1402.7398572919635,53.545806901316666,0.0,2
230,76,1688.880191412214,488.964614141482,1770.1200729731843,578.9890845297772,0.32763671875,2
231,3,383.3644495004575,762.3978848938276,488.61919590738455,933.3936872092311,0.767578125,2
231,4,-185.4716673541031,1127.0017477694294,-142.95270184828905,1184.360349949873,0.0,2
231,7,1178.8137787328408,137.77562835067545,1199.878229888363,172.1644384683982,0.0,2
231,8,1573.7083612148083,66.8263862262385,1597.2916387851917,103.67751609513883,0.39990234375,2
231,10,1192.6508109580236,103.34344468011433,1226.2794779229052,137.83584219627517,0.470703125,2
231,11,1302.7898645836353,85.2954565752247,1319.6678384705492,114.12028097504985,0.75048828125,2
231,13,1552.219984059817,24.649154635713217,1584.7628458813053,55.49741221306223,0.48046875,1
231,34,1499.3685008333075,7.882089378117508,1511.2758692428426,26.495053129184726,0.29345703125,2
231,36,1336.5096002991422,67.56778618540102,1354.65187896485,90.08658024590024,0.287841796875,2
231,57,-32.18980059221515,751.7628268868397,13.255158253634093,852.088696547942,0.0,2
231,65,1767.1298979026412,493.18537061776203,1889.0678637130682,626.040472552484,0.39697265625,2
231,67,1565.63288338931,726.9614896397474,1645.7664611213663,846.6260853636529,0.59814453125,2
231,69,982.4102146081736,133.53832577760664,1033.0237962592964,173.93947913897802,0.0,2
231,70,1386.9147801978377,34.111661711743,1402.6567628668147,53.55809521188875,0.0,2
231,76,1688.8600374051935,488.96185800839834,1770.082495616823,578.9903624607362,0.282958984375,2
232,3,366.12035825985726,772.9700852606222,475.20291947241594,948.6858324891848,0.73095703125,2
232,4,-193.86259869308378,1135.5792847316068,-154.06139338190536,1189.270672436677,0.0,2
232,7,1175.1690399474396,136.1775621056894,1197.3997513564505,173.56581737134903,0.28466796875,2
232,8,1573.7139103105808,66.79753729793346,1597.2860896894192,103.55927311606308,0.39794921875,2
232,10,1191.0004443397827,100.67752906950732,1227.1950299617356,138.00436514740994,0.275146484375,1
232,11,1302.107342934251,86.34077398704241,1318.5031139454907,114.84702428552403,0.76220703125,2
232,13,1552.689030242035,24.58459495099109,1585.0396924210215,55.48794396606284,0.486328125,1
232,34,1499.3885204497287,7.976260610965898,1511.2911794755198,26.554494674140546,0.28857421875,2
232,36,1336.2026207151498,68.1557827494197,1354.6199722850913,90.67520352542535,0.2666015625,2
232,57,-35.048540654417145,757.154940330551,9.782772769744206,856.1293754946429,0.0,2
232,65,1767.112786559509,492.79162316240996,1889.8842901307692,626.1957273666467,0.32421875,2
232,67,1565.2022363559365,727.7095743082724,1644.7050596340305,845.5177095113779,0.7373046875,2
232,69,982.5021352243022,133.70921487944443,1033.019607115247,174.03366911109694,0.0,2
232,70,1386.9331390628604,34.2494749007104,1402.5736674107497,53.57038352246084,0.0,2
232,76,1688.8621021475365,488.96367890261376,1770.0649676024325,578.9914934599758,0.2861328125,2
233,3,359.20823325110865,776.7800621219968,470.05613718463644,954.2412669960634,0.7294921875,2
233,4,-202.25348330573988,1144.1568216937842,-165.17013164184624,1194.180994923481,0.0,2
233,7,1174.4543826171384,135.9093377683273,1196.4976246177257,173.9348903532407,0.285400390625,2
233,8,1573.7030310248756,66.78419033719226,1597.2969689751246,103.51484313136284,0.39599609375,2
233,10,1190.4779443557493,99.67640957636195,1227.4609345542176,138.00240028628596,0.276611328125,1
233,11,1301.990653112513,86.71677538211722,1317.9873720618532,114.97545551027181,0.76220703125,2
233,13,1552.9276090021608,24.561096954977558,1585.0737343993549,55.48558343308437,0.48828125,1
233,34,1499.3686444237571,7.952737579507906,1511.309038053486,26.58006649882983,0.287841796875,2
233,36,1335.985485316835,68.42636823637434,1354.7357402385219,91.0677590989898,0.265869140625,2
233,57,-37.9073009445914,762.5470537742624,6.310407513826576,860.1700544413438,0.0,2
233,65,1767.010812399247,492.6544834215663,1890.2593024571513,626.2522885590781,0.325927734375,2
233,67,1564.924408269281,728.0059593192373,1644.4935006244448,845.1249096600541,0.73388671875,2
233,69,982.5940557967651,133.88010398128222,1033.0154180148634,174.12785908321587,0.0,2
233,70,1386.9514989587992,34.38728808967781,1402.490570923769,53.582671833032926,0.0,2
233,76,1688.8716785968516,488.9669264909996,1770.055417366848,578.9924933829772,0.286865234375,2
234,3,325.6861754889717,795.9133003004,438.89672461331895,978.8178499820802,0.77197265625,2
234,4,-210.6443211920714,1152.7343586559616,-176.27891662811174,1199.0913174102848,0.0,2
234,7,1174.4598081099261,138.6080541156567,1194.9824494596985,174.42317182619445,0.56982421875,2
234,8,1573.687094533585,66.90130493488346,1597.3129054664153,103.62286314854475,0.401611328125,2
234,10,1189.381103736379,98.65802335077855,1227.4902306991314,138.1246078252977,0.48046875,1
234,11,1300.2696965366958,86.52553604470063,1316.5495649953311,115.56146648661097,0.7607421875,2
234,13,1553.0722036239918,24.55321991633322,1585.021614548791,55.48583057754358,0.478515625,1
234,34,1499.7451895412748,7.713541539534873,1511.9105302124858,26.406057094171793,0.250244140625,2
234,36,1331.8414478996576,66.66496444676844,1350.9768460448613,90.33717548993691,0.373779296875,2
234,57,-40.766081462737915,767.9391672179737,2.8380624858812027,864.2107333880447,0.0,2
234,65,1766.4953846465162,491.13183147546823,1890.8482514611612,625.7771371497946,0.34423828125,2
234,67,1559.9943224394963,725.627693787667,1641.3175403028,844.5035485641954,0.6826171875,2
234,70,1386.969859885654,34.52510127864521,1402.4074734058718,53.59496014360501,0.0,2
234,76,1688.883216300155,488.97042629667186,1770.0491721677204,578.9933769792358,0.30322265625,2
235,3,304.7654660371549,813.1663962638079,422.26592225192155,1000.9884140108719,0.7744140625,2
235,4,-219.0351123520783,1161.311895618139,-187.38774834070182,1204.0016398970888,0.0,2
235,7,1174.008080378848,139.76933296912048,1193.995739685174,174.70408916700958,0.521484375,2
235,8,1573.5678434291387,66.57133341849773,1597.4321565708615,103.66411902115755,0.4072265625,2
235,10,1188.7594283374397,97.6535912238119,1227.7174689033109,138.04861133103475,0.541015625,1
235,11,1299.7240769543223,88.22066878228024,1315.963239691136,117.42234892157822,0.6826171875,2
235,13,1553.1757141281666,24.613146084501054,1584.9426755201755,55.54887002328934,0.46875,1
235,34,1499.6980093568225,7.455122426301447,1512.3147251340215,26.37341335321386,0.250244140625,2
235,36,1330.427110188074,66.42075291060637,1349.4430718499286,90.47821437821825,0.4072265625,2
235,57,-43.62488220885668,773.3312806616851,-0.6342623140919059,868.2514123347456,0.0,2
235,65,1767.308283822949,489.0884214902827,1893.9821933439855,626.0888180164185,0.34423828125,2
235,67,1555.3359046833311,722.2758839208698,1639.0579907362053,843.7971040146679,0.64599609375,2
235,70,1386.9882218434248,34.66291446761261,1402.3243748570585,53.60724845417709,0.0,2
235,76,1688.8946784597997,488.9737600884623,1770.044412075447,578.9941574696118,0.30908203125,2
236,3,296.85201499838973,819.5744652772344,416.59565721644327,1009.219460819722,0.77734375,2
236,4,-227.42585678576063,1169.8894325803167,-198.49662677961652,1208.911962383893,0.0,2
236,7,1173.8908963490362,140.17343430105393,1193.6691100457545,174.78781264888698,0.52734375,2
236,8,1573.5226187307835,66.50764749393358,1597.4773812692165,103.74149630630828,0.4072265625,2
236,10,1188.5419120042673,97.26891849091547,1227.799270532165,138.01893330158896,0.521484375,1
236,11,1298.9923288639502,88.72971842293619,1315.345607363915,118.11521968277202,0.68408203125,2
236,13,1553.2589824267693,24.636615146734677,1584.8591486764972,55.573524702966225,0.466796875,1
236,34,1499.8772002373244,7.362186675946289,1512.51455842157,26.31102216837293,0.0,2
236,36,1329.9766043575676,66.1960619434507,1348.7978417549023,90.51985563903554,0.4130859375,2
236,57,-46.48370318294771,778.7233941053964,-4.106566886092757,872.2920912814465,0.0,2
236,65,1767.1211238869041,489.3112189006637,1893.6774256005313,626.2066385235562,0.36572265625,2
236,67,1553.4596591523389,721.0252431913153,1638.4008515378719,843.5509083049767,0.673828125,2
236,70,1387.0065848321117,34.800727656580015,1402.2412752773294,53.61953676474918,0.0,2
236,76,1688.9053700988065,488.97679703511005,1770.0404181154395,578.9948466356483,0.28466796875,2
237,3,272.40931956945104,833.3416054444403,390.5807268244679,1023.58400866078,0.73388671875,2
237,4,-235.81655449311836,1178.466969542494,-209.60555194485576,1213.8222848706969,0.0,2
237,7,1173.0485989734236,138.42669610584707,1193.42863009677,174.67529814477783,0.56005859375,2
237,8,1573.7431121622794,67.28669195803457,1597.2568878377208,103.7089679736449,0.482421875,2
237,10,1188.0767834904038,95.77617669964121,1228.2290366223115,137.63932007491798,0.61865234375,1
237,11,1297.8156313722739,88.71651595995019,1314.099727843041,117.9223036279344,0.69921875,2
237,13,1553.4389546724406,24.769877315164592,1584.670509808948,55.459487995281776,0.513671875,1
237,34,1499.6604275679024,7.503145491988368,1512.5115345179736,26.322528893474832,0.32763671875,2
237,36,1329.8993522531662,66.28767082185871,1348.5086481949227,90.82991955260691,0.490234375,2
237,57,-49.342544385010996,784.1155075491079,-7.5788512301213515,876.3327702281474,0.0,2
237,65,1766.7874848865335,490.4085567452843,1891.8067378337528,625.7570606663694,0.33203125,2
237,67,1549.009404591855,720.0828677921794,1634.1075215510662,842.0029577245144,0.751953125,2
237,70,1387.0249488517147,34.93854084554742,1402.1581746666843,53.63182507532127,0.0,2
237,76,1688.848725909617,488.93963929505327,1770.0098484617852,578.9866085862807,0.0,2
238,3,248.2709499754001,849.0338271527893,366.3439221855401,1043.3008497620083,0.80810546875,2
238,4,-244.20720547415152,1187.0445065046715,-220.71452383641966,1218.732607357501,0.0,2
238,7,1171.8127416663351,138.50839791133032,1192.3513815017138,175.602681035006,0.60009765625,2
238,8,1573.8064776150425,67.5829710341683,1597.1935223849575,103.6961703201262,0.466796875,2
238,10,1187.8169888334105,96.31048075103129,1227.512637703559,137.73892750450034,0.6689453125,1
238,11,1296.9442349100275,88.50208182397452,1313.1250241391763,117.14048849932868,0.73388671875,2
238,13,1553.5330289658411,24.820609479485718,1584.5649165990862,55.416858427006055,0.51953125,1
238,34,1500.1171523331752,7.320228013520296,1513.0559383238428,26.160594633186488,0.316650390625,2
238,36,1329.878678097312,66.13565927599123,1348.4412577184296,91.12210966968453,0.498046875,2
238,57,-52.20140581504654,789.5076209928192,-11.051115346177689,880.3734491748482,0.0,2
238,65,1764.7871925444956,490.3511973609907,1888.9655293162705,625.5843322557123,0.338134765625,2
238,67,1545.8312480567026,719.2609665240096,1630.1075697332922,838.9614596866344,0.69580078125,2
238,70,1387.0433139022339,35.07635403451482,1402.0750730251232,53.64411338589335,0.0,2
238,76,1688.7920817176505,488.9024815549965,1769.9792788109075,578.978370536913,0.0,2
239,3,239.95042619911789,854.7346374065853,356.47044850011133,1050.4622474947046,0.8115234375,2
239,4,-252.59780972886006,1195.622043466849,-231.8235424543081,1223.642929844305,0.0,2
239,7,1171.4561841583095,138.52695313783659,1191.8919715771165,175.94505399544866,0.60009765625,2
239,8,1573.8097755625806,67.68966764417897,1597.1902244374191,103.69126660869351,0.46484375,2
239,10,1187.790117571596,96.65446885573617,1227.1767769628639,137.77936121366326,0.67041015625,1
239,11,1296.5977025166053,88.3985910532033,1312.8469125838317,116.81948415118461,0.73388671875,2
239,13,1553.592069503602,24.901505440341207,1584.4949192959264,55.46379793142738,0.51953125,1
239,34,1500.2574415384709,7.256761073388006,1513.2638588672921,26.104321220450878,0.316650390625,2
239,36,1329.9974054220947,66.07440773979916,1348.3322210807023,91.22448955808098,0.49609375,2
239,57,-55.060287473054345,794.8997344365306,-14.523359234261768,884.4141281215492,0.0,2
239,65,1764.2280817859569,490.5893698931091,1887.6916027712357,625.7674182446019,0.33642578125,2
239,67,1544.520994431496,718.984490074353,1628.8495692923084,837.8407367708211,0.689453125,2
239,70,1387.061679983669,35.21416722348222,1401.9919703526457,53.65640169646543,0.0,2
239,76,1688.735437522907,488.8653238149397,1769.9487091628068,578.9701324875454,0.0,2
240,3,221.53202320473784,877.0075079901719,341.14753890829036,1073.1956348506064,0.8154296875,2
240,4,-260.988367257244,1204.1995804290264,-242.93260779852113,1228.5532523311088,0.0,2
240,7,1171.4902199619685,140.11789250688994,1191.625230344564,177.40841626080888,0.5849609375,2
240,8,1573.861405620183,68.0987924020488,1597.1385943798168,103.81381803299398,0.470703125,2
240,10,1187.5499510743973,96.79192710120549,1227.2955773431763,138.04260423704693,0.6943359375,1
240,11,1295.36250308752,89.96241812789945,1311.9199959518785,118.67589405646656,0.57958984375,2
240,13,1553.581809058974,24.80734507385775,1584.495154326768,55.48229545651972,0.533203125,1
240,34,1500.6666141484873,6.9262197016049445,1513.9621688860752,25.899801204153036,0.301513671875,2
240,36,1329.5176240140358,67.27123103470664,1347.884030644847,92.96575585235989,0.63330078125,2
240,57,-57.91918935903441,800.2918478802419,-17.99558289437359,888.45480706825,0.0,2
240,65,1766.4956979351507,489.45319462595677,1890.6756454686254,625.5898545431755,0.444580078125,2
240,67,1539.3574392787925,716.4212276516306,1625.22904951104,835.9640707390095,0.6689453125,2
240,70,1387.08004709602,35.35198041244963,1401.9088666492523,53.66869000703752,0.0,2
240,76,1688.6787933253868,488.8281660748829,1769.9181395174833,578.9618944381776,0.0,2
241,3,202.6018137771777,895.9687621963374,320.2408195869494,1082.4537510566427,0.87890625,2
241,7,1170.242485058525,139.79033399259117,1190.8875812169633,178.31971658343707,0.57958984375,2
241,8,1573.8576158621163,68.18536780727769,1597.1423841378835,103.79732785295926,0.46875,2
241,10,1187.1022027117826,96.29368336755016,1227.7117621198593,138.32707224572252,0.7373046875,1
241,11,1293.910949454457,90.28524426737175,1310.6392421470769,119.35575143968948,0.548828125,2
241,13,1553.5755855604043,24.74040084832506,1584.4925769885112,55.52078217959203,0.53515625,1
241,34,1500.7409046878295,6.57309888237536,1514.2909299456396,25.670776496598386,0.294189453125,2
241,36,1329.377231395668,67.359972449469,1347.7045603138174,93.49915731778793,0.642578125,2
241,57,-60.77811147298674,805.6839613239533,-21.467786326513156,892.495486014951,0.0,2
241,65,1765.181503533833,488.04700919102254,1890.0252058318913,625.5231278126818,0.494140625,2
241,67,1535.239358919411,714.4998021348591,1622.2321811094528,833.3146748296375,0.60595703125,2
241,70,1387.0984152392873,35.489793601417034,1401.8257619149429,53.68097831760961,0.0,2
241,76,1688.6221491250894,488.7910083348261,1769.8875698749366,578.95365638881,0.0,2
242,3,195.13912808543313,902.7060976719888,313.7991447558186,1085.2772258983716,0.87890625,2
242,7,1169.8399624486515,139.6577480021511,1190.5882201657264,178.64746608622409,0.57958984375,2
242,8,1573.8348291618427,68.21230476642522,1597.1651708381573,103.79061015012552,0.466796875,2
242,10,1186.9116245437729,96.10934148843162,1227.9022589702265,138.4339272431202,0.7373046875,1
242,11,1293.4015483573555,90.389150663505,1310.1753533544559,119.59416928407974,0.548828125,2
242,13,1553.597833541621,24.714967002000108,1584.4624288734606,55.535740112783444,0.537109375,1
242,34,1500.7232877914262,6.489666843150394,1514.4441049740005,25.617913273002983,0.2958984375,2
242,36,1329.4399936655873,67.38801963213248,1347.5566748967847,93.69027913043136,0.64404296875,2
242,57,-63.63705381491131,811.0760747676646,-24.93996953068045,896.5361649616518,0.0,2
242,65,1764.8319985465096,487.5273619767212,1889.6185805339335,625.4986618879949,0.4951171875,2
242,67,1533.3428343465537,713.8123274050274,1621.613314499167,832.3567090535961,0.60595703125,2
242,70,1387.1167844134704,35.627606790384434,1401.7426561497173,53.69326662818169,0.0,2
242,76,1688.5655049220152,488.7538505947693,1769.8570002351667,578.9454183394423,0.0,2
243,3,176.9805430035799,916.7582744327168,290.828848321994,1085.8665837560354,0.85595703125,2
243,7,1168.3554200957133,140.69352075567534,1188.9362161388833,179.23973940697275,0.57568359375,2
243,8,1573.6671510387835,67.53305127149504,1597.3328489612168,103.60106305963613,0.470703125,2
243,10,1186.8228425429131,95.98321379966734,1228.0045590984703,138.41189543880756,0.7548828125,1
243,11,1292.8900093417244,91.15034523551043,1309.3982705326396,120.15776211659728,0.505859375,2
243,13,1553.5489050689155,24.488774432033825,1584.5042553094643,55.5106814893054,0.53125,1
243,34,1500.6148956674128,6.246897437669247,1514.586394877189,25.57066904986878,0.294921875,2
243,36,1329.1194104731574,67.75911859141623,1346.9054341249,93.99222325319634,0.615234375,2
243,57,-66.49601638480816,816.4681882113761,-28.4121325068755,900.5768439083528,0.0,2
243,65,1768.4633761351477,481.4270255213743,1899.5100187764938,625.4903886144679,0.56787109375,2
243,67,1530.2324278130911,710.3639496946686,1620.472643051436,830.0561783014449,0.67578125,2
243,70,1387.13515461857,35.76541997935183,1401.6595493535758,53.70555493875377,0.0,2
243,76,1685.8224517751842,484.0264382355889,1770.3075268301786,578.9965035547234,0.2568359375,2
244,3,156.75844550617828,934.6823849641531,263.7120394311929,1084.3115336130556,0.82763671875,2
244,7,1167.9029626931183,141.14231209851124,1188.2512127006707,179.07279025169652,0.53515625,2
244,8,1573.5648095319282,67.27558128918507,1597.4351904680718,103.65362809007446,0.474609375,2
244,10,1186.7399502588707,97.41810856626516,1227.1198071343015,138.77093262618533,0.689453125,1
244,11,1291.9344941228953,93.1568372560671,1307.950265160781,120.84697305595913,0.53515625,2
244,13,1553.5583088958554,24.527366632513107,1584.488785400561,55.624946043578205,0.521484375,1
244,34,1500.5762800251305,6.282861387240343,1514.6234639060265,25.55596829042991,0.29833984375,2
244,36,1329.0551397936138,67.89563150838941,1346.632539757925,94.21522185529844,0.61669921875,2
244,57,-69.35499918267725,821.8603016550874,-31.88427525509828,904.6175228550536,0.0,2
244,65,1768.5046645496582,478.6662309949818,1902.5923971558905,625.0022133198122,0.60302734375,2
244,67,1524.6476171573474,707.3774878286034,1616.6998348748461,828.2471380635108,0.60205078125,2
244,70,1387.1535258545853,35.90323316831924,1401.5764415265182,53.71784324932586,0.0,2
244,76,1686.0363661288857,483.7037344403484,1769.919397665861,578.9977780125159,0.341552734375,2
245,3,148.87191340194408,940.3877451482947,256.1991213775877,1082.9978157556445,0.82666015625,2
245,7,1167.8023426043646,141.42172350725008,1187.9937512091624,178.86239587967717,0.53515625,2
245,8,1573.5251543267548,67.17683747979295,1597.4748456732452,103.67401385502211,0.474609375,2
245,10,1186.658538021657,97.97464312086616,1226.8440338188827,138.90644280256637,0.689453125,1
245,11,1291.552587542574,93.89439918454461,1307.5060705967073,121.08179260656921,0.53125,2
245,13,1553.5608488181506,24.481267186079286,1584.4807367838798,55.66844268396175,0.521484375,1
245,34,1500.5261935435535,6.3022420569547855,1514.657563029202,25.553885747457716,0.29736328125,2
245,36,1329.119841674661,67.94139720668906,1346.4720427738105,94.28625384181086,0.61669921875,2
245,57,-72.21400220851861,827.2524150987988,-35.35639777534881,908.6582018017546,0.0,2
245,65,1768.2544167799351,477.8772639440449,1904.001378880581,625.0568131203102,0.60009765625,2
245,67,1522.3693397422328,706.2954539572011,1615.598296939115,827.6114759187772,0.60205078125,2
245,70,1387.1718981215167,36.041046357286646,1401.4933326685446,53.73013155989795,0.0,2
245,76,1686.3222651236104,483.5935119104287,1769.5740993369682,578.9982264733366,0.341552734375,2
246,3,135.60728557376493,952.0270378541096,240.14726930917033,1090.9265115525948,0.0,2
246,7,1164.7120641829683,142.1339344547715,1186.043587596849,181.87207108660132,0.513671875,2
246,8,1573.6483865350192,67.5720936158454,1597.3516134649808,103.62013675533561,0.458984375,2
246,10,1185.8334637942085,98.05666687911784,1226.5535157514116,139.07860533124224,0.72802734375,1
246,11,1290.2733084627316,94.51761735291232,1306.5328027398775,121.65189279520034,0.52734375,2
246,13,1553.6660463763485,24.68095737140264,1584.3707000325535,55.715523527785564,0.513671875,1
246,34,1500.533473156823,6.4686898189794775,1514.6316364925806,25.52511745677758,0.29833984375,2
246,36,1329.5778560029567,68.38290493232651,1346.0097260007315,93.74597245754063,0.6279296875,2
246,57,-75.07302546233223,832.6445285425101,-38.82850006762708,912.6988807484554,0.0,2
246,65,1770.4508549758161,479.82592013218186,1906.1073651920562,625.8154782897313,0.57861328125,2
246,67,1516.4571253479744,702.729555987459,1611.5208321546152,825.446748828241,0.80078125,2
246,70,1387.190271419364,36.178859546254046,1401.4102227796548,53.74241987047003,0.0,2
246,76,1686.4300166654305,483.07308017580084,1769.4525645042625,578.9984934294187,0.310791015625,2
247,3,122.3428004414564,963.6663305599246,224.0952745448824,1098.8552073495453,0.0,2
247,7,1162.6482554968193,143.35881757009903,1184.3410964899076,183.93943707029467,0.466796875,2
247,8,1573.5777556224737,67.34926573711923,1597.422244377526,103.59982028167285,0.45703125,2
247,10,1185.569926028655,98.45666442077801,1226.413029688435,139.1400669401628,0.74169921875,1
247,11,1289.0728110802074,94.09924467271419,1305.9613215693084,121.59443959982022,0.375732421875,2
247,13,1553.6431241122793,24.602579941261098,1584.3891600939255,55.763916173748996,0.5234375,1
247,34,1500.444127407439,6.287547336330576,1514.7016598923856,25.45501775141793,0.25830078125,2
247,36,1329.8464824249877,68.85713769303841,1345.7801359331077,94.08312387461238,0.5888671875,2
247,57,-77.9320689441181,838.0366419862215,-42.30058213193309,916.7395596951563,0.0,2
247,65,1769.9856862249217,480.1298116626994,1906.1859928082354,626.108969252309,0.591796875,2
247,67,1508.2774660309121,701.1866974219816,1604.2723106064136,824.1817748883807,0.8447265625,2
247,70,1387.2086457481278,36.316672735221445,1401.327111859849,53.75470818104211,0.0,2
247,76,1686.4757385972603,483.3815201944061,1769.409960132915,578.9986859743827,0.355712890625,2
248,3,109.07845800501849,975.3056232657395,208.0431370847238,1106.7839031464955,0.0,2
248,7,1161.905560072068,143.82362768333542,1183.6859766316604,184.7225795362658,0.46484375,2
248,8,1573.583644026818,67.38894406375383,1597.416355973182,103.59252621062961,0.451416015625,2
248,10,1185.3602996244294,98.60480422508661,1226.4880092809371,139.1595507733706,0.7431640625,1
248,11,1288.541609066585,93.92272235089557,1305.8906987808582,121.55663838096604,0.3701171875,2
248,13,1553.6561416511793,24.57317925740032,1584.3724415028164,55.78156819672889,0.5234375,1
248,34,1500.3861552183637,6.1915188046098635,1514.7436612154847,25.40011098512408,0.25244140625,2
248,36,1330.100019173906,69.08797291779034,1345.5627529981552,94.1372403998934,0.5869140625,2
248,57,-80.79113265387623,843.4287554299328,-45.77264396826684,920.7802386418572,0.0,2
248,65,1769.646503853674,480.2754815706324,1906.3143085273612,626.2190559498554,0.5947265625,2
248,67,1505.0825180444558,700.663942421595,1601.7989424515722,823.7543865554233,0.84375,2
248,70,1387.2270211078073,36.45448592418885,1401.2439999091273,53.7669964916142,0.0,2
248,76,1686.4617886403337,483.51458626288536,1769.4335933732698,578.9988507831288,0.355712890625,2
248,97,53.57494553019122,1015.6271892736145,123.86419370656739,1080.0133105053783,0.80322265625,2
249,3,95.81425826445121,986.9449159715546,191.9908569286946,1114.7125989434458,0.0,2
249,7,1161.4501982438696,144.90158295764093,1182.7068586517514,185.11469831686455,0.4921875,2
249,8,1573.65039311386,67.58961725142602,1597.3496068861398,103.52817261977594,0.43408203125,2
249,10,1185.9638476904952,98.78050815415713,1226.8443943600605,138.7907516844005,0.74169921875,1
249,11,1288.2738432220376,94.20758657207713,1305.998338198938,121.897330533268,0.36474609375,2
249,13,1552.6650753906695,24.6860918071596,1583.3810742216851,55.973092442423535,0.53125,1
249,34,1500.480933316048,6.102417420895776,1514.856674723072,25.33462249894367,0.0,2
249,36,1329.837695205019,69.7258286552153,1344.867716781301,94.58277080235597,0.517578125,2
249,57,-83.65021659160662,848.8208688736443,-49.244685576628335,924.8209175885581,0.0,2
249,65,1770.6893435093439,485.78403019987354,1903.1588122091127,626.2589268504469,0.46484375,2
249,67,1500.0128664961867,700.0337064291526,1597.549882997116,823.1501790955552,0.88232421875,2
249,70,1387.245397498403,36.59229911315626,1401.1608869274894,53.77928480218629,0.0,2
249,76,1686.7691715242827,484.071097132958,1769.1369773763136,578.9989889758407,0.318359375,2
249,97,37.23678639440163,1022.8875221004035,98.8605595937214,1077.5294080005592,0.6669921875,2
250,3,82.55020121975454,998.5842086773696,175.93843407679475,1122.641294740396,0.0,2
250,7,1160.561049317649,145.7282750084463,1182.147189313596,186.71116023960997,0.541015625,2
250,8,1573.5944533922484,67.4162918599022,1597.4055466077516,103.50428721407044,0.43408203125,2
250,10,1186.1195575047427,98.96670288072742,1227.0666454626173,138.77345291169527,0.7265625,1
250,11,1284.7311628520636,93.80149706164555,1303.5863665746656,123.49970060262991,0.46484375,2
250,13,1552.259384288725,24.60545196708268,1583.0371177394295,56.04468581329031,0.5390625,1
250,34,1500.5757106943815,6.0133160371816885,1514.9696889500094,25.26913401276326,0.0,2
250,36,1329.53844347991,69.64509845570055,1344.8295588106807,95.5499097128536,0.416748046875,2
250,57,-86.50932075730927,854.2129823173556,-52.716706957017564,928.861596535259,0.0,2
250,65,1768.6217857802312,490.685550967833,1896.3233094195527,626.0206510830997,0.462890625,2
250,67,1496.5563919337121,701.3354285311195,1593.2687628823837,822.4749567510609,0.8671875,2
250,70,1387.2637749199148,36.73011230212366,1401.0777729149354,53.79157311275837,0.0,2
250,76,1686.9229246973423,484.2921996817514,1768.993951695834,578.9991120711408,0.332763671875,2
250,97,44.82594437696186,1045.563517437381,84.17234137320852,1079.4538311319263,0.63525390625,2
251,3,69.28628687092852,1010.2235013831845,159.88586852902432,1130.5699905373463,0.0,2
251,7,1160.2778129309077,146.02291743430948,1181.9415158368938,187.2866868117729,0.546875,2
251,8,1573.5694737202818,67.3504931352188,1597.430526279718,103.49589200170965,0.43408203125,2
251,10,1185.537680947932,99.03157676031213,1226.8012354170532,138.76594304754923,0.72802734375,1
251,11,1283.4778953353873,93.6463889143723,1302.660250487314,124.08620306675904,0.45703125,2
251,13,1553.1472946129306,24.636684993291905,1583.8487464230711,56.07036392216409,0.5390625,1
251,34,1500.6704873533647,5.924214653467601,1515.0827038962977,25.20364552658285,0.0,2
251,36,1329.570422694903,69.67079240398617,1344.6854495862603,95.84048202009106,0.418701171875,2
251,57,-89.36844515098416,859.605095761067,-56.18870810943452,932.9022754819599,0.0,2
251,65,1768.0190121599642,492.7529440738095,1893.5846768103545,625.6778307099754,0.46875,2
251,67,1495.2865461742356,701.6424228258188,1591.8890651625436,821.7730923502164,0.87158203125,2
251,70,1387.2821533723425,36.86792549109106,1400.9946578714653,53.80386142333045,0.0,2
251,76,1687.0127712203216,484.3821177494058,1768.913706961361,578.9992175228326,0.315673828125,2
251,97,43.001198196939406,1058.6774350252806,67.291864825131,1079.599762796281,0.0,2
252,3,56.022515217973115,1021.8627940889995,143.83316028538323,1138.4986863342965,0.0,2
252,7,1157.5588045102593,147.5859448439519,1178.6605216884532,187.71945787785506,0.59814453125,2
252,8,1573.521566790492,67.26344888837356,1597.4784332095078,103.55527557856449,0.447509765625,2
252,10,1185.8579991571894,97.80662145405543,1228.1621662065827,138.63779977691274,0.7265625,1
252,11,1282.1868960792926,93.08448027689651,1302.20123989225,125.5106750914552,0.533203125,2
252,13,1553.481799566873,24.648764847882845,1584.167064932663,56.14036540727648,0.537109375,1
252,34,1500.7652632929971,5.8351132697535135,1515.1957195619366,25.13815704040244,0.0,2
252,36,1328.6599118897955,70.10086181153406,1343.6115626664562,96.24553047066762,0.46484375,2
252,57,-92.22758977263132,864.9972092047783,-59.66068903387924,936.9429544286608,0.0,2
252,65,1767.6584354702143,497.5130141483603,1888.7028741501392,625.5519131097903,0.5166015625,2
252,67,1484.6543334945475,698.8125005359612,1582.3693784601198,818.5671347130365,0.861328125,2
252,70,1387.3005328556865,37.005738680058464,1400.9115417970795,53.81614973390254,0.0,2
252,76,1686.904908023447,484.26763947759423,1768.9036922756345,578.9979662353385,0.0,2
252,97,41.176453796710604,1071.7913526131802,50.4113864972598,1079.7456944606356,0.0,2
253,3,42.75888626088833,1033.5020867948144,127.78030934587152,1146.4273821312468,0.0,2
253,7,1155.3735595247845,148.34860747955597,1176.6299740083834,188.83995285535687,0.56396484375,2
253,8,1573.5035705359596,67.16882235290812,1597.4964294640401,103.51633933974989,0.45703125,2
253,10,1185.9180342993227,97.47119014441643,1228.7336072256546,138.58963613723674,0.73876953125,1
253,11,1281.355082699229,92.38552605468307,1301.4466486475842,125.56657013497713,0.5234375,2
253,13,1552.4962660609676,24.653409620242392,1583.4215702445708,56.16533257897301,0.53515625,1
253,34,1500.860038513279,5.746011886039426,1515.3087359469262,25.07266855422203,0.0,2
253,36,1327.868854991257,70.50381009617017,1342.6772967468723,96.63357000628653,0.4609375,2
253,57,-95.08675462225074,870.3893226484897,-63.13264973035169,940.9836333753617,0.0,2
253,65,1767.0819738506616,498.2296579898167,1887.3546781994744,625.5061553945881,0.5380859375,2
253,67,1476.0748653810952,696.5480632121477,1574.7005568640207,816.4151605972286,0.85400390625,2
253,70,1387.3189133699464,37.14355186902587,1400.8284246917774,53.82843804447463,0.0,2
253,76,1687.077206028354,484.42334516481486,1768.8544405389086,578.9992739706868,0.277587890625,2
253,97,39.35171117627546,1084.9052702010797,33.530906389594946,1079.8916261249904,0.0,2
254,3,29.495399999674184,1045.1413795006295,111.72731571048917,1154.3560779281972,0.0,2
254,7,1154.5642344075513,148.55133297440727,1175.9406362296363,189.3557398585459,0.56005859375,2
254,8,1573.4970078048734,67.13345228496524,1597.5029921951266,103.50190921033595,0.458984375,2
254,10,1185.9409485923711,97.46733131383995,1228.95402634234,138.57103245256684,0.73583984375,1
254,11,1281.1079922639774,91.85736815336372,1301.1423893210213,125.56320297134982,0.521484375,2
254,13,1552.040008089178,24.593349448418692,1583.222306559923,56.17317151355421,0.53515625,1
254,34,1500.9548130142102,5.6569105023253385,1515.421753051266,25.00718006804162,0.0,2
254,36,1328.8286858492268,71.94424107138502,1343.0645781473113,97.4467726208255,0.455078125,2
254,57,-97.94593969984241,875.781436092201,-66.60459019885188,945.0243123220625,0.0,2
254,65,1767.2934714903336,499.45659057206467,1886.4809083144123,625.4906962657556,0.552734375,2
254,67,1472.216520143462,695.7430273868571,1571.765140133249,815.6576765997937,0.85107421875,2
254,70,1387.3372949151221,37.28136505799327,1400.745306555559,53.84072635504671,0.0,2
254,76,1687.3182961167824,484.95438189728486,1768.6295951521374,578.9994467681047,0.277587890625,2
254,97,37.52697033563397,1098.0191877889793,16.650424502136442,1080.037557789345,0.0,2
255,3,16.23205643433066,1056.7806722064445,95.67417937923622,1162.2847737251475,0.0,2
255,7,1153.9272646588577,147.74244488166846,1176.097365735938,190.38316220190586,0.544921875,2
255,8,1573.4948181565564,67.18271970517944,1597.5051818434438,103.55876686977561,0.449462890625,2
255,10,1185.6891508743201,96.72658666409416,1229.2966553991914,138.4403982740136,0.7646484375,1
255,11,1279.5326501893069,94.06763024412749,1298.6977606823018,126.99412764797023,0.56591796875,2
255,13,1551.7949426535445,24.570703644321792,1583.225486093241,56.23645954591278,0.5390625,1
255,34,1501.049586795791,5.567809118611251,1515.5347708749568,24.94169158186121,0.0,2
255,36,1328.079223541784,71.3587968440074,1342.3676231317431,97.11674215613212,0.441650390625,2
255,65,1767.3484409226137,499.86371156289704,1886.2268486838032,625.4863839767855,0.5478515625,2
255,67,1464.6781091328085,690.0310734293975,1567.155297577008,812.9454652514199,0.7705078125,2
255,70,1387.3556774912142,37.41917824696067,1400.6621873884249,53.853014665618794,0.0,2
255,76,1687.5882102581436,485.64203722877636,1768.367121715081,578.9995258758494,0.30078125,2
255,97,35.70223127478613,1111.1331053768788,-0.23005916511572622,1080.1834894536998,0.0,2
256,3,2.968855564857769,1068.4199649122595,79.62090035211264,1170.213469522098,0.0,2
256,7,1153.4898016444015,150.33537888162482,1174.467452652376,190.50844571565554,0.67724609375,2
256,8,1573.5641679436917,67.38779763471143,1597.4358320563083,103.51870419166873,0.443603515625,2
256,10,1185.7678712749741,95.28191877674098,1230.2337775197525,137.9610529765837,0.79833984375,1
256,11,1278.45029358692,96.5297276625774,1296.3222472345542,127.6533954612351,0.57568359375,2
256,13,1551.7159929964496,24.68599789509564,1583.2205428713469,56.25899245208973,0.541015625,1
256,34,1501.1443598580208,5.478707734897164,1515.647789417998,24.8762030956808,0.0,2
256,36,1328.1129967978236,72.55283919503773,1341.815520374502,97.53963290338478,0.455078125,2
256,65,1767.142596565693,499.7196425509514,1886.3994391829526,625.736874951969,0.5087890625,2
256,67,1453.0005620999416,688.424481257606,1556.8551132234716,810.4972656450075,0.75927734375,2
256,76,1687.6750128694619,485.89912625521487,1768.2860180134085,578.9995864098162,0.315673828125,2
256,97,33.87749399373196,1124.2470229647784,-17.11054461216154,1080.3294211180546,0.0,2
257,3,-10.294202608744499,1080.0592576180745,63.567478629118426,1178.1421653190482,0.0,2
257,7,1152.7448861605103,151.08835472417252,1173.5307249791827,190.50065186327942,0.67236328125,2
257,8,1573.479064956312,67.15529886837975,1597.520935043688,103.56581533743706,0.453369140625,2
257,10,1186.257290689083,94.79910993390794,1231.106252478523,137.8408739663812,0.7958984375,1
257,11,1278.1196617490473,97.39627015542943,1295.4317884293664,127.93777246568747,0.5888671875,2
257,13,1551.6475516257926,24.72995957819529,1583.2652962568677,56.265962346607324,0.54296875,1
257,34,1501.2391322009003,5.389606351183076,1515.7608086803898,24.81071460950039,0.0,2
257,36,1328.153174392144,72.9332141071992,1341.6104610874568,97.74786341897972,0.46875,2
257,65,1766.4096690025274,499.87761964287824,1885.1564060030491,625.5808357304845,0.525390625,2
257,67,1447.61294512089,687.8858288971037,1553.2011815295468,809.623507955003,0.75341796875,2
257,76,1687.693978791848,485.9931319190734,1768.271784554416,578.9996366535928,0.303955078125,2
257,97,32.05275849247143,1137.360940552678,-33.99103183900102,1080.4753527824093,0.0,2
258,3,-23.557118086476137,1091.6985503238893,47.51391421025359,1186.0708611159982,0.0,2
258,7,1150.9527753903758,152.4670649820025,1171.7755705179036,191.59962742491604,0.662109375,2
258,8,1573.55563818934,67.37705100315848,1597.44436181066,103.52187501352797,0.435791015625,2
258,10,1185.7904838557547,94.13327297560325,1231.1089517012933,137.67456097138793,0.80078125,1
258,11,1277.1849751087666,99.0085667920493,1293.9889861199335,128.95920963811145,0.5234375,2
258,13,1550.791847816485,24.808258676530475,1582.1374285353247,56.20524343996075,0.54296875,1
258,34,1501.3339038244292,5.300504967468989,1515.8738286621324,24.74522612331998,0.0,2
258,36,1326.7076702571128,73.43507113915793,1340.0223885101893,97.93820690696211,0.490234375,2
258,65,1765.8329371758477,497.40194805990615,1887.0273554406506,626.0220085789097,0.501953125,2
258,67,1439.356909033131,688.9866117783411,1543.5712654909814,807.3718376386543,0.55810546875,2
258,76,1687.8710307187193,486.2737182371012,1768.0988384526706,578.7513509177458,0.405517578125,2
258,97,30.22802477100457,1150.4748581405775,-50.87152084563415,1080.6212844467639,0.0,2
259,3,-36.819890868337154,1103.3378430297043,31.46020709551813,1193.9995569129487,0.0,2
259,7,1149.1665771699677,153.3271502778015,1170.3274572390812,192.8555109795499,0.642578125,2
259,8,1573.579096264309,67.39977700933086,1597.420903735691,103.4431817905093,0.43017578125,2
259,10,1184.9712661641165,93.64467654244945,1230.7607122043778,137.73625925633092,0.78662109375,1
259,11,1275.8007198575788,99.21342793024232,1292.5665785078256,129.44221497446307,0.52734375,2
259,13,1550.348434236023,24.465240886634863,1581.839778947366,56.18101256853207,0.544921875,1
259,34,1501.4286747286073,5.211403583754901,1515.9868493632252,24.67973763713957,0.0,2
259,36,1326.2010392751765,73.73250771659977,1339.419362336497,97.99649050697676,0.515625,2
259,65,1765.659395551023,498.4383798219081,1885.731827478185,626.1856757053077,0.450439453125,2
259,67,1433.953027256602,687.6774493816067,1537.9076667313025,805.765598007663,0.0,2
259,76,1688.2759892798567,487.371081566727,1767.6975979909105,578.6579753356218,0.3701171875,2
259,97,28.403292829331363,1163.588775728477,-67.75201163206094,1080.7672161111186,0.0,2
259,104,1396.5237942201647,683.6261552032132,1532.6283319755225,803.2554969261596,0.74755859375,2
260,3,-50.08252095432754,1114.9771357355194,15.40635728491204,1201.928252709899,0.0,2
260,7,1148.5041473349056,153.7460205072803,1169.8603164206324,193.4229714109213,0.638671875,2
260,8,1573.5823819809384,67.3458643760205,1597.4176180190616,103.35184835697122,0.43408203125,2
260,10,1184.6864791143057,93.46975436638544,1230.5924881057028,137.7626578397985,0.78662109375,1
260,11,1275.3738773145926,99.20795067188473,1292.0205499663653,129.53977600659584,0.5390625,2
260,13,1550.235038846538,24.367155712810355,1581.6879445723962,56.20201119388797,0.54296875,1
260,34,1501.523444913435,5.122302200040814,1516.0998707836688,24.61424915095916,0.0,2
260,36,1325.9906280963617,73.70297810794507,1339.2509364787884,98.00645534410575,0.517578125,2
260,65,1765.477853904961,498.31665590515286,1885.384883401296,626.2463704794186,0.43310546875,2
260,67,1428.5491500076473,686.3682869848723,1532.2440634440495,804.1593583766715,0.0,2
260,76,1688.5535722987865,488.02847999930003,1767.4234043906672,578.3744254267905,0.388671875,2
260,97,26.578562667451813,1176.7026933163766,-84.6325041982814,1080.9131477754734,0.0,2
260,104,1400.0414500374948,687.3342745567614,1531.5418997160941,802.3098542794376,0.74609375,2
261,3,-63.34500834444731,1126.6164284413344,-0.6476352215646699,1209.8569485068492,0.0,2
261,7,1146.0450934125838,153.8742625714437,1168.019838373493,194.35046032923862,0.66552734375,2
261,8,1573.3673185900789,66.7048813808757,1597.6326814099211,103.44215840547984,0.445556640625,2
261,10,1184.38805281779,93.04770417314371,1230.7145890859763,137.8980819969142,0.77197265625,1
261,11,1273.7589001347765,99.05926044027532,1291.3682165086168,131.16490132937682,0.5849609375,2
261,13,1550.931022447319,23.991102803103185,1582.8837039242615,56.24014047072366,0.5390625,1
261,34,1501.618214378912,5.033200816326726,1516.2128929234632,24.54876066477875,0.0,2
261,36,1325.3363053177868,74.05243527376452,1338.7998635804008,98.74782844876138,0.607421875,2
261,65,1767.0979648882785,499.2464106249412,1885.5823127879294,625.7705286579126,0.421630859375,2
261,67,1423.1452772862672,685.0591245881378,1526.5804556292221,802.5531187456802,0.0,2
261,76,1688.212971256337,487.765385312882,1767.766906652489,578.76979733814,0.5947265625,2
261,97,24.75383428536591,1189.8166109042763,-101.51299854429548,1081.0590794398283,0.0,2
261,104,1385.176603617538,685.8121113539172,1520.69015459785,803.2814463043659,0.42822265625,2
261,105,1379.4910939877439,37.33089826069629,1398.5089060122561,55.79156466167554,0.315673828125,2
262,3,-76.60735303869644,1138.2557211471494,-16.70177042391201,1217.7856443037997,0.0,2
262,7,1144.079199065363,152.85391413126928,1166.473425682622,193.81399692912487,0.6689453125,2
262,8,1573.3014171112543,66.46525903222927,1597.6985828887457,103.47657886340315,0.455078125,2
262,10,1184.6311524059117,92.7758384302956,1231.383531538436,138.0739338501553,0.732421875,1
262,11,1272.026450735403,97.84301370419983,1290.355142650267,131.0919664348056,0.63720703125,2
262,13,1551.150700078491,23.819535512687736,1583.3908931177152,56.284647310104305,0.54296875,1
262,34,1501.7129831250384,4.944099432612639,1516.3259157826078,24.48327217859834,0.0,2
262,36,1324.8929970145412,74.04846634262366,1338.8579886455495,99.51096807241265,0.6533203125,2
262,65,1765.8925888632778,488.6063283324826,1893.4892822416805,625.589014698933,0.39599609375,2
262,67,1417.7414090924613,683.7499621914034,1520.91684328682,800.9468791146887,0.0,2
262,76,1688.238477322667,487.9074287391297,1767.7436869387088,578.6701942003178,0.611328125,2
262,97,22.929107683073667,1202.9305284921759,-118.39349467010324,1081.205011104183,0.0,2
262,104,1381.633373399646,688.4868409187861,1513.2623559330473,802.588850970222,0.0,2
262,105,1379.2808139288381,36.95897174424911,1398.7191860711616,55.88249072337446,0.31494140625,2
263,3,-89.86955503707496,1149.8950138529642,-32.75604832212998,1225.7143401007497,0.0,2
263,7,1143.3774560234313,152.62379994577557,1165.9270439817508,193.57996818368272,0.6689453125,2
263,8,1573.2899877890934,66.37639270353264,1597.7100122109068,103.49012310285798,0.455078125,2
263,10,1184.7394621267576,92.68406040325047,1231.6241512783934,138.14256000068636,0.7294921875,1
263,11,1271.3649214221919,97.29054883708086,1290.0199236033582,130.97794669099895,0.638671875,2
263,13,1551.1933057199928,23.69520638459868,1583.6306718995177,56.30079939403363,0.541015625,1
263,34,1501.8077511518143,4.854998048898551,1516.4389393611034,24.41778369241793,0.0,2
263,36,1324.744503241629,74.03701200534242,1338.8874282950428,99.66689097436155,0.6533203125,2
263,65,1765.8486436100072,485.21484431441365,1895.9736705376745,625.5230192440598,0.394287109375,2
263,67,1371.4323705154,650.2126033842738,1508.4529886651865,801.547163472806,0.88818359375,2
263,76,1688.20268648802,487.95271432528614,1767.781653989562,578.6330834312708,0.61328125,2
263,97,21.104382860575093,1216.0444460800754,-135.27399257570465,1081.3509427685376,0.0,2
263,104,1378.0901433029312,691.161570483655,1505.8345571470666,801.8962556360782,0.0,2
263,105,1379.2458755619314,36.85071832779149,1398.7541244380689,55.90654943977863,0.319091796875,2
264,3,-103.13161433958284,1161.5343065587792,-48.81046891621857,1233.6430358977,0.0,2
264,7,1139.4383801685806,152.6398934390312,1163.5681632447338,196.05721336896045,0.61865234375,2
264,8,1573.194084206026,66.09910476895213,1597.8059157939742,103.61887912979785,0.455078125,2
264,10,1184.2661779475316,92.53873629764463,1231.245159739939,138.29223972165713,0.6875,1
264,11,1267.5590956584913,97.85608521538559,1287.6725088221544,134.1392375109318,0.63330078125,2
264,13,1551.0399847674666,23.250414297706083,1583.8932960147497,56.275246877901935,0.533203125,1
264,34,1501.9025184592394,4.765896665184464,1516.5519636589495,24.35229520623752,0.0,2
264,36,1323.5526232401594,73.89711691679956,1338.0978966722985,100.20458838834264,0.66552734375,2
264,65,1768.5915916570614,488.76174259752133,1896.1301634769252,625.4979085609791,0.351318359375,2
264,67,1376.248880970569,671.8608647133516,1496.0427461060149,800.6796075694525,0.455078125,2
264,76,1688.6655566415266,488.95641137790585,1767.3206762108207,578.6199710461997,0.447509765625,2
264,97,19.279659817870154,1229.158363667975,-152.15449226109973,1081.4968744328924,0.0,2
264,104,1345.3600796420599,678.3634505683345,1490.2338380143315,802.3862388169056,0.83642578125,2
264,105,1378.8948268390582,36.3360778763735,1399.1051731609418,56.206153570476495,0.33447265625,2
265,3,-116.3935309462201,1173.1735992645943,-64.86503220617777,1241.5717316946505,0.0,2
265,7,1137.5159548629276,153.6049416181947,1162.219526011127,197.9362036709776,0.64599609375,2
265,8,1573.282504294156,66.36638338384559,1597.717495705844,103.66761040571492,0.443603515625,2
265,10,1184.0732940788673,92.61709394848084,1231.1095665001824,138.47221880395,0.64404296875,1
265,11,1265.007312470944,97.9484416550693,1286.0191433753466,135.92299103655688,0.6494140625,2
265,13,1550.932159902149,23.023570552154123,1584.0430864244595,56.326231805175965,0.5234375,1
265,34,1501.997285047314,4.676795281470376,1516.664988676146,24.28680672005711,0.0,2
265,36,1322.0998516951477,73.95876347519865,1336.8691575878145,100.64234061569915,0.6689453125,2
265,65,1769.5266943481372,494.1710698737453,1892.340950085292,625.4895867235108,0.25830078125,2
265,67,1376.494005703202,681.9949733741322,1486.1075675200202,796.8849793917717,0.525390625,2
265,76,1689.031746697086,489.8255429675662,1766.9562453606197,578.6159943881851,0.325927734375,2
265,97,17.454938554958872,1242.2722812558745,-169.0349937262884,1081.642806097247,0.0,2
265,104,1334.0094964325717,675.0266853564701,1479.2189447971716,797.1981082146866,0.7744140625,2
265,105,1378.7655721548372,36.194509337474734,1399.234427845163,56.468623575630374,0.36474609375,2
266,3,-129.65530485698673,1184.8128919704093,-80.91973819200763,1249.5004274916007,0.0,2
266,7,1136.848359749977,154.0307829293164,1161.7173555777474,198.52399195435933,0.64599609375,2
266,8,1573.2918752950088,66.34921020445368,1597.7081247049912,103.68577217545715,0.445556640625,2
266,10,1184.0713891161988,92.65792890921007,1230.9854731044513,138.41756182078026,0.65478515625,1
266,11,1264.0477133345094,97.97740784670177,1285.3861345848602,136.60741756933584,0.6494140625,2
266,13,1550.9508540385445,23.06444164110254,1584.0405835276968,56.34502645985294,0.525390625,1
266,34,1502.092050916038,4.587693897756289,1516.7780144126932,24.2213182338767,0.0,2
266,36,1321.5539919203316,73.974332707413,1336.4152724073626,100.79764425824321,0.6669921875,2
266,65,1769.9922255665383,496.74094200553134,1890.762282921876,625.4877580709679,0.26513671875,2
266,67,1376.311302885598,685.6415615434006,1483.4955678478527,795.6088864138931,0.537109375,2
266,76,1689.1544733952878,489.88928027819077,1766.8350311630702,578.3656503030858,0.33447265625,2
266,97,15.630219071841239,1255.386198843774,-185.91549697127078,1081.7887377616019,0.0,2
266,104,1329.5026950287652,673.8090767686313,1476.33886538884,795.3219168229706,0.763671875,2
266,105,1378.8076968908533,36.156729949125484,1399.1923031091467,56.498263816589514,0.36474609375,2
267,3,-142.91693607188273,1196.4521846762243,-96.97458687370809,1257.4291232885512,0.0,2
267,7,1135.5074807383596,152.52845518296087,1160.7649723920524,197.98378621655638,0.55810546875,2
267,8,1573.272836598542,66.22155251648368,1597.7271634014578,103.69208270433137,0.455078125,2
267,10,1184.0287905698524,92.6831795389271,1230.9807868806809,138.51904959629172,0.642578125,1
267,11,1263.7912830878015,98.70301455845525,1285.1129896402238,137.32633003830892,0.65478515625,2
267,13,1550.908415960458,23.023642443772786,1584.089205159365,56.41301233512692,0.533203125,1
267,34,1502.1868160654117,4.498592514042201,1516.8910408685913,24.15582974769629,0.0,2
267,36,1320.2226967456163,74.09528189137718,1335.440111302054,101.33419929175254,0.6689453125,2
267,65,1770.268985552329,497.04801037285745,1890.7284044703306,625.46392798305,0.0,2
267,67,1372.8639061102876,683.3394992015623,1480.2009509416691,792.6544934862968,0.498046875,2
267,76,1689.1862971165506,489.9004856250908,1766.804480510095,578.2732743007207,0.381103515625,2
267,97,13.80550136851727,1268.5001164316736,-202.79600199604684,1081.9346694259566,0.0,2
267,104,1311.6634883340137,653.1610221966386,1480.051676207782,792.6620754046933,0.76904296875,2
267,105,1378.3759817168009,36.219174208876254,1398.6202172519825,56.69032607777521,0.390380859375,2
268,3,-156.17842459090812,1208.091477382039,-113.02957825127919,1265.3578190855012,0.0,2
268,7,1134.081798620471,154.86275478733148,1158.4785620502869,198.72646439438373,0.5849609375,2
268,8,1573.1415614430175,65.8051975168419,1597.8584385569825,103.81738571208467,0.4765625,2
268,10,1184.0282407473358,92.82403095679717,1230.9644800631065,138.68008760023864,0.6533203125,1
268,11,1263.492916740567,99.70844779747017,1284.331229294239,137.3312816099343,0.642578125,2
268,13,1550.8468973883441,22.88908761778943,1584.153006151786,56.43799253554705,0.53515625,1
268,34,1502.2815804954344,4.409491130328114,1517.0040680438397,24.09034126151588,0.0,2
268,36,1319.1251063216305,74.13534981651706,1334.7168214465132,101.89397157949892,0.66357421875,2
268,65,1771.229402422957,503.4529807094097,1886.6830670350218,625.7814128599838,0.26220703125,2
268,67,1367.2414745178537,682.6047710987225,1473.601494624899,790.9220315008212,0.0,2
268,76,1688.9979450222133,489.6441984981478,1766.9939411354435,578.4894534875059,0.32080078125,2
268,97,11.98078544498695,1281.6140340195732,-219.67650880061655,1082.0806010903113,0.0,2
268,104,1300.275021317927,649.6251025406435,1472.930934638824,792.1770856169826,0.85400390625,2
268,105,1378.2494415117285,36.25302391617717,1398.3693244914664,56.88171327484869,0.418701171875,2
269,3,-169.4397704140629,1219.7307700878541,-129.08471232472095,1273.2865148824515,0.0,2
269,7,1133.5970444731813,155.76490477573304,1157.653899170814,198.97955320448673,0.5830078125,2
269,8,1573.117399794402,65.65043010085402,1597.882600205598,103.8641762615814,0.478515625,2
269,10,1184.0964406912049,92.88478181103449,1230.8910375758844,138.6167590112976,0.6533203125,1
269,11,1263.4197510432414,100.0882224424953,1284.0894063877015,137.29520770321542,0.64404296875,2
269,13,1550.7824115576257,22.718781065444816,1584.218281618591,56.446528225420735,0.53515625,1
269,34,1502.3763442061065,4.320389746614026,1517.1170959384385,24.02485277533547,0.0,2
269,36,1318.6748844923852,74.02285294321135,1334.509635868418,102.09612734920424,0.66357421875,2
269,65,1771.2421434966102,504.908730050131,1886.0023025525504,625.8502614111135,0.256103515625,2
269,67,1361.6190673915696,681.8700429958828,1467.002013841979,789.1895695153457,0.0,2
269,76,1688.9326563795576,489.5386846013844,1767.0601720301759,578.5720560600578,0.318359375,2
269,97,10.156071301250279,1294.7279516074727,-236.55701738497987,1082.226532754666,0.0,2
269,104,1295.9702992635964,648.363762514632,1470.5746114575568,792.0666154272701,0.85498046875,2
269,105,1378.2951873514135,36.27412438929915,1398.1865580546487,56.94836834946766,0.418701171875,2
270,3,-182.70097354134703,1231.3700627936691,-145.1399890940333,1281.215210679402,0.0,2
270,7,1131.996373834451,157.5752353680522,1155.8833403521905,201.03574151449732,0.552734375,2
270,8,1573.1316252987194,65.4723062090396,1597.8683747012806,103.75789228215024,0.478515625,2
270,10,1183.7982925428307,93.40847379552204,1230.1993397642582,138.71480290810538,0.6298828125,1
270,11,1263.2601818947492,101.45272360381412,1283.219765565195,137.37874399881306,0.59912109375,2
270,13,1550.4067330001233,21.919282990658427,1584.5941831807777,56.57197898739523,0.541015625,1
270,34,1502.4711071974282,4.231288362899939,1517.2301245523881,23.95936428915506,0.0,2
270,36,1318.0034178654028,74.76785216633205,1333.9961519040853,103.3208524938005,0.60595703125,2
270,65,1771.6284133971174,505.93521627035074,1885.433197656689,625.8700076072064,0.0,2
270,67,1355.9966847314354,681.1353148930432,1460.4025085929097,787.4571075298702,0.0,2
270,76,1688.9132885551414,489.4908101672869,1767.0803919599798,578.603943354214,0.3310546875,2
270,97,8.331358937307272,1307.8418691953723,-253.43752774913688,1082.3724644190208,0.0,2
270,104,1291.1256251553393,663.1445819977241,1448.126525477611,789.1513210390672,0.8427734375,2
270,105,1378.4018931029982,36.568445277172174,1398.0349240509952,57.24650241562379,0.45703125,2
271,3,-195.96203397276054,1243.0093554994842,-161.19540855921628,1289.1439064763522,0.0,2
271,7,1129.1724492172712,158.9754071839925,1152.5953998804732,202.02868262443198,0.609375,2
271,8,1573.1925696727233,65.47047471128622,1597.8074303272767,103.65476582197091,0.46484375,2
271,10,1183.5698308780875,93.23995787168887,1230.054265780187,138.6266298731604,0.71044921875,1
271,11,1262.3552064313271,103.51767344111076,1281.8310011436135,138.81286154694774,0.583984375,2
271,13,1550.3121459894546,21.498899305143393,1584.688798373713,56.49655460960001,0.533203125,1
271,34,1502.5658694693993,4.142186979185851,1517.3431538856887,23.89387580297465,0.0,2
271,36,1317.4708006407134,75.65818002781305,1333.138941095521,103.41162562760226,0.57568359375,2
271,65,1772.0146825448753,506.9617024905705,1884.8640935135766,625.8897538032995,0.0,2
271,67,1350.3743265374508,680.4005867902035,1453.8029788776905,785.7246455443947,0.0,2
271,76,1688.5820254608684,488.72182085348106,1767.4124095732604,578.3682073720469,0.307373046875,2
271,97,6.506648353157914,1320.9557867832718,-270.31803989308753,1082.5183960833756,0.0,2
271,104,1268.2158865095557,640.933931808857,1449.100999499209,786.5438628221408,0.8427734375,2
271,105,1378.1706196752289,36.841164801531896,1397.264581433799,57.323054573508585,0.449462890625,2
272,3,-209.2229517083034,1254.6486482052992,-177.25097072026986,1297.0726022733024,0.0,2
272,7,1128.161384323869,159.3573731765148,1151.3956788618752,202.49646617160903,0.609375,2
272,8,1573.2321076679402,65.47434510771383,1597.76789233206,103.61510528086421,0.466796875,2
272,10,1183.4880380719833,93.17910594734431,1230.0006439994695,138.59230775755452,0.708984375,1
272,11,1262.0908431761457,104.26839963171604,1281.313667009312,139.32226510406025,0.583984375,2
272,13,1550.293905580071,21.282796577512805,1584.7069791336792,56.46606363960887,0.53125,1
272,34,1502.6606310220197,4.053085595471764,1517.4561839383393,23.82838731679424,0.0,2
272,36,1317.2668592223638,75.99486568712967,1332.8621520948102,103.42404216080556,0.57568359375,2
272,65,1772.4009509398843,507.98818871079015,1884.2949901232134,625.9094999993924,0.0,2
272,67,1344.751992809616,679.6658586873639,1447.2034246963217,783.9921835589192,0.0,2
272,76,1688.4032949582286,488.42769094526915,1767.5917815771568,578.2798691747028,0.307373046875,2
272,97,4.681939548802234,1334.0697043711714,-287.19855381683186,1082.66432774773,0.0,2
272,104,1260.8000665538368,634.0816860994199,1448.6225403099447,785.6307853769155,0.841796875,2
272,105,1378.188908012869,36.94899458750814,1396.8723195285882,57.345340743768844,0.449462890625,2
273,3,-222.48372674797568,1266.2879409111142,-193.3066755771941,1305.001298070253,0.0,2
273,7,1127.3095122902364,161.20810231308684,1149.5461022235077,202.64298233757796,0.6318359375,2
273,8,1573.2617420657698,65.54154961556397,1597.73825793423,103.66189759073131,0.470703125,2
273,10,1183.9933993755942,93.40654895837686,1230.4401459008443,138.57846880441096,0.763671875,1
273,11,1261.48863269057,106.081817841545,1279.7043885543114,139.54840160949607,0.5322265625,2
273,13,1550.4579258875979,21.5148834988634,1584.5428757467903,56.453514720872036,0.53515625,1
273,34,1502.7553918552894,3.9639842117576762,1517.5692147103407,23.762898830613832,0.0,2
273,36,1316.9108409892865,76.66938932559927,1332.0886094664977,103.35225085254066,0.5888671875,2
273,65,1772.7872185821439,509.01467493100984,1883.725887485599,625.9292461954853,0.0,2
273,67,1339.1296835479309,678.9311305845241,1440.603846048803,782.2597215734436,0.0,2
273,76,1688.2878453382543,488.3147061648345,1767.7078104293319,578.2476597319592,0.32763671875,2
273,97,2.8572325242401746,1347.183621959071,-304.0790695203698,1082.8102594120849,0.0,2
273,104,1251.995480599615,630.0102999117616,1443.566330182187,785.3352578885174,0.87890625,2
273,105,1378.3459632840952,37.42629233431995,1396.5843531791197,57.65848586170068,0.42822265625,2
274,3,-235.7443590917773,1277.927233616929,-209.36252312998897,1312.929993867203,0.0,2
274,7,1125.670722944132,161.24996019158297,1148.2979907874785,203.78958317485856,0.552734375,2
274,8,1573.2521675310425,65.44672624206285,1597.7478324689573,103.67966068326567,0.48046875,2
274,10,1184.0875381818103,93.49551946930727,1230.709340821414,138.69661988920734,0.7578125,1
274,11,1260.082604687486,106.862551774171,1278.3461022385663,140.48256547487208,0.505859375,2
274,13,1550.5481812745172,21.67402307545209,1584.4525302489271,56.50969388861899,0.53515625,1
274,34,1502.8501519692088,3.8748828280435887,1517.682246201693,23.697410344433422,0.0,2
274,36,1316.7291801185029,77.53710243297255,1331.8941636733473,103.93398883970877,0.61865234375,2
274,65,1773.1734854716547,510.0411611512296,1883.1567856007343,625.9489923915785,0.0,2
274,67,1333.5073987523954,678.1964024816845,1434.0042429351342,780.527259587968,0.0,2
274,76,1688.2013371569628,488.2716181668438,1767.7948320429869,578.2368917679656,0.290283203125,2
274,97,1.0325272794718217,1360.2975395469707,-320.9595870037015,1082.9561910764398,0.0,2
274,104,1244.4944050913653,628.5573598560823,1434.645130225254,782.8642576760986,0.875,2
274,105,1378.4451688591487,37.638956878335875,1396.4466604263132,57.92670027604973,0.437744140625,2
275,3,-249.0048487397083,1289.566526322744,-225.41851337865444,1320.8586896641534,0.0,2
275,7,1125.1625964591315,161.24974126779992,1147.8185325393893,204.19047642845166,0.552734375,2
275,8,1573.2635550685134,65.41374672509875,1597.7364449314866,103.68626535831098,0.4765625,2
275,10,1184.0860947473882,93.53043528743783,1230.848400152377,138.74047589569193,0.7607421875,1
275,11,1260.179707840707,107.24908956530066,1278.2997712161841,140.92749223977944,0.5078125,2
275,13,1550.6065188707746,21.740249780572608,1584.3941120261916,56.530384941733445,0.53515625,1
275,34,1502.9449113637775,3.7857814443295013,1517.7952784123956,23.631921858253012,0.0,2
275,36,1316.6424732633293,77.78440379801313,1331.8816287715933,104.07526522435057,0.61669921875,2
275,65,1773.559751608416,511.0676473714493,1882.5876844686184,625.9687385876714,0.0,2
275,67,1327.8851384230097,677.4616743788448,1427.404615355316,778.7947976024926,0.0,2
275,76,1688.130026198077,488.25542122877135,1767.8665952806605,578.234187222798,0.291015625,2
275,97,-0.7921761855029104,1373.4114571348703,-337.84010626682675,1083.1021227407946,0.0,2
275,104,1242.2779454695094,628.6553647355271,1431.1197864340959,781.9523119400554,0.875,2
275,105,1378.5681173158223,37.68680251652966,1396.318298981481,57.9907139449239,0.42822265625,2
276,7,1123.0540031767491,163.44258328871933,1144.730583087529,204.55983384224504,0.5830078125,2
276,8,1573.2477007363834,65.21879092306214,1597.7522992636166,103.62678922767809,0.46484375,2
276,10,1185.2407661718983,93.42074843143875,1231.7272503322029,138.50829813497108,0.7646484375,1
276,11,1257.6764233282358,107.42688461517045,1275.915029854372,142.00233814551416,0.57373046875,2
276,13,1550.650307275065,21.831939909370107,1584.3502514432764,56.5992739311456,0.53125,1
276,34,1503.0396700389954,3.6966800606154138,1517.9083113424488,23.566433372072602,0.0,2
276,36,1315.4641441943054,78.42312218088917,1331.0685064196564,104.9245093511695,0.64404296875,2
276,65,1773.9460169924284,512.094133591669,1882.0185840892516,625.9884847837644,0.0,2
276,67,1322.262902559774,676.7269462760052,1420.8049633093483,777.0623356170171,0.0,2
276,76,1688.1376584201948,488.24861724757517,1767.8535616266945,578.2040850634346,0.0,2
276,97,-2.6168778706839646,1386.5253747227698,-354.72062730974574,1083.248054405149,0.0,2
276,104,1231.4922054634217,633.2473702701236,1414.8136734378302,781.1669435462769,0.85595703125,2
276,105,1378.6461191457067,37.579184458537505,1396.247044598096,58.008405996197105,0.45703125,2
277,7,1121.421197426343,162.7394266402742,1143.509250702204,204.91273359129153,0.47265625,2
277,8,1573.2909070324154,65.2096482422969,1597.7090929675846,103.54241309216646,0.458984375,2
277,10,1186.1572274993657,93.00811423724953,1232.5689985885197,138.1716314529034,0.806640625,1
277,11,1255.9684788952798,109.13492580215274,1273.8832198616192,143.6768409764943,0.48046875,2
277,13,1550.5838272243136,21.685357934526735,1584.4166668498003,56.686394876758555,0.529296875,1
277,34,1503.1344279948628,3.6075786769013263,1518.0213449918526,23.500944885892192,0.0,2
277,36,1315.1292512792381,79.51655566139122,1330.6923250430632,105.47801034337422,0.64599609375,2
277,65,1774.3322816236916,513.1206198118887,1881.449484462634,626.0082309798574,0.0,2
277,67,1316.6406911626877,675.9922181731655,1414.2052867972304,775.3298736315417,0.0,2
277,76,1688.1452906372085,488.2418132663789,1767.8405279778324,578.173982904071,0.0,2
277,97,-4.4415777760713695,1399.6392923106694,-371.6011501324583,1083.3939860695039,0.0,2
277,104,1215.8268174060377,627.7182974149031,1404.8661527595411,780.4352219088477,0.88623046875,2
277,105,1378.705226817233,37.28973466400585,1396.1977895437406,57.885841490690595,0.474609375,2
278,7,1120.9002960876696,162.47060330602093,1143.0564656131828,205.0272286318214,0.47265625,2
278,8,1573.3183944602079,65.20956712638267,1597.681605539792,103.51055181373795,0.45703125,2
278,10,1186.5382252678132,92.85417855324934,1232.8396781361266,138.04518318717194,0.8056640625,1
278,11,1255.440345471051,109.76129199340522,1273.0704038182892,144.28826455466083,0.48046875,2
278,13,1550.585598699399,21.633216502690967,1584.4148401252066,56.71839415786309,0.529296875,1
278,34,1503.2291852313797,3.518477293187239,1518.1343793606072,23.435456399711782,0.0,2
278,36,1314.9246901938104,79.7883266321455,1330.6769222929117,105.66993858523044,0.64599609375,2
278,65,1774.7185455022059,514.1471060321085,1880.8803855887656,626.0279771759505,0.0,2
278,67,1311.0185042317514,675.2574900703257,1407.6055858189632,773.597411646066,0.0,2
278,76,1688.152922849118,488.23500928518274,1767.8274943340743,578.1438807447075,0.0,2
278,97,-6.266275901665097,1412.753209898569,-388.4816747349646,1083.5399177338586,0.0,2
278,104,1210.2953534183912,625.734120430522,1401.2773547388192,780.1898355492781,0.88818359375,2
278,105,1378.8010198555191,37.179068206536286,1396.1122093766396,57.834319054387805,0.474609375,2
279,7,1118.7317036225836,162.3431876562169,1142.008262557938,207.02082892981994,0.466796875,2
279,8,1573.338708844732,65.21246270624229,1597.6612911552677,103.49896341854559,0.451416015625,2
279,10,1186.270272329103,92.79887981488413,1232.3468881392787,137.87509904236668,0.81396484375,1
279,11,1255.6305690984404,111.7032837166717,1272.4619232123682,144.98380716971843,0.357666015625,2
279,13,1550.7127865654022,21.802214884927746,1584.2876014063347,56.66764237425515,0.533203125,1
279,36,1314.9956181779391,80.62026493223667,1330.559877670565,105.72683580745901,0.64794921875,2
279,65,1775.1048086279707,515.1735922523281,1880.311287467646,626.0477233720435,0.0,2
279,67,1305.3963417669647,674.5227619674861,1401.005860374546,771.8649496605905,0.0,2
279,76,1688.1605550559234,488.22820530398656,1767.8144606954204,578.113778585344,0.0,2
279,97,-8.090972247465203,1425.8671274864685,-405.3622011172645,1083.6858493982133,0.0,2
279,104,1203.959824656643,624.103820953357,1394.9841543958794,778.6782429934062,0.880859375,2
279,105,1378.8595973338172,36.95205293541682,1396.0635851074073,57.74870965195198,0.458984375,2
280,7,1116.918486133352,164.95412621229735,1139.7636983070124,208.48322409516618,0.5517578125,2
280,8,1573.321646419357,65.09235701188953,1597.6783535806433,103.49510188238489,0.453369140625,2
280,10,1186.152268501849,92.53316259526451,1232.1609259829693,137.81280177543528,0.81640625,1
280,11,1254.0984215705373,112.40357187827092,1270.9286210747484,146.08857083241438,0.30908203125,2
280,13,1550.6723489367748,21.622299381627023,1584.327991648728,56.64711056368885,0.529296875,1
280,36,1314.8057232095869,80.1560159382961,1330.7773343140614,105.60376372243671,0.662109375,2
280,65,1775.4910710009867,516.2000784725478,1879.742190099276,626.0674695681364,0.0,2
280,67,1299.7742037683279,673.7880338646464,1394.406110463979,770.132487675115,0.0,2
280,76,1688.1681872576248,488.2214013227903,1767.801427061871,578.0836764259805,0.0,2
280,97,-9.915666813471631,1438.981045074368,-422.24272927935806,1083.831781062568,0.0,2
280,104,1195.678045016559,625.0642032424914,1385.308075737871,778.1434689148643,0.90673828125,2
280,105,1378.8584327445503,36.68188532971027,1396.0734808493398,57.774597174352394,0.449462890625,2
281,7,1116.2455898246,165.96107244071135,1138.9930488747407,209.01904025439723,0.55078125,2
281,8,1573.2927293935093,64.92570657939969,1597.7072706064905,103.4941311168947,0.455078125,2
281,10,1186.1763311758166,92.43617828875422,1232.0119074887143,137.7915853018359,0.81298828125,1
281,11,1253.425017792399,114.74426002260569,1269.545263353456,146.84286018865302,0.3056640625,2
281,13,1550.652508798633,21.526039528242105,1584.3477929064054,56.66951001103823,0.53125,1
281,36,1314.6923031798542,79.97433277919792,1330.9223197673994,105.5500161692058,0.662109375,2
281,65,1775.8773326212533,517.2265646927675,1879.1730934836548,626.0872157642293,0.0,2
281,67,1294.1520902358407,673.0533057618068,1387.8063360872625,768.4000256896395,0.0,2
281,76,1688.175819454222,488.21459734159413,1767.7883934334252,578.053574266617,0.0,2
281,104,1192.7629652449955,625.5433571783437,1382.0179688429457,777.9888689635402,0.90673828125,2
281,105,1378.9250075126909,36.642303880874074,1396.0143414693289,57.84333221133713,0.420654296875,2
282,7,1112.147347543675,167.80275450251753,1134.7105601447704,210.1832231786467,0.56396484375,2
282,8,1573.2949906656997,64.86528914603035,1597.7050093343003,103.49421423930919,0.443603515625,2
282,10,1185.9080860631252,91.72268926439476,1232.2238777180341,137.72402972852393,0.81640625,1
282,11,1251.4596324884349,117.10996015619965,1266.7933713808393,146.95744488232125,0.441650390625,2
282,13,1550.5648912289932,21.214563318577344,1584.4353756464482,56.64644960799974,0.52734375,1
282,36,1313.946942581747,79.39452252401493,1330.714407574695,105.39439512098565,0.6875,2
282,65,1775.1740254052434,494.6130318941234,1902.476110644312,626.2478366345736,0.2958984375,2
282,67,1288.5300011695033,672.3185776589671,1381.206537244396,766.667563704164,0.0,2
282,76,1688.183451645715,488.20779336039794,1767.7753598100837,578.0234721072535,0.0,2
282,104,1178.5041608329145,623.8327640385337,1368.8293553751657,776.983800898558,0.90576171875,2
282,105,1378.9043849634975,36.62972250554427,1396.0419832613063,58.17459277844294,0.38671875,2
283,7,1109.9613910891119,168.9638171594395,1131.8675134537316,209.59171117588238,0.55810546875,2
283,8,1573.3079537873875,64.84541727377884,1597.6920462126127,103.49466474575812,0.445556640625,2
283,10,1185.7980633377827,91.39611984648859,1232.3062354089554,137.76205313084304,0.81396484375,1
283,11,1249.1614391803912,118.50247110362375,1264.3794751808746,147.53531307434707,0.478515625,2
283,13,1550.6360217112128,21.28448509202419,1584.364215127999,56.637091794894665,0.51953125,1
283,36,1313.5371162953209,79.41352353428879,1330.7879470159369,105.8214395516928,0.6875,2
283,65,1774.1049787856637,493.22920282023154,1904.2248908129504,626.2593789195785,0.275146484375,2
283,67,1282.9079365693156,671.5838495561275,1374.60671393538,764.9351017186885,0.0,2
283,76,1688.191083832104,488.2009893792017,1767.7623261918463,577.99336994789,0.0,2
283,104,1165.8288072488658,620.7926257371761,1358.8584415023304,776.1475008869257,0.9033203125,2
283,105,1378.9407318732324,36.9945771456691,1396.0114123152835,58.726812171206376,0.34521484375,2
284,7,1109.1543609225625,169.3587587755907,1130.9510226453658,209.3280024611862,0.556640625,2
284,8,1573.323870399945,64.84080314662134,1597.6761296000548,103.495205562234,0.445556640625,2
284,10,1185.8012818554407,91.27806635671884,1232.2860404958635,137.7787196096071,0.81396484375,1
284,11,1248.3102534869422,118.88805297950492,1263.6580530631788,147.65057416705153,0.4765625,2
284,13,1550.6827043062367,21.315245857430767,1584.317504121852,56.63297669439173,0.51953125,1
284,36,1313.3344796773806,79.41313602078303,1330.8870297743122,105.97609138815146,0.68603515625,2
284,65,1773.5899843054071,493.2034132992177,1904.960301765792,626.2629126012569,0.26220703125,2
284,67,1277.2858964352777,670.8491214532877,1368.006866160214,763.2026397332129,0.0,2
284,76,1688.1987160133888,488.1941853980055,1767.749292578713,577.9632677885264,0.0,2
284,104,1161.3342948104294,619.7081877868864,1355.3293339247925,775.8652261357479,0.9033203125,2
284,105,1379.0158547149779,37.136596105910044,1395.9416767407038,58.93486524893159,0.34521484375,2
285,7,1106.1055867981202,169.97529901889234,1128.4654205856607,210.71813218785985,0.445556640625,2
285,8,1573.3398631879893,64.84171128325701,1597.6601368120107,103.4957368236301,0.447509765625,2
285,10,1185.9155773089858,91.24018071473911,1232.1595729467551,137.78688403581583,0.80322265625,1
285,11,1246.5810184484815,119.49083066181262,1261.8736648355086,147.9207182096914,0.32421875,2
285,13,1550.7682683959279,21.453724327867995,1584.231915328909,56.63100104617879,0.517578125,1
285,36,1313.320838019696,80.39193020811516,1330.8858888594175,106.64267811984148,0.6669921875,2
285,65,1772.5660191304883,491.7461427961708,1906.021882567539,626.2632267349554,0.280517578125,2
285,67,1271.6638807673894,670.114393350448,1361.4069939188985,761.4701777477375,0.0,2
285,76,1687.7335093276383,487.521635612797,1768.2646842091262,578.9664209494152,0.27197265625,2
285,104,1156.2197836759815,623.8031007965376,1344.2638056153123,774.3204464021156,0.8623046875,2
285,105,1379.10019075657,37.62171710597664,1395.8622557435929,59.43924348498793,0.30322265625,2
286,7,1103.0993357371542,170.55063820883424,1126.563134985171,213.3191801410229,0.509765625,2
286,8,1573.3215897474615,64.7825498789195,1597.6784102525385,103.55810791332615,0.453369140625,2
286,10,1186.120260308001,91.72630251892438,1231.9453214011837,137.9149802988419,0.7890625,1
286,11,1245.0214250701997,119.41179466150976,1260.2274872865087,147.7399744472752,0.36669921875,2
286,13,1550.7614214761202,21.384909813913705,1584.2387401532242,56.629882919471356,0.517578125,1
286,36,1313.3080726227652,79.26770943122015,1330.9179096447424,106.01811781128801,0.319091796875,2
286,65,1769.6963712323916,486.0733067807172,1908.868927054557,626.0179694897475,0.26806640625,2
286,67,1266.041889565651,669.3796652476084,1354.807097211433,759.7377157622619,0.0,2
286,76,1688.2516294053873,488.00561936723454,1767.747357438249,578.4873091417754,0.26513671875,2
286,104,1152.748189782321,633.9946475959362,1328.3405740310134,772.272890270886,0.89306640625,2
286,105,1379.1420106356861,38.05257934245573,1395.8248007944844,59.99503656718794,0.27978515625,2
287,7,1102.077703565065,170.8683639254329,1125.8373551150298,214.15362865351912,0.51171875,2
287,8,1573.2926036491237,64.70049115868508,1597.7073963508765,103.64367016957985,0.453369140625,2
287,10,1186.2144792821432,91.91713890046383,1231.8427748464264,137.9649901198447,0.7890625,1
287,11,1244.5069567444043,119.34371300316234,1259.6735899677092,147.6521339999536,0.361083984375,2
287,13,1550.9240377024798,21.701027039054924,1584.076105162816,56.5982339766754,0.515625,1
287,36,1313.3896019683848,78.84250923752815,1330.8577569194995,105.77846312584472,0.3173828125,2
287,65,1768.5254252796824,484.17998080730285,1910.0063480636934,626.1663677897575,0.260498046875,2
287,67,1260.4199228300622,668.6449371447687,1348.2071760378178,758.0052537767864,0.0,2
287,76,1688.2519660374924,488.0020367934908,1767.745792754276,578.4816552574989,0.0,2
287,104,1151.0153442672822,637.914980316667,1323.7710636939987,772.0774945220928,0.89404296875,2
287,105,1378.7863719158436,38.21406059105602,1395.200172136534,60.19916106170216,0.27978515625,2
288,7,1100.403287785289,171.44898277198018,1124.0518468624073,214.43931615159914,0.59814453125,2
288,8,1573.2948638212833,64.54805059517815,1597.7051361787167,103.55242435193605,0.451416015625,2
288,10,1186.5989612160138,92.61182624718363,1231.4513849920118,137.98444505782592,0.69287109375,1
288,11,1243.3345361065913,120.1176319471586,1258.3055710962435,148.06213976836852,0.0,2
288,13,1550.884367360155,21.543255687291847,1584.1157576777464,56.55487426769895,0.521484375,1
288,36,1312.653921518536,80.15353375991444,1330.6342741666913,107.40413735576209,0.56396484375,2
288,65,1765.6397902869442,480.07784572695346,1910.8954704028545,626.2245153714098,0.36669921875,2
288,67,1254.7979805606233,667.9102090419291,1341.6072303980532,756.272791791311,0.0,2
288,76,1688.074243676505,487.60903816470045,1767.9249974137715,578.8853739294284,0.42431640625,2
288,104,1127.0824129623638,625.5470698118289,1313.4025269988958,770.0057246240225,0.892578125,2
288,105,1378.09020261235,38.641567430027834,1394.5397120784346,60.88423263879242,0.32421875,2
288,116,1310.0012234544677,80.12958399755188,1330.9907774564606,107.82208342822169,0.412109375,2
289,7,1098.9820092855477,170.89872843805557,1123.309392197481,215.25271783586714,0.56591796875,2
289,8,1573.2747299414693,64.49260806698156,1597.725270058531,103.64112657685159,0.462890625,2
289,10,1186.7708717434123,92.87675640628143,1231.2730304781594,137.99224836463694,0.68408203125,1
289,11,1242.1621073080917,120.89155089115485,1256.9375603854642,148.47214553678344,0.0,2
289,13,1550.8776097885254,21.51565375150849,1584.1225008268568,56.56952776966857,0.513671875,1
289,36,1312.1975098794212,80.58755021828738,1330.7410282212397,108.32345152895604,0.5,2
289,65,1763.4609699648945,478.539076385193,1910.3470178876146,626.7307301369756,0.37744140625,2
289,67,1249.176062757334,667.1754809390893,1335.0072602921384,754.5403298058353,0.0,2
289,76,1687.933224713113,487.521029488359,1768.0662207390844,578.9748240647835,0.4072265625,2
289,104,1113.2103534419282,622.1604544399571,1301.5636448000098,767.3259647332586,0.86328125,2
289,105,1377.8921623221752,38.80005671627779,1394.229226371763,61.07470634879863,0.373779296875,2
289,116,1309.052688102869,79.11073474840728,1330.8236605119603,108.18502614160248,0.3857421875,2
290,7,1098.514464280127,170.6764470830683,1123.0542298700766,215.53664478101538,0.56591796875,2
290,8,1573.3141554674387,64.47420842238597,1597.6858445325613,103.55113389115458,0.458984375,2
290,10,1186.8583459397257,92.97472928350467,1231.1802381006623,137.9954298276042,0.6875,1
290,11,1240.989670348906,121.66546983515111,1255.5695578353711,148.88215130519836,0.0,2
290,13,1550.882543233984,21.537238388422978,1584.117554387864,56.60609139689241,0.513671875,1
290,36,1312.0023110428647,80.8076029195697,1330.818780848743,108.60210277330138,0.498046875,2
290,65,1762.726906628087,477.99501746141516,1909.9986309632125,626.9271388216371,0.37939453125,2
290,67,1243.5541694201945,666.4407528362497,1328.407265720074,752.8078678203599,0.0,2
290,76,1687.8544275158245,487.4904732570627,1768.1451082294773,579.0060261605516,0.394287109375,2
290,104,1107.9345074080652,620.8918921398562,1297.660606224147,766.3313713490566,0.86328125,2
290,105,1377.8789364125744,38.9785254304436,1394.0588820533353,61.198420723834985,0.33984375,2
290,116,1308.9411036367942,78.8148245204607,1330.6302223674206,108.19216655411596,0.384033203125,2
291,7,1096.8364636311405,170.56801537415882,1121.647926556512,216.1038866743264,0.537109375,2
291,8,1573.3059303993589,64.4080055670474,1597.6940696006413,103.57859019482194,0.474609375,2
291,10,1186.486102988822,92.88531249627715,1230.5535852000094,137.87254836038846,0.54296875,1
291,11,1240.8112538789844,122.10074133085185,1257.6833234051865,152.6237806590703,0.301513671875,2
291,13,1550.941466153387,21.670272474304003,1584.0586199038407,56.61988802024875,0.5078125,1
291,36,1311.8066441707422,81.49865275518843,1330.9875642233617,109.55593931340013,0.490234375,2
291,65,1762.1472017979886,477.3517601164576,1910.1503872017402,627.4889110506274,0.449462890625,2
291,67,1237.932300549205,665.70602473341,1321.8072466818603,751.0754058348844,0.0,2
291,76,1687.8026513797,487.23300321543564,1768.1969472828546,578.7684288647616,0.3701171875,2
291,104,1100.7036728387002,622.9467128670234,1289.2749433054867,766.5022318882276,0.74609375,2
291,105,1377.9121343722036,39.041081142982335,1393.9675544831837,61.23527235164125,0.357666015625,2
291,116,1308.0800720245995,77.95905704946,1330.412487932525,108.20772995391971,0.0,2
292,7,1095.9588340939592,171.73247363719346,1120.4753430475396,216.78361757420654,0.56201171875,2
292,8,1573.2487006301383,64.19988982679196,1597.7512993698617,103.65081649740414,0.484375,2
292,10,1186.4550892496238,92.9739707510637,1230.2076660267694,137.82664591762133,0.43017578125,1
292,11,1237.2352720489862,122.51118213215693,1254.9305151857704,153.81051935663453,0.299072265625,2
292,13,1550.9402952854075,21.597279429405745,1584.059780350361,56.562921457699346,0.509765625,1
292,36,1311.6914716742988,82.12182687013083,1331.1067939018403,110.27423086167772,0.447509765625,2
292,65,1762.7818803977145,477.1527980335555,1909.3474685739143,626.7246769767821,0.501953125,2
292,67,1232.310456144365,664.9712966305704,1315.2072031774965,749.3429438494088,0.0,2
292,76,1687.5845370754205,486.64224026053887,1768.4151122343028,578.6773385126065,0.46484375,2
292,104,1096.8828763750548,635.7447664422818,1271.995799961509,766.124037429778,0.85498046875,2
292,105,1378.0168492036419,39.36829432848862,1393.8515912614878,61.36349643443968,0.3486328125,2
292,116,1307.2190404491787,77.1032895784593,1330.1947534608553,108.22329335372348,0.0,2
293,7,1095.7577124938935,172.40973886096756,1120.022353806726,217.01319414733797,0.56396484375,2
293,8,1573.2766187698576,64.2469822429398,1597.7233812301424,103.67801391749173,0.482421875,2
293,10,1186.4917422309804,93.00583533202041,1230.031591825656,137.81009742934287,0.42822265625,1
293,11,1235.8707795819737,122.70938896931266,1254.010879139391,154.17115268637068,0.2998046875,2
293,13,1550.9183102286909,21.570045632081708,1584.0817564745055,56.60330413637245,0.509765625,1
293,36,1311.6120353829713,82.34980177074422,1331.2020105835381,110.5329731947618,0.447509765625,2
293,65,1763.2695024134305,477.12796476910506,1908.7922665689011,626.4259834996421,0.5029296875,2
293,67,1226.6886362056746,664.2365685277307,1308.6071352069828,747.6104818639334,0.0,2
293,76,1687.5043707761588,486.42245511003966,1768.495320072696,578.6426787630237,0.46875,2
293,104,1094.8817105938786,640.2060582654395,1267.1628610078124,766.0596925888578,0.85498046875,2
293,105,1378.083176593403,39.48693249593803,1393.7916930486201,61.402954329972474,0.350341796875,2
293,116,1306.3580089105317,76.2475221074586,1329.9770189524118,108.23885675352723,0.0,2
294,7,1092.772988529721,173.7605090948791,1116.9333033344894,218.18583957335554,0.43212890625,2
294,8,1573.2668722872827,64.14430449902457,1597.7331277127173,103.68798989013493,0.4921875,2
294,10,1185.9688248054747,92.89195972782356,1229.512099093856,138.0530950471661,0.332763671875,1
294,11,1233.3387260519332,124.10718231065863,1252.8185134418889,157.71175949639593,0.515625,2
294,13,1551.015798220426,21.869810370848388,1583.9842606683226,56.68048469614379,0.509765625,1
294,36,1311.0215118363878,82.7949063590383,1330.825673420761,110.86130783857739,0.34521484375,2
294,65,1762.9605939525945,476.67033499978913,1909.0736666557816,626.8030062131131,0.53515625,2
294,67,1221.066840733134,663.501840424891,1302.0070427703195,745.8780198784578,0.0,2
294,76,1687.6583719153887,486.83889545794614,1768.3413557736128,578.6295838064505,0.443603515625,2
294,104,1069.8217963652335,627.9293194593571,1257.6335587638523,764.5332844401266,0.83349609375,2
294,105,1376.8720578157026,40.95134215968165,1392.0389850990853,62.09161037847288,0.29736328125,2
294,116,1306.1634462839647,81.05841661715374,1327.9564413059413,110.99239354444809,0.5546875,2
295,7,1090.8574615706432,174.99206457995606,1114.6847002134218,219.34459924299028,0.43212890625,2
295,8,1573.277381412165,64.1079300790272,1597.722618587835,103.69135831200121,0.4921875,2
295,10,1185.6919389398963,92.84787169059422,1229.4020081095255,138.39224855568108,0.388671875,1
295,11,1231.7555258338757,125.34044511083704,1252.0824633894963,160.34457937247913,0.55810546875,2
295,13,1551.048853361687,21.983660478594384,1583.9511982759923,56.709539192277376,0.513671875,1
295,36,1310.7277663111813,82.8291326900599,1330.7638672512771,110.8461434726707,0.302490234375,2
295,65,1761.9623907675561,476.5338931297934,1906.1300384668123,625.963349986825,0.60205078125,2
295,67,1138.1298193013045,655.5153559489647,1247.1361153279963,762.7106874297725,0.316650390625,2
295,76,1687.8602245470831,487.2499388039597,1768.1395365663216,578.8728074007458,0.43408203125,2
295,104,1055.4087143893332,623.6504832402001,1248.2649672158188,763.02459036789,0.70068359375,2
295,105,1375.9503428778198,41.625877286218916,1390.839790691988,62.343383795438214,0.3056640625,2
295,116,1305.5595365791107,81.24983063936295,1327.053376189794,111.37173983635387,0.61865234375,2
296,7,1090.2715644515524,175.30986935966854,1113.8161993743895,219.63034372194963,0.439697265625,2
296,8,1573.3269775503745,64.2203880824024,1597.6730224496255,103.69222668266956,0.4921875,2
296,10,1185.6449276234034,92.83034469618613,1229.310347927092,138.519941949624,0.390380859375,1
296,11,1230.7671999306415,125.80207142585235,1251.2861089241233,161.34872975785854,0.556640625,2
296,13,1551.1076366080008,22.087654671861806,1583.8924088344422,56.657960697804874,0.515625,1
296,36,1310.554903889262,82.83074320795552,1330.8161525119806,110.82527774436302,0.29833984375,2
296,65,1761.920123643351,476.52248268370596,1904.6652948942958,625.6410043257772,0.6123046875,2
296,67,1133.8708823789466,655.1376942288474,1245.0370085887848,762.3656448739018,0.34521484375,2
296,76,1688.0014782072046,487.159331396075,1767.9983115119533,578.7164558603113,0.42822265625,2
296,104,1049.8699780692227,622.0044615460909,1245.3783784853476,762.4804698729657,0.6875,2
296,105,1375.6332919495464,41.925495799534986,1390.396833049806,62.426535569103564,0.301513671875,2
296,116,1305.49600724001,81.37049004901232,1326.6246642586088,111.55954586637249,0.61865234375,2
296,117,978.6989138602158,130.33947941508006,1034.301086139784,168.23364899947904,0.3310546875,2
297,7,1088.8814638949982,176.6422599798867,1111.8073342895136,220.4516528118193,0.482421875,2
297,8,1573.289162505585,64.01778693701557,1597.7108374944153,103.69216882119932,0.462890625,2
297,10,1184.7422957924275,93.00846689866107,1228.1913098219748,138.6283970459292,0.35400390625,2
297,11,1230.4107845762226,127.04198494248583,1250.07313414105,161.33521814252208,0.56787109375,2
297,13,1550.067740371627,21.628543593505604,1582.9442663630682,56.63807527659413,0.486328125,1
297,36,1310.3555862767398,83.079620524972,1330.6723101868545,111.15013198065684,0.0,2
297,65,1762.3022541835862,474.8241196669915,1905.7020977984043,625.2739947190279,0.70556640625,2
297,67,1125.825868960556,654.1812931858178,1236.9925764824013,761.4066418372797,0.0,2
297,76,1688.1123243796578,487.1261291025271,1767.8874902976838,578.6568240666704,0.4609375,2
297,104,1037.37461733358,620.4345515716316,1236.692330507222,763.3023169967698,0.8388671875,2
297,105,1375.3265127463883,42.274058157142804,1390.4493562982218,63.325210968706564,0.332763671875,2
297,116,1306.2036760202247,82.41447588833809,1326.775117262595,112.11444420934524,0.64794921875,2
297,117,977.78158719764,129.12608699075417,1035.21841280236,168.33488000016726,0.316650390625,2
297,118,1037.4368690074512,616.5,1118.52313554719,754.5,0.301513671875,2
298,7,1086.8335083623485,176.6224270628253,1109.710797213545,220.73213679850667,0.56982421875,2
298,8,1573.2561074637622,63.881472883244555,1597.743892536238,103.75359678291113,0.47265625,2
298,10,1184.2632573433634,92.88961981332766,1227.9138539174055,139.10067650822464,0.34326171875,2
298,11,1229.052992791977,126.50193058689175,1248.967861170669,161.0217564860391,0.56591796875,2
298,13,1550.6116669548196,21.455903369446062,1583.6334010358237,56.63046711618648,0.470703125,1
298,36,1310.1562673476033,83.32849784198848,1330.528469178343,111.47498621695065,0.0,2
298,65,1763.0670217562385,473.47311599186514,1907.4576876332933,625.3842913024005,0.7548828125,2
298,67,1117.780855621732,653.2248921427882,1228.9481442964504,760.4476388006576,0.0,2
298,76,1688.0218329926797,486.8669214960685,1767.9780036529817,578.8821577191308,0.478515625,2
298,104,1026.667347888119,619.3899183038699,1227.2196828235346,762.1725029579746,0.8642578125,2
298,105,1375.156098811884,42.57867086007932,1390.5445668302432,64.0814398318019,0.33984375,2
298,116,1306.6017969373038,83.06329023528173,1326.7570777504616,112.43370881689563,0.7041015625,2
298,117,977.8440954668702,129.0130622701475,1035.1559045331298,168.23361043923634,0.30322265625,2
298,118,1025.152478026862,615.3551232222562,1106.9870887784577,754.5,0.447509765625,2
299,7,1086.1753255436565,176.5919460882124,1108.9236257962118,220.81281453952928,0.56787109375,2
299,8,1573.259154053792,63.83224562131939,1597.7408459462083,103.77653195826784,0.474609375,2
299,10,1184.1879190748623,92.84402473313104,1227.718551853738,139.27595712933356,0.34521484375,2
299,11,1228.5785857885355,126.40392596162977,1248.5879584525728,160.87874708243893,0.56396484375,2
299,13,1550.8252845055376,21.3910330681254,1583.896246778084,56.62746725922146,0.47265625,1
299,36,1309.9569471018524,83.57737515900496,1330.3846294864459,111.79984045324447,0.0,2
299,65,1763.6813538655235,473.4839536812461,1907.8121598928876,625.430165849817,0.75048828125,2
299,67,1109.7358423624753,652.2684910997585,1220.903712030933,759.4886357640354,0.0,2
299,76,1688.233420585378,486.7705891650668,1767.7664348173194,578.4723966264529,0.4765625,2
299,104,1022.1845810657414,619.5349123902239,1223.7465444785648,762.2663348453622,0.873046875,2
299,105,1375.1564043237033,42.743802643995956,1390.5391837501206,64.29599319881507,0.341552734375,2
299,116,1306.824282608828,83.30214964445014,1326.7135996674176,112.53768351265069,0.70263671875,2
299,117,977.9449817885594,129.13989290957855,1035.0550182114407,168.32985667346665,0.302490234375,2
299,118,1021.3847869906864,614.9884909710704,1103.5234144464237,754.5000000000001,0.42431640625,2
300,7,1082.6462810046164,178.41219768928363,1105.0990628972615,221.6832748438789,0.53515625,2
300,8,1573.3717511018629,64.1251775995603,1597.6282488981374,103.72292115344408,0.449462890625,2
300,10,1184.2341527421615,93.01110340703707,1227.5865370127594,139.4002861613439,0.390380859375,2
300,11,1226.149527749757,127.93956161041797,1246.848274745182,163.0020026898507,0.60205078125,2
300,13,1551.1333495664323,21.924235113720634,1583.7708423848424,56.626264822874454,0.46875,1
300,36,1309.757625539487,83.82625247602144,1330.2407911111632,112.12469468953829,0.0,2
300,65,1765.246768663569,475.0056648730083,1908.5889772537037,625.9442106500617,0.71044921875,2
300,67,1090.2705721466218,653.6865655476017,1204.358973178159,762.2578672526532,0.77978515625,2
300,76,1688.5364699274983,487.7282281365434,1767.4634030006498,578.8123362758705,0.355712890625,2
300,104,1013.1705234441529,618.4495694034346,1215.2232238309762,761.5280013272759,0.0,2
300,105,1375.2744053289623,44.15234901397991,1390.4439117204056,65.41329152899307,0.2744140625,2
300,116,1306.3315140242505,85.44437187099425,1325.305473524185,113.87257112949423,0.732421875,2
300,117,977.7044204650962,128.8202562899328,1035.2955795349037,168.34037594290476,0.0,2
300,118,1002.8802318830019,622.3797399123994,1081.7098836896996,755.035326165271,0.61669921875,2
301,7,1080.0339636596148,179.45309681228477,1103.0559461634905,223.35949798303398,0.56201171875,2
301,8,1573.4838395905851,64.36316749725486,1597.5161604094149,103.57789128246576,0.43212890625,2
301,10,1183.655268191832,92.76519859529347,1227.1607409322057,139.5049015510375,0.385009765625,2
301,11,1224.6861230156928,128.99154745990768,1245.825676745325,164.26924749506753,0.611328125,2
301,13,1551.2585997076603,22.12815504836692,1583.7150215399818,56.563497955411606,0.478515625,1
301,36,1309.5583026605073,84.07512979303792,1330.0969540524948,112.4495489258321,0.0,2
301,65,1766.8012336205466,474.6286519802861,1909.8998771784718,625.1526433367067,0.73876953125,2
301,67,1077.9203872460432,654.1819136570834,1192.818613099146,762.4024102430743,0.85888671875,2
301,76,1688.1553737971742,487.0973537871348,1767.8445147798152,578.9414023626975,0.441650390625,2
301,104,994.1825061459061,629.5071107551624,1184.1678250257144,761.7296228249006,0.3720703125,2
301,105,1375.0444168125996,44.58539848580808,1390.2114943848883,65.84304404834691,0.0,2
301,116,1306.185844861589,86.05604724365686,1324.7646113624019,114.42301354195673,0.72802734375,2
301,117,976.8415874175143,127.22922415688184,1034.9383567503191,167.3029524837067,0.259765625,2
301,118,987.4923807031878,622.8568616676158,1066.5081893961865,754.686512967865,0.5849609375,2
302,7,1079.0529955573402,179.8176095198146,1102.4163683496201,223.95948943498894,0.56201171875,2
302,8,1573.5236723749724,64.51593254275346,1597.4763276250276,103.58528860820167,0.43408203125,2
302,10,1183.4918600038302,92.67169939774746,1226.9590963114053,139.5404179671104,0.388671875,2
302,11,1224.0927554390134,129.36970083665562,1245.5577500084062,164.71992062644472,0.611328125,2
302,13,1550.433704357828,22.203302153250288,1582.573796757227,56.54005031349942,0.478515625,1
302,36,1309.358978464913,84.3240071100544,1329.953118310441,112.77440316212592,0.0,2
302,65,1766.3620256288875,474.5090992134209,1909.4262386048476,624.8547590086295,0.74169921875,2
302,67,1073.5193233737741,654.3546835704668,1189.146224667551,762.4547358464669,0.85888671875,2
302,76,1687.9850686462316,486.86005424673215,1768.0148324264746,578.989148404182,0.443603515625,2
302,104,987.8120858168899,631.9863443986369,1177.6894299805317,762.2448012312182,0.3857421875,2
302,105,1374.8144282843768,45.018447957636255,1389.9790770612315,66.27279656770077,0.0,2
302,116,1306.2790186207571,86.32937647755736,1324.4459825451586,114.5471787767681,0.72802734375,2
302,117,976.7566233421,126.73556179170285,1034.7688003298574,166.9581772007817,0.259033203125,2
302,118,982.3658026122172,622.9694110147108,1061.9377695245798,754.5644138864765,0.5830078125,2
303,7,1076.8044636715717,178.81514008699116,1101.2228636488185,224.52848628916666,0.56787109375,2
303,8,1573.6011270514773,64.75942272319915,1597.398872948523,103.52627368615208,0.420654296875,2
303,10,1183.8777916611116,92.2661589626632,1227.4390994999862,139.42623626904242,0.281494140625,2
303,11,1222.7646703544767,130.2243771639324,1244.683269604224,165.96112151970584,0.62255859375,2
303,13,1550.2833293690112,22.47836617599795,1581.9888592280336,56.5315131629214,0.490234375,1
303,36,1309.1596529527044,84.57288442707087,1329.8092838850014,113.09925739841974,0.0,2
303,65,1767.148272796066,474.98076943897496,1910.252884576582,625.2409322420738,0.71875,2
303,67,1064.3930141820422,654.9346211812442,1180.0190032245441,761.9959457102922,0.28857421875,2
303,76,1687.897108091558,486.77117881668227,1768.1028045130204,579.0061998885358,0.458984375,2
303,104,973.9380898918118,627.7561366671455,1172.2497853276002,762.4179306100777,0.8388671875,2
303,105,1374.5844397442936,45.451497429464425,1389.7466597494347,66.70254908705462,0.0,2
303,116,1305.8795726524459,86.66406137224276,1323.7928535085402,114.94955572043376,0.740234375,2
303,117,976.4124072924213,126.21446867958909,1034.9067976048477,166.77142794840177,0.0,2
303,118,973.3847352963722,623.9684734169774,1052.352331169413,754.5639645949441,0.0,2
304,7,1075.5181425674325,181.10651428712873,1099.3535378813629,224.96661969690118,0.62255859375,2
304,8,1573.5892338166723,64.97470792504616,1597.4107661833277,103.75334602168058,0.3720703125,2
304,10,1183.9828599879577,91.74351779116837,1227.677460318766,139.2560829260962,0.435791015625,1
304,11,1220.6771062981577,130.03554388130243,1243.0695655470038,166.27866275567868,0.611328125,2
304,13,1551.469777523933,22.766614577684635,1582.5276732381853,56.217160512937355,0.447509765625,1
304,36,1308.9603261238813,84.82176174408735,1329.6654507761764,113.42411163471355,0.0,2
304,65,1767.5724122291383,477.159028012823,1908.4401240483035,624.8959119778765,0.63623046875,2
304,67,1052.0233881310753,656.1694659141024,1168.3010568402335,762.8367374671127,0.79296875,2
304,76,1686.923533909129,484.759595451524,1769.076389016218,579.5064968463986,0.3701171875,2
304,104,960.169941327406,627.7055663094799,1160.6689053978937,762.489783295076,0.34423828125,2
304,105,1373.1273774536567,46.7623001803186,1387.3128262030414,66.46117041493238,0.250244140625,2
304,116,1305.2236756702894,87.52054912465815,1323.086439991362,116.2042200797557,0.73095703125,2
304,117,976.0681912702194,125.69337556747534,1035.0447948523615,166.58467869602188,0.0,2
304,118,957.0573468892206,619.3300308986713,1040.2658879431715,755.7257898514631,0.346923828125,2
305,7,1075.0218022917068,181.97640465028135,1098.8160480884126,225.09467077719347,0.62060546875,2
305,8,1573.5797877292507,64.99151176298136,1597.4202122707493,103.776520041572,0.368408203125,2
305,10,1184.081503405642,91.54741006912346,1227.7199945995935,139.18868655067254,0.439697265625,1
305,11,1219.847159532762,129.81712356374086,1242.5654890729622,166.36702168220128,0.611328125,2
305,13,1550.9392456797632,22.871526486695085,1581.7128330085657,56.09967742040973,0.447509765625,1
305,36,1308.7609979784438,85.07063906110383,1329.5216189839657,113.74896587100737,0.0,2
305,65,1768.0916671672835,479.4988776002791,1907.3692038477657,625.2663163749077,0.6318359375,2
305,67,1047.4832345218074,656.6460659278446,1164.4776824060116,763.1683348639153,0.7841796875,2
305,76,1686.624503329672,484.00772049403724,1769.3754273084544,579.6930871287117,0.373779296875,2
305,104,950.0939478051245,627.5793398443926,1150.2295020755646,762.1185716577065,0.0,2
305,105,1372.7873149278519,47.27889300283198,1386.8641639124075,66.82704558990595,0.0,2
305,116,1305.0739374904313,87.82742962883825,1322.7517319094834,116.65943450168703,0.732421875,2
305,117,975.723975275494,125.17228245536158,1035.1827920723986,166.39792944364194,0.0,2
305,118,952.3771064432486,618.4813909988146,1036.9580870605114,755.9665809651402,0.3310546875,2
306,7,1071.9200922446898,184.39722896093255,1095.6549922339957,226.74245653911717,0.640625,2
306,8,1573.5390740287114,64.93345566624211,1597.4609259712886,103.84676166627631,0.385009765625,2
306,10,1183.3883969403346,90.86031888505457,1227.4893656641748,139.28430856536835,0.455078125,1
306,11,1216.510815105745,129.8332072229641,1239.5990729170624,167.1029277697671,0.61865234375,2
306,13,1551.785912440258,22.969255060486123,1582.368125196538,56.05775667890653,0.449462890625,1
306,36,1308.5616685163918,85.31951637812031,1329.3777885083696,114.07382010730119,0.0,2
306,65,1768.8155564192994,481.87520277046906,1906.4253753526866,625.4081600775639,0.5849609375,2
306,67,1031.8235431259745,655.8393757474564,1147.8768011441364,761.3175677910308,0.8427734375,2
306,76,1686.6083746179952,484.22035684521325,1769.391563841231,579.7617001580916,0.394287109375,2
306,104,940.0179561386683,627.4531133793053,1139.7900968974102,761.7473600203369,0.0,2
306,105,1371.6060561180864,46.975576184747155,1385.7508449827483,66.45592486067575,0.275146484375,2
306,116,1303.5944335315392,88.3589417162254,1321.1100410364759,117.61591355165987,0.7490234375,2
306,117,975.3797593082454,124.65118934324782,1035.3207892649589,166.21118019126203,0.0,2
306,118,931.9585504431992,618.6726718301065,1017.9902942830751,757.5506872518322,0.60595703125,2
307,7,1069.0610906333127,185.26849230921619,1093.3037624466278,228.3318335692498,0.59814453125,2
307,8,1573.5226379756957,64.90959761238821,1597.4773620243045,103.87259546864986,0.392333984375,2
307,10,1183.2007676419864,90.84997828024271,1227.3346214191395,139.56443340613984,0.33642578125,1
307,11,1213.929520358153,129.7006219206247,1237.9007789536583,168.45567844304045,0.494140625,2
307,13,1552.241962093763,23.31383342768845,1582.478191913598,56.04408775710951,0.449462890625,1
307,36,1308.3623377377255,85.56839369513679,1329.2339593493878,114.398674343595,0.0,2
307,65,1767.276275934644,480.2541606187232,1905.8704790253862,624.9623162559128,0.6142578125,2
307,67,972.3356065482618,650.0589955768943,1108.2037298650112,763.6213859742552,0.7958984375,2
307,76,1686.3863681378048,483.8211311079843,1769.613577690307,579.7842902096185,0.403564453125,2
307,104,960.2788015771376,653.1124257415246,1128.4305536498352,765.0832680448465,0.484375,2
307,105,1371.2188004105824,46.52799210690382,1385.5930422364088,66.23381587458618,0.36474609375,2
307,116,1302.1480349106173,88.60603419062578,1319.4356266834586,118.14387357724337,0.7490234375,2
307,117,975.0355433684736,124.13009623113408,1035.4587864300424,166.02443093888212,0.0,2
307,118,916.3220462529056,619.240004612542,1002.6976017263913,757.6372849242828,0.6494140625,2
308,7,1068.0282120874772,185.5637233022619,1092.517660315535,228.8951733028285,0.59814453125,2
308,8,1573.5155680114763,64.8989579334984,1597.484431988524,103.8815322569689,0.390380859375,2
308,10,1183.1991008032278,90.85278442722796,1227.215839883993,139.66982806248447,0.33642578125,1
308,11,1212.9928313523696,129.63722351736737,1237.2756378220256,168.9509582111402,0.49609375,2
308,13,1552.3886023401326,23.407372077815914,1582.5428502972718,56.07230597828248,0.453369140625,1
308,36,1308.1630056424447,85.81727101215327,1329.0901315070203,114.72352857988882,0.0,2
308,65,1766.7369426917228,479.64331328039157,1905.6300933706932,624.7983078833504,0.6142578125,2
308,67,948.2111861185847,648.4329477004604,1096.2838995767079,763.9835803529153,0.78662109375,2
308,76,1686.2870675283546,483.6794181418637,1769.712884472215,579.7897308730468,0.39990234375,2
308,104,962.392180787005,657.191298735156,1125.6056272450294,765.0242100993697,0.52734375,2
308,105,1371.0915625010336,46.36870458944965,1385.5422051175851,66.09161549113178,0.3701171875,2
308,116,1301.7239337090352,88.68328199533035,1318.7104363243034,118.3238125850294,0.7490234375,2
308,117,974.6913274561783,123.60900311902031,1035.5967835676495,165.8376816865022,0.0,2
308,118,910.6841661905928,619.4521052561306,997.5364086428534,757.6548909064014,0.6513671875,2
308,124,1765.1262455605151,517.5359138117194,1876.8737544394849,625.5000000000001,0.299072265625,2
309,7,1067.1874242515682,186.630606156183,1091.8225184144444,230.06593784185043,0.478515625,2
309,8,1573.512182411674,64.89359383270596,1597.487817588326,103.88408337014214,0.383056640625,2
309,10,1181.024923351382,93.4462765552571,1224.428246898975,140.56940875573392,0.2509765625,2
309,11,1211.8330367498736,127.65042392408756,1236.967138701654,168.86722243996863,0.43408203125,2
309,13,1552.493870537317,23.468657474674313,1582.5132862656196,55.99089245036133,0.451416015625,1
309,36,1307.9636722305495,86.06614832916975,1328.9463049812673,115.04838281618264,0.0,2
309,65,1768.4664773783497,480.39964705992566,1907.5794383246207,625.2354741741283,0.66015625,2
309,67,933.2646728552496,647.506047360082,1082.4450714196032,763.9155457694678,0.0,2
309,76,1685.8706862418203,482.64934637455144,1770.1292712979002,579.788756719079,0.4091796875,2
309,104,975.2701546357965,657.8873105557371,1129.8916110198782,762.9245234028206,0.89013671875,2
309,105,1370.9871576202859,46.10987038390028,1385.6146713606324,66.02981938281137,0.383056640625,2
309,116,1302.1672628313452,88.94283803178328,1318.8647841811494,118.3707935208968,0.73583984375,2
309,117,974.3471115713597,123.08791000690655,1035.7347806777796,165.6509324341223,0.0,2
309,118,898.1660459130107,618.0341315720564,987.9493446271704,760.1373360131056,0.5546875,2
309,124,1765.3384258102624,517.9459068715491,1876.6615741897376,625.5,0.0,2
310,7,1064.8200324587044,187.24936336921309,1088.7881808688214,229.73387088444758,0.5927734375,2
310,8,1573.477671458335,64.76649323779765,1597.5223285416653,103.88428509182359,0.392333984375,2
310,10,1184.8586931140005,96.19968610169795,1227.712573401156,143.1625378937425,0.350341796875,2
310,11,1209.0024955417757,124.36002999234476,1236.416760582509,170.61810107788938,0.2705078125,2
310,13,1552.5540487623596,23.580320145148622,1582.4778931197022,55.99311856264744,0.435791015625,1
310,36,1307.76433750204,86.31502564618623,1328.802479772129,115.37323705247645,0.0,2
310,65,1768.510708278591,479.6880655445506,1908.9275985827044,625.9003665242271,0.64697265625,2
310,67,918.3181072899183,646.5791470197036,1068.6062955644945,763.8475111860203,0.0,2
310,76,1685.3696554953185,481.28549691262435,1770.6303066797957,579.7859311345263,0.445556640625,2
310,104,971.5418505143658,657.5157980346571,1122.568488056277,762.7121359928339,0.708984375,2
310,105,1370.0374435718038,46.2519085825419,1384.5969905543238,66.00039638806481,0.3310546875,2
310,116,1302.4777898931418,89.08755843550175,1318.8331653711657,118.4293701725325,0.6826171875,2
310,117,974.002895714018,122.5668168947928,1035.872777760433,165.46418318174238,0.0,2
310,118,885.8356739671699,620.9424376324122,975.916962845174,762.0363723276191,0.73388671875,2
310,124,1765.5506060603468,518.3558999313789,1876.4493939396532,625.5,0.0,2
311,7,1064.0292984612747,187.1940719097724,1087.6794890886151,229.31802370383892,0.5947265625,2
311,8,1573.434494808193,64.71771161503634,1597.5655051918072,104.00745920060791,0.392333984375,2
311,10,1186.4361351649618,97.2696068158404,1228.775124871777,144.0487601448161,0.346923828125,2
311,11,1208.1912923459365,123.2114351682057,1235.944413303836,171.2865296273036,0.269775390625,2
311,13,1552.5705973634504,23.61757072352898,1582.4672327462397,55.99556748138828,0.435791015625,1
311,36,1307.565001456916,86.56390296320271,1328.6586558796048,115.69809128877027,0.0,2
311,65,1768.7276505426055,479.66408758054797,1909.2219457562774,625.9025963787017,0.64404296875,2
311,67,903.3714894225909,645.6522466793251,1054.767572011382,763.7794766025728,0.0,2
311,76,1685.2328865669367,480.77888705592926,1770.7670796780822,579.7826106533977,0.441650390625,2
311,104,971.3457051141788,657.30253130971,1119.2176569027613,762.646948804562,0.71044921875,2
311,105,1369.6785755835174,46.29671365045852,1384.2425066461938,65.98254881720348,0.32763671875,2
311,116,1302.6925917252886,89.1901164135554,1318.7623612481073,118.49610953121751,0.6806640625,2
311,117,973.6586798841528,122.04572378267903,1036.01077481561,165.27743392936247,0.0,2
311,118,881.3335433160607,622.066780498158,972.0072388307717,762.7434912813299,0.732421875,2
311,124,1765.7627863107684,518.7658929912086,1876.2372136892313,625.5,0.0,2
312,7,1060.1421029787455,189.3901532298867,1083.9994495593953,231.88384948130607,0.638671875,2
312,8,1573.488371599472,64.94623207694428,1597.511628400528,104.0533072617591,0.38671875,2
312,10,1190.4165150193915,103.30920761079989,1232.7400979846452,151.38675042523363,0.414794921875,2
312,11,1205.8188207056028,122.03192149724055,1234.1195594414264,171.88025970055793,0.4609375,2
312,13,1552.6697385486332,23.84505917428575,1582.3672683813313,55.96674746688646,0.441650390625,1
312,36,1307.3656640951774,86.81278028021919,1328.514833303695,116.02294552506409,0.0,2
312,65,1768.3508814572294,475.4408834064146,1911.7582002694503,625.1579316340127,0.60107421875,2
312,67,926.8989816117526,659.4124650887542,1070.438266269767,770.0929696943288,0.53515625,2
312,76,1685.8514998412913,480.1106005425677,1772.1154534059367,580.2708477731323,0.4130859375,2
312,104,967.812410534031,659.0100174546573,1112.9324918789127,762.3937046173609,0.0,2
312,105,1368.6481543248449,46.306033161559384,1383.047027334879,65.65968610111032,0.385009765625,2
312,116,1301.741399705572,89.9586821875326,1317.8205770953714,119.49611983552907,0.5888671875,2
312,117,973.3144640817644,121.52463067056529,1036.1487718433102,165.09068467698256,0.0,2
312,118,864.722026444309,632.3976286245421,952.5367275670468,765.958964624367,0.2958984375,2
312,124,1765.9749665615275,519.1758860510383,1876.0250334384727,625.5,0.0,2
312,126,858.5427245454733,643.0039995445358,1087.6999524450475,769.8426656039169,0.6533203125,2
312,127,1166.4078761517071,106.89715647860432,1211.8231850069385,143.18925426448834,0.341552734375,2
313,7,1056.90597253756,188.94148191315892,1081.559511189758,233.06447532129144,0.533203125,2
313,8,1573.50791555533,64.97061964286154,1597.49208444467,104.00753515560994,0.388671875,2
313,10,1191.684787706107,103.76205335122586,1232.4523720972734,151.34105958196895,0.346923828125,2
313,11,1204.1061132884724,126.44208285400585,1230.440828624981,172.6846513355202,0.544921875,2
313,13,1552.7423667945673,23.98842853811477,1582.2914104870088,55.89487588956597,0.4609375,1
313,36,1307.1663254168245,87.06165759723567,1328.3710120443998,116.3477997613579,0.0,2
313,65,1767.918242066215,472.87711387906654,1912.9868327193553,624.8777858255384,0.5419921875,2
313,67,932.6474403123701,658.3595804432254,1070.9276335468426,767.2007370927369,0.437744140625,2
313,76,1685.184252795378,479.6270403893389,1771.5669555164786,580.2091479571048,0.341552734375,2
313,104,964.2791236651377,660.7175035996045,1106.6473191438097,762.1404604301597,0.0,2
313,105,1367.2766848107274,46.30168159131651,1381.616465446101,65.4708197614875,0.420654296875,2
313,116,1300.8906390987959,89.74299832642708,1316.9996391835846,119.85899615010698,0.61669921875,2
313,117,972.9702483068526,121.00353755845153,1036.2867688435335,164.90393542460265,0.0,2
313,118,847.2730462127333,629.742145461296,939.1201414255445,768.159432342522,0.498046875,2
313,124,1766.1871468126235,519.5858791108681,1875.8128531873763,625.5,0.0,2
313,126,829.5518354584907,633.3524321378571,1080.3719064982208,772.831121280186,0.7373046875,2
313,127,1161.8606293306657,108.49531116145502,1205.7314735977468,143.76218912488062,0.4111328125,2
314,7,1055.778169954404,188.7508996398763,1080.6641439946065,233.48453354452985,0.533203125,2
314,8,1573.5142216460836,64.97874471662418,1597.4857783539164,103.98922937499955,0.388671875,2
314,10,1192.4327834090518,103.9451393841322,1232.0237181223229,151.3257510623948,0.34326171875,2
314,11,1203.5059965569858,128.27154383595956,1229.0251533828878,172.95759438222433,0.546875,2
314,13,1552.7521793863152,24.037256253018114,1582.2779390085075,55.8693237643739,0.4609375,1
314,36,1306.9669854218573,87.31053491425214,1328.227192101719,116.67265399765172,0.0,2
314,65,1767.8884553318985,471.9122892056823,1913.2983664025853,624.7720354273506,0.54296875,2
314,67,935.1085835713238,658.0254424223691,1070.2538249478055,766.2779917831781,0.445556640625,2
314,76,1684.998815713442,479.4603625060257,1771.2797788923488,580.1818585519896,0.341552734375,2
314,104,960.745844507499,662.4249897445517,1100.3621386974519,761.8872162429585,0.0,2
314,105,1366.7662052073342,46.294002187261384,1381.126806152162,65.39838342217494,0.422607421875,2
314,116,1300.6620784211352,89.64964756170902,1316.6263935392749,119.98155371464613,0.61669921875,2
314,117,972.6260325594176,120.48244444633777,1036.4247658162803,164.7171861722227,0.0,2
314,118,840.9465655259404,628.7763762418642,934.7233606307113,768.9313391763524,0.498046875,2
314,124,1766.399327064057,519.9958721706978,1875.600672935943,625.4999999999999,0.0,2
314,126,825.249994922765,634.8699792889885,1074.2226758800236,773.767754341023,0.73388671875,2
314,127,1160.947277659385,108.90191362239356,1204.1643594286454,143.82515460649253,0.4130859375,2
314,128,1165.2616440893055,108.55003909849084,1189.788199516731,145.30626954924543,0.332763671875,2
315,7,1053.3499581943086,192.08202988321608,1077.56640934488,235.57482869743723,0.517578125,2
315,8,1573.5155662605484,64.91879246457931,1597.4844337394516,103.91956122568986,0.388671875,2
315,10,1192.8853356678248,104.4090066686755,1231.646074588075,151.71301990427673,0.29833984375,2
315,11,1202.9424512385478,129.44226923174728,1227.9419766358146,173.03391814713743,0.52734375,2
315,13,1552.7894043270255,24.11320159350914,1582.2372755535341,55.79886798466541,0.474609375,1
315,36,1306.7676441102756,87.55941223126862,1328.0833734756527,116.99750823394554,0.0,2
315,65,1767.7619131166657,473.0443796739469,1911.5402749081984,624.7340394293631,0.382080078125,2
315,67,928.5911072909748,657.896563681487,1060.0662177097624,764.9386529377504,0.25830078125,2
315,76,1685.3548650016962,480.64622382551295,1770.7416296879267,580.4147060575241,0.264404296875,2
315,104,957.2125730611148,664.1324758894989,1094.0769505398398,761.6339720557573,0.0,2
315,105,1366.5397637273293,46.285912391487514,1381.0266331883695,65.49494719370362,0.445556640625,2
315,116,1300.1564724986483,89.47883504948301,1315.9567338981321,119.64226540481437,0.67236328125,2
315,117,972.2818168394592,119.96135133422402,1036.5627627615504,164.53043691984283,0.0,2
315,118,830.122940144049,629.5485573857787,924.1050877510812,770.0103054242411,0.0,2
315,124,1766.6115073158276,520.4058652305275,1875.3884926841724,625.4999999999999,0.0,2
315,126,817.4714478186077,637.7727993195953,1060.969555123474,773.952568713855,0.83544921875,2
315,127,1161.7295539518022,109.54322121138974,1204.119511745459,144.03448983625495,0.445556640625,2
315,128,1165.5130444792426,108.41290015550183,1190.0853548987504,145.2377000777509,0.0,2
315,129,1202.6638123205466,118.92395999826172,1229.1652874935126,169.04272504648523,0.296630859375,2
316,7,1051.0562838327826,195.08154946849595,1074.9271646302059,237.58763149751982,0.56787109375,2
316,8,1573.5476914355738,65.01923337797906,1597.4523085644262,103.89270534482951,0.39599609375,2
316,10,1194.6655513193396,106.15991346943153,1229.8529255090295,149.59001132677764,0.25830078125,2
316,11,1201.8291541578524,132.97831087276847,1225.5614206205455,174.15335506333207,0.54296875,2
316,13,1552.85870755212,24.199490141429578,1582.1647708859878,55.64924486986921,0.48046875,1
316,36,1306.5683014820795,87.8082895482851,1327.9395561662006,117.32236247023936,0.0,2
316,65,1767.8475404447152,473.25747081685716,1910.710813684389,624.4750109618437,0.32763671875,2
316,67,918.5575764940172,658.3417462155553,1045.5584954810688,762.4361240896766,0.4609375,2
316,76,1685.8816079878713,481.61103077176597,1770.14545754622,580.0054328397839,0.264404296875,2
316,104,953.6793093259852,665.8399620344461,1087.791754670973,761.3807278685562,0.0,2
316,105,1366.4624003717881,46.34066016577001,1381.0239579267563,65.59216576328353,0.4765625,2
316,116,1299.1816774193426,90.39148658835666,1314.5445312487636,119.74309566599237,0.67724609375,2
316,117,971.9376011469775,119.44025822211026,1036.7007596793437,164.3436876674629,0.0,2
316,118,819.2993145775155,630.3207385296931,913.4868150560935,771.0892716721297,0.0,2
316,124,1766.8236875679354,520.8158582903574,1875.1763124320646,625.5,0.0,2
316,126,810.6301188411921,644.6550519889695,1040.4830394708788,772.8730576998254,0.625,2
316,127,1160.0744803473335,111.06315574750867,1200.942754796768,144.31628360879364,0.0,2
316,128,1167.6520762942498,110.74895771559969,1190.1211962007358,144.06076853147516,0.437744140625,2
316,129,1202.5265566722603,119.44311335544637,1228.8176208792806,169.1639556121147,0.0,2
317,7,1050.2283186364962,196.16156002309248,1074.075370759376,238.2996295277853,0.56591796875,2
317,8,1573.556017332063,65.05645068635356,1597.4439826679372,103.88229263567351,0.394287109375,2
317,10,1195.4527245310933,106.83574897975352,1228.990869345463,148.64315781758006,0.2568359375,2
317,11,1201.4882635055924,134.42708015655313,1224.7243310783201,174.54081520878736,0.54296875,2
317,13,1552.8606455041643,24.22740611435238,1582.1599277537948,55.59487773488483,0.48046875,1
317,36,1306.368957537269,88.05716686530158,1327.7957401733631,117.64721670653317,0.0,2
317,65,1768.2042258565589,473.6032837742279,1910.0616979011227,624.132421024463,0.3310546875,2
317,67,915.3980806964187,658.5024546655553,1040.3346766642724,761.5050953429957,0.46484375,2
317,76,1685.891073109569,481.73760310675584,1770.1104718759098,580.0960712095923,0.265869140625,2
317,104,950.1460533021101,667.5474481793933,1081.5065510908516,761.127483681355,0.0,2
317,105,1366.4418524937728,46.23281329853374,1381.055972979007,65.50322318375837,0.449462890625,2
317,116,1298.8383028278108,90.7282030111514,1314.026124906082,119.7662123296908,0.67724609375,2
317,117,971.5933854819725,118.9191651099965,1036.8387565696605,164.15693841508298,0.0,2
317,118,808.7620897748764,666.8357811094405,877.4278933353334,770.5514486563277,0.418701171875,2
317,124,1767.0358678203804,521.2258513501871,1874.9641321796194,625.5,0.0,2
317,126,809.7022533764219,647.1952646647023,1033.869268657413,771.8601879783353,0.62158203125,2
317,127,1158.4194066842722,112.5830902836276,1197.7659979066696,144.59807738133236,0.0,2
317,128,1167.9267720240423,111.20580337420647,1190.249159058026,143.7859763375554,0.435791015625,2
317,129,1202.3893010244876,119.962266712631,1228.4699542645355,169.2851861777442,0.0,2
318,7,1047.7015863873678,197.14418591958585,1071.133177500835,238.40088082282452,0.62451171875,2
318,8,1573.653431496472,65.4416487023873,1597.346568503528,103.87823913945702,0.388671875,2
318,10,1196.0648542754993,107.79447921859858,1229.1503405136978,149.04286923629226,0.0,2
318,11,1199.9187860088307,138.0813076518539,1221.9311140438467,176.16844478848907,0.64404296875,2
318,13,1552.9637536090183,24.545371101727255,1582.054335315535,55.576560174386486,0.48046875,1
318,36,1306.169612275844,88.30604418231806,1327.65192549714,117.97207094282699,0.0,2
318,65,1768.5461491258484,474.7408293638807,1909.6010087885913,624.006448440954,0.482421875,2
318,67,892.8638145496114,660.5643977246875,1023.2845872261474,769.7171356500304,0.78662109375,2
318,76,1686.1874628041896,481.5419498771217,1769.8053224537275,579.8809475706394,0.332763671875,2
318,104,946.6128049894895,669.2549343243405,1075.2213397994758,760.8742394941537,0.0,2
318,105,1365.408126285942,46.80924256556781,1380.1441093601318,66.21333497608015,0.42626953125,2
318,116,1297.4833402400302,92.08911836686187,1313.1072708140323,121.5092211460877,0.5947265625,2
318,117,971.2491698444443,118.39807199788274,1036.9767534325003,163.97018916270306,0.0,2
318,118,783.2730851487966,667.1890221857959,853.3755456837051,774.5726229571914,0.447509765625,2
318,124,1767.2480480731629,521.6358444100168,1874.7519519268371,625.4999999999999,0.0,2
318,126,740.6315865498256,641.8124306911113,969.1339700098596,774.586783112223,0.60205078125,2
318,127,1156.7643329626185,114.10302481974654,1194.5892410751637,144.87987115387105,0.0,2
318,128,1168.7019697401993,112.8226405415528,1190.6640901887226,144.11724746687935,0.501953125,2
318,129,1202.2520453772283,120.48142006981564,1228.122287649277,169.40641674337368,0.0,2
319,7,1045.689854144883,197.83863291154705,1069.2560892751007,239.27268274085512,0.533203125,2
319,8,1573.809344193397,66.08374913608733,1597.1906558066032,103.87661820051096,0.36669921875,2
319,10,1198.7327241179198,106.20315702767238,1228.0638363452802,142.54531895288508,0.43017578125,2
319,11,1197.1660843421187,140.1005039772417,1219.1147165351515,178.2689423932083,0.5849609375,2
319,13,1553.0213186040944,24.722902044043302,1581.9944720242859,55.50936222961663,0.49609375,1
319,36,1305.9702656978045,88.55492149933454,1327.5081121375313,118.2969251791208,0.0,2
319,65,1768.7752463947581,476.1765903867165,1909.3205518740306,624.460239380596,0.55908203125,2
319,67,879.7359648383552,662.287373765113,1007.6288006651536,770.7540520558243,0.69580078125,2
319,76,1686.2752895111303,480.97699543991894,1769.7150475816763,579.7984434388702,0.2509765625,2
319,104,943.0795643881236,670.9624204692877,1068.9361207968452,760.6209953069525,0.0,2
319,105,1364.8689280057563,47.3320178757441,1379.9843215717647,67.28334415270709,0.383056640625,2
319,116,1297.0719756948372,93.07915293712755,1312.7084374050228,122.02377785933093,0.61669921875,2
319,117,970.9049542343927,117.87697888576898,1037.1147502678637,163.78343991032312,0.0,2
319,118,769.0334969209233,673.7344271031611,835.2753018511432,775.6269592993502,0.27978515625,2
319,124,1767.4602283262825,522.0458374698466,1874.5397716737177,625.4999999999999,0.0,2
319,126,747.8987363843958,636.4417968154403,987.9736034267684,776.5249264544498,0.257568359375,2
319,127,1155.109259182372,115.62295935586546,1191.4124843022503,145.16166492640974,0.0,2
319,128,1167.4714882881901,112.80254755108817,1190.1024958463397,144.5147142683969,0.4755859375,2
319,129,1202.1147897304822,121.00057342700028,1227.7746210335047,169.52764730900316,0.0,2
320,7,1045.002488736231,198.05837144036988,1068.640269953631,239.5641606146468,0.53515625,2
320,8,1573.844922944032,66.32160049592034,1597.155077055968,103.8759451865692,0.36669921875,2
320,10,1199.2890900910088,105.85169955181188,1227.8952187632563,141.10353132531432,0.43017578125,2
320,11,1196.2675297393967,140.9787313868899,1218.1059678496363,179.1210537852567,0.5849609375,2
320,13,1553.0095234300634,24.721714187555655,1582.0042954268135,55.423754979431244,0.494140625,1
320,36,1305.7709178031507,88.80379881635102,1327.364300094537,118.62177941541462,0.0,2
320,65,1768.9512265912267,477.21900765473816,1909.120132957563,624.6347678550856,0.5400390625,2
320,67,874.3083219879743,661.9515044871899,1001.8180653511571,771.130245843635,0.708984375,2
320,76,1686.1927914093349,480.8051171171344,1769.7783647680703,579.7998262729668,0.0,2
320,104,939.5463314980121,672.669906614235,1062.6508940829603,760.3677511197513,0.0,2
320,105,1364.6904123470454,47.52405690015566,1379.928998514655,67.681408913594,0.373779296875,2
320,116,1296.8477206405805,93.31261133010022,1312.6812731939597,122.19954810438536,0.61669921875,2
320,117,970.5607386518178,117.35588577365523,1037.2527470757502,163.59669065794324,0.0,2
320,118,764.8350288427987,676.4164131519967,829.340821655229,775.9297418547096,0.291015625,2
320,124,1767.672408579739,522.4558305296763,1874.3275914202607,625.4999999999999,0.0,2
320,126,731.8263427340798,635.5962879035071,975.3030833596231,777.6644333066379,0.0,2
320,127,1153.454185343533,117.14289389198439,1188.2357275879294,145.44345869894846,0.0,2
320,128,1166.9083949912751,112.64431414315774,1190.037738542672,144.5237480624879,0.478515625,2
320,129,1201.9775340842498,121.51972678418491,1227.4269544172191,169.64887787463266,0.0,2
321,7,1042.0120466201379,198.09981984220792,1067.3139917983044,242.37485598819245,0.420654296875,2
321,8,1573.9026109914191,66.65457184704717,1597.0973890085809,103.87565181238554,0.355712890625,2
321,10,1198.905535394433,104.24547462207975,1228.3964768237515,140.2053633828117,0.470703125,2
321,11,1194.8931768391815,143.51341684218937,1216.8926309333326,182.15734983568848,0.61669921875,2
321,13,1552.899077257303,24.622964851948034,1582.1130660617118,55.487347695957304,0.501953125,1
321,36,1305.5715685918824,89.0526761333675,1327.2204893681571,118.94663365170844,0.0,2
321,65,1769.0397977989173,477.60982674033096,1909.01798371914,624.7021749107398,0.72021484375,2
321,67,859.606923148421,661.3121920538114,991.2726756432936,775.6972424411479,0.60400390625,2
321,76,1685.6161805902207,478.9733834985689,1770.3731623194662,580.3449324667531,0.313232421875,2
321,104,936.0131063191552,674.3773927591822,1056.3656596578207,760.1145069325502,0.0,2
321,105,1364.570366816682,47.52927358258967,1379.99700233065,68.01036589560648,0.3115234375,2
321,116,1296.3278263488905,94.2529736193174,1312.1545015461209,122.37355059618827,0.6259765625,2
321,117,970.2165230967196,116.83479266154147,1037.39074385616,163.4099414055633,0.0,2
321,118,753.0896115473525,680.3928791726262,815.7552040298194,777.0672801802642,0.0,2
321,124,1767.8845888335331,522.865823589506,1874.1154111664666,625.4999999999998,0.0,2
321,126,737.9973079411832,634.5564895768075,986.0901567614287,780.3116375351855,0.6083984375,2
321,127,1151.7991114461015,118.66282842810332,1185.0589709322012,145.72525247148715,0.0,2
321,128,1167.8629680313857,112.04780847941703,1191.9252724273833,144.27343766949593,0.5146484375,2
321,129,1201.8402784385307,122.03888014136956,1227.0792878004202,169.77010844026213,0.0,2
321,131,754.4878481526559,634.7382854569845,868.9767411055693,779.5006656475414,0.4130859375,2
322,7,1040.6154517693528,198.82766289743006,1066.2041373787754,243.64069633684582,0.5078125,2
322,8,1573.8983651137346,66.77321304006097,1597.1016348862654,103.87550271868355,0.350341796875,2
322,10,1197.9023102188635,100.88964746689217,1229.4230279764306,138.89305745798669,0.39794921875,2
322,11,1192.5984223639007,144.910309156993,1214.3499583162422,183.24984702416234,0.6259765625,2
322,13,1553.8058587438084,24.489006575911436,1583.1927403390348,55.4818798605194,0.509765625,1
322,36,1305.3722180639998,89.30155345038398,1327.0766799583917,119.27148788800226,0.0,2
322,65,1770.2499256372203,480.48546614916535,1907.7990610289837,624.479892832633,0.5283203125,2
322,67,850.1091959045107,661.5493983608726,978.1548851907302,773.9912698751859,0.70068359375,2
322,76,1685.4396533380977,478.62714957679566,1770.5344338529267,580.4034294434522,0.0,2
322,104,932.4798888515529,676.0848789041295,1050.0804175214266,759.8612627453491,0.0,2
322,105,1364.5552611563924,47.58648112696858,1380.0218578462263,68.18889566008889,0.307373046875,2
322,116,1296.1832135244647,95.59109683232272,1311.9550457692546,123.17294905393953,0.65478515625,2
322,117,969.8723075690981,116.31369954942771,1037.5287406090933,163.2231921531834,0.0,2
322,118,741.3441950844849,684.3693451932555,802.1695855718311,778.2048185058186,0.0,2
322,124,1768.0967690876646,523.2758166493358,1873.9032309123356,625.4999999999998,0.0,2
322,126,729.7688326275359,636.234875219116,976.1232720596183,781.5418026500649,0.6103515625,2
322,127,1150.1440374900774,120.18276296422225,1181.8822143350656,146.00704624402584,0.0,2
322,128,1168.069771083953,111.81373894637593,1192.7396379980275,143.93134788993956,0.505859375,2
322,129,1201.7030227933253,122.5580334985542,1226.731621183108,169.8913390058916,0.0,2
322,131,739.5314478449216,634.6955986428301,855.3251998781071,781.1964308829987,0.6279296875,2
323,7,1040.2208377983727,199.19607164688196,1065.7872592796398,243.96728532640032,0.509765625,2
323,8,1573.90632191184,66.87358795987566,1597.0936780881598,103.81306882626258,0.352294921875,2
323,10,1197.5086216413501,99.79041791455342,1229.8089658370573,138.30720488802504,0.401611328125,2
323,11,1191.7999898508592,145.4407364101405,1213.4526087883326,183.73343954793967,0.6259765625,2
323,13,1553.112086578768,24.43536667152835,1582.6461394632886,55.543399388863534,0.509765625,1
323,36,1305.1728662195026,89.55043076740046,1326.9328718652405,119.59634212429607,0.0,2
323,65,1770.5681686901964,481.8143620395118,1907.4735513723056,624.6471884087033,0.52734375,2
323,67,847.2704290481671,661.6252094880808,973.1730137121335,773.2628269488307,0.69775390625,2
323,76,1685.2631284625752,478.28091565502245,1770.6957030097867,580.4619264201513,0.0,2
323,104,928.9466790952051,677.7923650490767,1043.795167673778,759.6080185581479,0.0,2
323,105,1364.5791325189996,47.602212625865334,1380.0318485076039,68.248067132432,0.315673828125,2
323,116,1295.582002909316,96.06473826516833,1311.4660840031859,123.45255628677612,0.6513671875,2
323,117,969.5280920689534,115.79260643731396,1037.66673733455,163.03644290080348,0.0,2
323,118,729.5987794541958,688.345811213885,788.5839662812641,779.3423568313731,0.0,2
323,124,1768.308949342133,523.6858097091656,1873.691050657867,625.4999999999999,0.0,2
323,126,726.6431812588596,636.3746378721903,973.1796691536165,782.4533024596208,0.6123046875,2
323,127,1148.4889634754609,121.70269750034117,1178.7054577965225,146.28884001656456,0.0,2
323,128,1167.9236137977086,111.71425495306497,1193.2348447563013,143.80925591320505,0.505859375,2
323,129,1201.565767148633,123.07718685573883,1226.383954565282,170.0125695715211,0.0,2
323,131,735.0792062596806,634.6505036392591,851.2263987749446,781.7021762638251,0.6318359375,2
324,7,1035.484580002192,197.70274286589162,1061.4981449004085,243.67908515455753,0.517578125,2
324,8,1573.9181311305654,66.84256950248422,1597.0818688694349,103.6026686060776,0.322509765625,2
324,10,1196.799321481897,98.2631842795421,1230.4866417357302,138.2403190846563,0.369384765625,2
324,11,1190.5368507262071,146.5232155446198,1212.2081324760302,184.99110461601322,0.405517578125,2
324,13,1552.734110817392,23.978901220599546,1582.5487686090728,55.38194208033437,0.4921875,1
324,36,1304.973513058391,89.79930808441694,1326.7890650887039,119.92119636058989,0.0,2
324,65,1770.818800101151,481.78962822294227,1907.2174765949396,623.2113020356669,0.56591796875,2
324,67,827.7191151418367,662.6324929494726,950.9154057572374,772.9615023599023,0.66552734375,2
324,76,1685.086605963653,477.9346817332492,1770.8569697900466,580.5204233968503,0.0,2
324,104,925.4134770501119,679.4998511940239,1037.5099101148749,759.3547743709468,0.0,2
324,105,1363.893270726425,47.60256922821858,1379.7721274379446,68.75429556242156,0.2958984375,2
324,116,1295.1355778223417,96.09199346129569,1310.5450497568065,122.41243100190121,0.64599609375,2
324,117,969.1838765962852,115.2715133252002,1037.8047340325297,162.84969364842357,0.0,2
324,118,705.9647699680846,671.5898461339892,778.9863477890437,786.2389293607649,0.315673828125,2
324,124,1768.5211295969389,524.0958027689953,1873.4788704030614,625.4999999999999,0.0,2
324,126,728.8369050727053,643.3368721257468,956.9012332640735,780.2929007431763,0.28466796875,2
324,127,1146.8338894022515,123.22263203646011,1175.5287013165716,146.57063378910325,0.0,2
324,128,1165.5678016821569,111.41699846258743,1191.6577717474804,144.27379259341993,0.445556640625,2
324,129,1189.0889111986523,149.36609896520804,1208.2141150872656,185.0996426700941,0.437744140625,2
324,131,708.7739061413916,637.2879660923403,825.047037691914,785.5594054502149,0.60205078125,2
325,7,1031.3177861946888,195.89991179479438,1058.4546535495504,244.27515898636668,0.541015625,2
325,8,1573.8971101352633,66.82508379915046,1597.1028898647364,103.52433381615307,0.325927734375,2
325,10,1196.3907350258823,97.21283165825008,1230.8684500057896,137.98959636114,0.369384765625,2
325,11,1188.1462487849585,148.74628079750087,1208.8002347350302,185.5445311461134,0.453369140625,2
325,13,1553.5780105421084,23.805657307760622,1583.5008981469866,55.3221933625731,0.4765625,1
325,36,1304.7741585806652,90.04818540143341,1326.6452596287818,120.2460505968837,0.0,2
325,65,1771.0897521302388,482.75890956035914,1906.9418525471103,622.6769484329216,0.338134765625,2
325,67,811.0391572535162,663.994275359572,932.7190932248325,773.8181252840159,0.79833984375,2
325,76,1684.910085841331,477.588447811476,1771.018234193706,580.5789203735495,0.0,2
325,104,921.8802827162732,681.2073373389711,1031.2246448447172,759.1015301837456,0.0,2
325,105,1362.9547323062473,47.65990004687179,1379.3950575652916,69.3664413074782,0.287841796875,2
325,116,1294.3841645878151,96.45250892948998,1309.820557311396,122.63556793821743,0.64599609375,2
325,117,968.8396611510939,114.75042021308644,1037.9427307030328,162.66294439604366,0.0,2
325,118,693.2313139473579,678.158104012152,763.0920528047053,788.6626623981915,0.303955078125,2
325,124,1768.7333098520817,524.5057958288251,1873.266690147918,625.4999999999998,0.0,2
325,126,718.2137682952547,643.6416861781582,947.252250581365,781.1827682767617,0.0,2
325,127,1145.1788152704498,124.74256657257904,1172.3519448952138,146.85242756164195,0.0,2
325,128,1164.7235189876872,111.55140013616578,1191.0398561738803,144.44809993357944,0.440673828125,2
325,129,1187.7640451015798,152.39864820091157,1206.1122977244545,186.68053326989167,0.0,2
325,131,693.6346256123305,638.7196706761396,811.57479825972,789.4744375874512,0.57177734375,2
326,7,1029.841389445774,195.19835464667835,1057.2720476403936,244.4818836289458,0.54296875,2
326,8,1573.7986571243139,66.68912478019766,1597.2013428756864,103.62076727325349,0.32421875,2
326,10,1196.1926203597309,96.83017240471443,1231.0384229203526,137.91747598418158,0.3701171875,2
326,11,1187.320566652977,149.4605435245763,1207.5832159581619,185.6919553832095,0.45703125,2
326,13,1552.9070066696552,23.740285267694063,1582.872402295287,55.30113967508365,0.474609375,1
326,36,1304.5748027863249,90.2970627184499,1326.501455485474,120.57090483317752,0.0,2
326,65,1770.7315230173028,482.5996653608237,1907.2960186439354,622.4852400676801,0.34521484375,2
326,67,805.4384256216645,664.4905318799215,926.049417881381,774.1206339913813,0.796875,2
326,76,1684.7335680956094,477.2422138897027,1771.179496220765,580.6374173502486,0.0,2
326,104,918.3470960936891,682.9148234839183,1024.9393718633048,758.8482859965443,0.0,2
326,105,1362.6071760591688,47.677901211425514,1379.2596552397358,69.47148559763954,0.282958984375,2
326,116,1294.1690305165532,96.69190971432937,1309.5362430764678,122.83411168058547,0.6513671875,2
326,117,968.4954457333791,114.22932710097268,1038.0807273460593,162.47619514366374,0.0,2
326,118,689.0866980736992,680.7247321822836,757.4331007333674,789.5208354636999,0.30078125,2
326,124,1768.945490107562,524.9157888886548,1873.0545098924379,625.4999999999998,0.0,2
326,126,707.5906319387433,643.9465002305697,937.6032674777174,782.0726358103473,0.0,2
326,127,1143.5237410800555,126.26250110869798,1169.1751885324481,147.13422133418067,0.0,2
326,128,1164.3459501380967,111.59738400935663,1190.8619962012585,144.5163204223469,0.442626953125,2
326,129,1186.4391790582804,155.43119743661507,1204.0104803078707,188.26142386968922,0.0,2
326,131,688.784096707818,639.2018017889327,807.106659009958,790.8169869427051,0.56982421875,2
326,132,1188.5708186382237,91.12189312389759,1230.904326352957,137.25310687610244,0.332763671875,1
327,7,1026.7072873692796,194.66561942005532,1054.6825559890558,245.74091821196407,0.470703125,2
327,8,1573.814054520494,66.75845136460836,1597.185945479506,103.53393571923527,0.329345703125,2
327,10,1194.0935135008644,95.96815457563527,1230.1567956381652,137.78959682396427,0.2568359375,2
327,11,1185.2239787773815,150.36628708842167,1206.0286029090169,187.59829992044,0.60595703125,2
327,13,1552.6240665791706,23.716486868145296,1582.6566964775552,55.35667517220497,0.47265625,1
327,65,1771.084902091383,483.06030754647577,1906.9874023819218,622.2673653098916,0.0,2
327,67,798.3349635411394,670.6131698190861,914.5130632874498,776.1989717386759,0.81396484375,2
327,76,1684.557052726488,476.8959799679295,1771.3407558712238,580.6959143269477,0.0,2
327,104,914.8139171823594,684.6223096288655,1018.6540911706379,758.5950418093431,0.0,2
327,105,1362.4123437762291,47.68011186849837,1379.2971610226198,69.62303931804547,0.322509765625,2
327,116,1292.6660451379735,96.88680397500002,1308.8907641719534,124.52753700641168,0.6875,2
327,117,968.1512303431412,113.70823398885892,1038.218723961609,162.28944589128383,0.0,2
327,118,676.7820134456902,682.8046294551697,744.9394535180786,791.299954227354,0.0,2
327,124,1769.1576703633793,525.3257819484845,1872.8423296366204,625.4999999999998,0.0,2
327,126,696.9674960031712,644.2513142829812,927.9542839531305,782.9625033439328,0.0,2
327,127,1141.8686668310688,127.7824356448169,1165.9984322282755,147.41601510671936,0.0,2
327,128,1166.298582659719,109.99105533935789,1194.6851112698341,144.4182225316602,0.325927734375,2
327,129,1185.114313068754,158.4637466723186,1201.9086628375137,189.84231446948684,0.0,2
327,131,677.6021242719988,638.8314116871151,796.7006325654698,792.2349591595491,0.7431640625,2
327,132,1188.1078783985572,91.61606616062458,1230.1781148519112,137.3303267321008,0.3701171875,1
328,7,1023.870072509274,194.93599229550824,1051.5731371602583,246.20408631240522,0.513671875,2
328,8,1573.7329817061825,66.65673038650914,1597.2670182938175,103.62639826601782,0.32763671875,2
328,10,1192.3317547354177,94.98602551374509,1229.7987949293743,137.9419676612759,0.37939453125,1
328,11,1182.6597931379504,150.418026913942,1204.3690909734096,189.5065093638197,0.5927734375,2
328,13,1552.3928570057317,23.523027650675076,1582.6982861600616,55.50277005156252,0.466796875,1
328,65,1771.7681726516012,484.87830073708756,1906.256993663394,621.8143824066508,0.307373046875,2
328,67,787.5093604470729,679.461160236509,898.230551645938,779.4801106078825,0.552734375,2
328,76,1684.3805397339672,476.54974604615626,1771.5020131450824,580.7544113036467,0.0,2
328,104,911.2807459822844,686.3297957738127,1012.3688027667166,758.3417976221419,0.0,2
328,105,1362.3213730386608,47.67722737516439,1379.3528535371702,69.67154918271962,0.325927734375,2
328,116,1292.223170661554,97.25543787881188,1308.5660844528802,125.08124527293327,0.689453125,2
328,117,967.8070149803798,113.18714087674518,1038.356720549682,162.10269663890392,0.0,2
328,118,664.4773287854713,684.8845267280558,732.4458063349997,793.079072991008,0.0,2
328,124,1769.3698506195342,525.7357750083142,1872.630149380466,625.4999999999998,0.0,2
328,126,686.3443604885383,644.5561283353926,918.3053000076043,783.8523708775182,0.0,2
328,127,1140.2135925234893,129.30237018093584,1162.821675982695,147.69780887925808,0.0,2
328,128,1165.2665026883053,110.49441728302133,1193.947218387962,144.7487504616905,0.264404296875,2
328,129,1183.7894471330005,161.4962959080221,1199.8068453133837,191.4232050692844,0.0,2
328,131,660.9958679779974,632.1371319073554,786.1067250195472,794.6920605316603,0.525390625,2
328,132,1187.8582254576038,91.76466653845185,1229.8369278989132,137.3794644561146,0.0,1
329,7,1023.0050275504042,195.27915456837403,1050.2785172265592,246.35108499000975,0.513671875,2
329,8,1573.6910934210725,66.61581530234233,1597.3089065789275,103.66191097227323,0.332763671875,2
329,10,1191.5476823624379,94.63047472711808,1229.77574022498,138.01487249662298,0.375732421875,1
329,11,1182.2616429453556,150.40570634055578,1204.2383401439288,190.19571379827806,0.5908203125,2
329,13,1552.3192861206703,23.451149296634345,1582.7009278247465,55.55877323771033,0.46875,1
329,65,1771.690718407211,485.3255470311047,1906.3281833373328,621.6932496647454,0.307373046875,2
329,67,783.8665846749561,682.6779147663659,892.9223812098473,780.6592112844984,0.544921875,2
329,76,1684.2040291180465,476.20351212438305,1771.6632680423404,580.8129082803459,0.0,2
329,104,907.7475824934639,688.03728191876,1006.0835066515407,758.0885534349408,0.0,2
329,105,1362.272904318773,47.67257738024561,1379.4119434264555,69.68065930564242,0.32421875,2
329,116,1292.0754597319121,97.37825581470318,1308.470111453211,125.27738669041076,0.689453125,2
329,117,967.4627996450952,112.66604776463141,1038.4947171102783,161.915947386524,0.0,2
329,118,652.1726440930425,686.9644240009419,719.9521591841308,794.8581917546621,0.0,2
329,124,1769.582030876026,526.145768068144,1872.417969123974,625.4999999999998,0.0,2
329,126,675.7212253948446,644.860942387804,908.6563156411389,784.7422384111036,0.0,2
329,127,1138.5585181573174,130.82230471705475,1159.6449197957072,147.97960265179674,0.0,2
329,128,1164.7824043927205,110.75702017231347,1193.7165605343941,144.8168782438703,0.264404296875,2
329,129,1182.4645812510203,164.52884514372562,1197.7050277354806,193.00409566908195,0.0,2
329,131,655.450386886801,629.6429731447311,782.0658111591606,795.5613158971356,0.529296875,2
329,132,1187.608572517017,91.91326691627911,1229.4957409455485,137.42860218012842,0.0,1
330,7,1021.8345262913609,201.27901343848455,1046.869430584336,248.09039409767044,0.60595703125,2
330,8,1573.6650782457468,66.47406970889783,1597.334921754253,103.55188115284807,0.31396484375,2
330,10,1190.4788910475522,93.8448843337584,1229.5619081860566,137.87591213424935,0.56787109375,1
330,11,1178.2910747152537,151.45698159842772,1200.3053754092662,191.51666054760886,0.66357421875,2
330,13,1553.1666453672092,23.240480053141578,1583.8022671883507,55.703869536071124,0.474609375,1
330,65,1771.3165502532747,485.9726306801287,1906.699664641009,622.1559330080947,0.388671875,2
330,67,762.1869733065784,682.2412205128423,873.3699388434101,782.5683368457843,0.751953125,2
330,76,1684.0275208787261,475.8572782026098,1771.8245205629983,580.871405257045,0.0,2
330,104,904.2144267158981,689.7447680637072,999.7982028251103,757.8353092477396,0.0,2
330,105,1362.3642017581749,47.54463071539403,1379.3463976120938,69.18346246212069,0.3310546875,2
330,116,1290.4440097886954,98.08785610754725,1307.0867640323677,125.8912833851717,0.546875,2
330,117,967.1185843372872,112.14495465251765,1038.632713643398,161.72919813414407,0.0,2
330,118,639.8679593684037,689.044321273828,707.4585120654716,796.6373105183162,0.0,2
330,124,1769.7942111328553,526.5557611279737,1872.2057888671447,625.4999999999997,0.0,2
330,126,632.4316627806041,649.2065102260909,878.9013272558733,798.560946844646,0.2783203125,2
330,127,1136.903443732553,132.3422392531737,1156.4681636673122,148.26139642433546,0.0,2
330,128,1163.2364758168183,117.11754726545091,1189.0323014383796,147.5072629950409,0.313232421875,2
330,129,1181.139715422813,167.56139437942912,1195.6032101038045,194.5849862688795,0.0,2
330,131,641.6394892050419,645.3591249110654,758.8238282215191,798.7569347096551,0.71240234375,2
330,132,1187.3589195767968,92.06186729410638,1229.1545539918172,137.47773990414223,0.0,1
331,7,1019.9406385916394,203.23491762043062,1044.2114995813504,248.5944655538881,0.5888671875,2
331,8,1573.713779234778,66.60470253527782,1597.2862207652222,103.44881028773639,0.301513671875,2
331,10,1189.606314896882,93.19870140374346,1228.976305910864,137.22443137192863,0.6669921875,1
331,11,1176.2192763441778,152.55974470627484,1197.4946152131565,191.24295040371675,0.7138671875,2
331,13,1553.5598299972764,23.101031835607706,1584.1463521348646,55.57422847093773,0.48046875,1
331,65,1771.2320933882354,483.69632675778394,1910.773772565166,623.8315969439113,0.318359375,2
331,67,747.824506428066,688.5011954918219,853.6985293703705,783.7301982251846,0.6689453125,2
331,76,1683.8510150160062,475.5110442808366,1771.985770707056,580.9299022337441,0.0,2
331,104,900.6812786495866,691.4522542086544,993.5128912874251,757.5820650605384,0.0,2
331,105,1362.4208013386833,47.43046582683496,1379.3223872296746,68.79849758685887,0.320068359375,2
331,116,1289.1689200573885,98.21704410365057,1306.2701961115336,126.1078284027283,0.403564453125,2
331,117,966.774369056956,111.62386154040391,1038.770710149041,161.5424488817642,0.0,2
331,118,620.4259783551007,679.1404439094467,695.6847398345031,800.7754976816703,0.26513671875,2
331,124,1770.0063913900217,526.9657541878034,1871.9936086099785,625.4999999999997,0.0,2
331,126,618.8458236884275,649.8668813999964,867.5714544180997,800.5884589114646,0.0,2
331,127,1135.2483692491958,133.86217378929263,1153.2914075975093,148.54319019687415,0.0,2
331,128,1162.1169900669352,119.84451712307133,1186.684990098142,148.80883384421776,0.30322265625,2
331,129,1179.8148496483786,170.59394361513264,1193.5013924183554,196.16587686867712,0.0,2
331,131,625.5400372600772,650.6112011107383,741.4581248301467,801.9252191919312,0.43017578125,2
331,132,1187.1092666369434,92.21046767193364,1228.8133670377197,137.52687762815606,0.0,1
332,7,1019.2652684233876,203.6595073836404,1043.3842483851072,248.75038796164776,0.58984375,2
332,8,1573.7179487819258,66.59061001745057,1597.2820512180742,103.34860495468331,0.301513671875,2
332,10,1189.2073265306058,92.97492532970737,1228.8289705475577,136.98764462636294,0.66357421875,1
332,11,1175.5100818256874,152.93405810774755,1196.5048682548593,191.07882850456275,0.7138671875,2
332,13,1553.7726568376395,23.112200787603612,1584.207539265805,55.46263453851064,0.48046875,1
332,65,1771.128202807582,482.8381227068606,1912.3532861510353,624.4556298089306,0.315673828125,2
332,67,742.8257251782478,691.0416564120301,847.1194801923197,784.6143642878262,0.67041015625,2
332,76,1683.6745115298863,475.1648103590633,1772.1470184745128,580.9883992104432,0.0,2
332,104,897.1481382945299,693.1597403536016,987.2275720384856,757.3288208733372,0.0,2
332,105,1362.4178620081477,47.385531670172874,1379.3553419552352,68.64884279346353,0.31494140625,2
332,116,1288.603615293655,98.18870452261879,1306.0931271471075,126.11242656794167,0.403564453125,2
332,117,966.4301538041015,111.10276842829015,1038.9087066272073,161.35569962938425,0.0,2
332,118,616.3929224004258,680.4631921922942,690.6228532155563,801.6047298445839,0.26904296875,2
332,124,1770.2185716475253,527.3757472476333,1871.781428352475,625.4999999999998,0.0,2
332,126,605.2599858223272,650.5272525739018,856.2415803542498,802.6159709782834,0.0,2
332,127,1133.593294707246,135.38210832541154,1150.1146515862993,148.82498396941284,0.0,2
332,128,1161.7400642852588,120.761543972537,1185.8859179776061,149.24713312354115,0.302490234375,2
332,129,1178.4899839277175,173.62649285083614,1191.3995746791331,197.74676746847467,0.0,2
332,131,619.849928882079,651.9474945396025,735.8256382575445,803.0028626516585,0.42626953125,2
332,132,1186.8596136974563,92.35906804976091,1228.472180083255,137.57601535216986,0.0,1
333,7,1017.5439143336748,207.66385415490623,1040.6906743655009,250.6581254440952,0.615234375,2
333,8,1573.7743650798689,66.83222994477451,1597.2256349201314,103.31216720733266,0.287841796875,2
333,10,1189.093708741594,93.15882418937699,1228.7522326175224,136.91143381760716,0.69091796875,1
333,11,1174.132792348072,153.53710748484383,1195.385242063498,192.23131067173833,0.69287109375,2
333,13,1553.809592030149,23.057411360580815,1584.2652746209183,55.48235006751216,0.46484375,1
333,65,1771.4334815052082,482.9786825377852,1912.6430827524548,624.5797562576469,0.0,2
333,67,727.1304998526488,686.0420549939363,837.4488659503904,785.9064907784574,0.81298828125,2
333,76,1683.498010420367,474.8185764372901,1772.30826386537,581.0468961871424,0.0,2
333,104,893.6150056507275,694.8672264985488,980.9422450782914,757.0755766861361,0.0,2
333,105,1362.3936124504992,47.49151366379549,1379.4058057910383,68.71405991961522,0.291748046875,2
333,116,1288.285007808572,97.9776851591602,1306.1809158697165,126.03729421584413,0.388671875,2
333,118,604.1817164480547,681.5034893864231,678.9290870402679,803.4895761055126,0.0,2
333,124,1770.4307519053662,527.785740307463,1871.569248094634,625.4999999999998,0.0,2
333,126,591.6741491823033,651.1876237478073,844.9117050643233,804.6434830451021,0.0,2
333,127,1131.938220106704,136.90204286153048,1146.9378956336816,149.10677774195156,0.0,2
333,128,1162.6841778126022,121.1181550973239,1187.6148516841304,150.34356490019144,0.296630859375,2
333,129,1177.1651182608293,176.65904208653967,1189.297756886138,199.32765806827223,0.0,2
333,131,611.705092867175,654.8776287492366,728.1540586760143,805.325066903441,0.67919921875,2
333,132,1186.6099607583362,92.50766842758817,1228.130993128424,137.6251530761837,0.0,1
334,7,1014.6958678318011,209.12742346182435,1038.022632159244,252.35476927331956,0.74609375,2
334,8,1573.7775113602781,66.92162461784918,1597.2224886397216,103.29994538301253,0.279052734375,2
334,10,1188.2605437313855,93.12790275647957,1228.5439968884177,137.02000704180185,0.74462890625,1
334,11,1172.5217827150727,153.9809135779388,1194.1950015230193,193.6206787193763,0.69921875,2
334,13,1552.7452669198772,22.853734571019803,1583.3797809615817,55.552062106362484,0.447509765625,1
334,65,1771.73876030795,483.11924236870976,1912.9328792487586,624.7038827063633,0.0,2
334,67,712.9725481613367,683.7457244603542,827.1085116989078,788.8046523737238,0.58154296875,2
334,76,1683.321511687448,474.47234251551686,1772.4695068796266,581.1053931638414,0.0,2
334,104,890.0818807181798,696.574712643496,974.6569104068427,756.8223324989349,0.0,2
334,105,1362.2997575237073,47.53025575049377,1379.5230773715352,68.92255269988047,0.267333984375,2
334,116,1285.0101464869415,98.50322478122447,1303.4851597782863,127.6018341158504,0.3486328125,2
334,118,591.9705109168019,682.5437865805519,667.235320443861,805.3744223664412,0.0,2
334,124,1770.6429321635442,528.1957333672927,1871.3570678364558,625.4999999999997,0.0,2
334,126,588.422351234642,653.7381903799817,832.3209342054337,804.324949147369,0.338134765625,2
334,127,1130.2831454475693,138.4219773976494,1143.7611397396568,149.38857151449025,0.0,2
334,128,1162.6014520722144,121.9794611354929,1187.2421435580561,150.86489591922913,0.0,2
334,129,1175.8402526477144,179.69159132224317,1187.1959390393697,200.90854866806978,0.0,2
334,131,598.9148612053693,656.9055548355792,716.4557063742806,808.1126645204117,0.7490234375,2
334,132,1186.3603078195824,92.65626880541544,1227.789806173226,137.6742908001975,0.0,1
335,7,1013.6530018771249,209.36946030378093,1037.1949385650696,252.93971565290417,0.74755859375,2
335,8,1573.727658170087,66.82853391664723,1597.272341829913,103.29674049990263,0.28369140625,2
335,10,1187.3321327873434,93.13361606359977,1228.1094376122062,137.07238622165255,0.74169921875,1
335,11,1171.993399796875,154.12040939178607,1193.771574268858,194.1167397015454,0.70263671875,2
335,13,1553.372387498154,22.840740346514345,1583.9816124044594,55.578724105975475,0.451416015625,1
335,65,1772.044039215808,483.25980219963435,1913.2226756399464,624.8280091550796,0.0,2
335,67,708.4279397093679,682.811240626468,822.9832020414519,789.8847162079383,0.58154296875,2
335,76,1683.1450153311291,474.12610859374365,1772.6307475172825,581.1638901405405,0.0,2
335,104,886.5487634968866,698.2821987884432,968.3715680241395,756.5690883117336,0.0,2
335,105,1362.250273722119,47.5435296943317,1379.5924006528383,68.99881219826837,0.2666015625,2
335,116,1283.3333992470154,98.6929072429494,1301.9785625356274,128.18017735679365,0.350341796875,2
335,118,579.7593058066674,683.5840837746808,655.5415534263358,807.25926862737,0.0,2
335,124,1770.8551124220596,528.6057264271225,1871.1448875779406,625.4999999999997,0.0,2
335,126,585.7396027599534,654.1759284724357,826.258965088683,804.6721324172039,0.3408203125,2
335,127,1128.628070729842,139.94191193376832,1140.5843839042243,149.67036528702894,0.0,2
335,128,1162.5187267153283,122.84076717366189,1186.86943504848,151.38622693826682,0.0,2
335,129,1174.5153870883723,182.7241405579467,1185.0941211388283,202.4894392678674,0.0,2
335,131,594.647496757172,658.3417045498841,712.3704285193832,809.0802027436758,0.740234375,2
335,132,1186.1106548811956,92.8048691832427,1227.4486192176619,137.72342852421133,0.0,1
335,137,1287.816942173166,99.0193916833509,1307.2938674459822,126.73614879760648,0.319091796875,2
336,7,1009.909733587402,209.66364902222685,1034.4125570320714,254.6176558012689,0.79931640625,2
336,8,1573.6282225995897,66.5433491637911,1597.3717774004103,103.29676842934246,0.315673828125,2
336,10,1187.8283241386318,94.38655946823832,1228.1026290498771,137.34972568572633,0.4765625,1
336,11,1169.1426544761323,157.0918920692386,1190.4848831930303,195.99089840745756,0.5927734375,2
336,13,1552.6160678734827,22.962330065663217,1583.2295167422537,55.77417202219443,0.42431640625,1
336,65,1772.3493182287816,483.40036203055894,1913.5124719260184,624.952135603796,0.0,2
336,67,697.2818326762319,683.6215569008428,812.3659035987878,791.1862687868664,0.0,2
336,76,1682.9685213514108,473.7798746719704,1772.7919857783386,581.2223871172396,0.0,2
336,104,626.5215161618471,687.019083211319,791.6066758939293,805.427743309793,0.5546875,2
336,105,1362.1088342197338,47.57791655157751,1379.4831841153732,69.07302946706747,0.0,2
336,116,1282.1502166931195,98.81489446702386,1301.0165425623989,128.8145925366415,0.5234375,2
336,118,567.5481011176512,684.6243809688098,643.8477859876923,809.1441148882988,0.0,2
336,124,1771.067292680912,529.0157194869522,1870.9327073190877,625.4999999999997,0.0,2
336,126,565.8723610570134,660.7696836209752,802.4374612594371,810.2496324689876,0.71044921875,2
336,127,1126.972995953522,141.46184646988726,1137.4076281273842,149.95215905956766,0.0,2
336,128,1162.436001741944,123.70207321183089,1186.4967261554027,151.90755795730453,0.0,2
336,129,1173.1905215828033,185.7566897936502,1182.9923031845137,204.07032986766495,0.0,2
336,131,568.3620094667031,661.7942652878355,685.6278623949158,814.337417117976,0.68603515625,2
336,132,1185.861001943175,92.95346956106997,1227.1074322617308,137.77256624822513,0.0,1
336,137,1288.6390575141775,99.25703380193218,1307.8297070682922,126.5664044271913,0.0,2
337,7,1007.4697854059201,209.98724831698974,1032.5659596013986,255.7082324522231,0.7880859375,2
337,8,1573.4492274356214,66.06363789874317,1597.5507725643786,103.42156627695037,0.332763671875,2
337,10,1187.1637326091852,94.94522586475304,1227.9845798509996,138.02780723806654,0.517578125,1
337,11,1164.8089046547773,156.9489878813671,1186.6214888612644,196.91605779329475,0.62158203125,2
337,13,1553.3094966606677,22.949184789978197,1583.9371253302845,55.84803257536709,0.447509765625,1
337,65,1772.654597346871,483.5409218614835,1913.8022681069745,625.0762620525123,0.0,2
337,67,673.3991617724263,686.4114437305957,788.5590620068947,795.580499893407,0.55810546875,2
337,76,1682.7920297482926,473.4336407501972,1772.9532216627942,581.2808840939388,0.0,2
337,104,612.334256712807,688.1888487609366,778.2744818880624,807.2105249164235,0.0,2
337,105,1361.9673946647722,47.612303408823315,1379.3739676304838,69.14724673586657,0.0,2
337,116,1281.9285554611304,100.37837512267566,1300.4801151130293,130.20207657941415,0.546875,2
337,118,551.3884547508659,700.3985531139757,622.3557010468974,818.2185525652156,0.56591796875,2
337,124,1771.2794729401019,529.4257125467819,1870.720527059898,625.4999999999995,0.0,2
337,126,552.3406945805534,668.4104176201652,783.0646469347546,814.7555200116352,0.48828125,2
337,127,1125.3179211186095,142.9817810060062,1134.230872409137,150.23395283210635,0.0,2
337,128,1162.353277152061,124.56337924999988,1186.1240168788236,152.42888897634222,0.0,2
337,129,1171.8656561310072,188.78923902935372,1180.8904851764262,205.6512204674625,0.0,2
337,131,555.190113902589,668.7134095665186,670.7599391442718,818.7098861546767,0.658203125,2
337,132,1185.6113490055213,93.10206993889723,1226.766245305433,137.82170397223896,0.0,1
337,137,1289.4611728560717,99.49467592051344,1308.3655466897192,126.3966600567761,0.0,2
338,7,1006.6291045277259,210.0714736966416,1031.9310776930542,255.8399291797221,0.7880859375,2
338,8,1573.4242116197693,65.94430922717443,1597.5757883802305,103.40791182892856,0.33447265625,2
338,10,1186.809189314325,95.09755904224556,1228.0643281269806,138.22329323390238,0.521484375,1
338,11,1163.2870037644964,156.8756717116142,1185.2076001511177,197.23427074605047,0.62158203125,2
338,13,1552.579138600086,22.9460800787142,1583.2234426808147,55.93689860677949,0.447509765625,1
338,65,1772.9598765700764,483.6814816924081,1914.0920641828147,625.2003885012288,0.0,2
338,67,667.2924877407037,687.1381309667099,781.4418192977747,796.7276344967581,0.556640625,2
338,76,1682.6155405217748,473.0874068284239,1773.1144551706495,581.3393810706378,0.0,2
338,104,598.1469952063561,689.3586143105543,764.9422899396062,808.9933065230542,0.0,2
338,105,1361.8259550572348,47.64669026606912,1379.2647511981709,69.22146400466568,0.0,2
338,116,1281.9378911548324,100.9696437747882,1300.2578010045486,130.71706986634453,0.546875,2
338,118,547.9831393984907,703.2449544802403,617.190416361143,819.5095306846167,0.56787109375,2
338,124,1771.491653199629,529.8357056066117,1870.5083468003709,625.4999999999995,0.0,2
338,126,547.9826243191395,671.2420326612788,776.0513826247893,816.3700643305978,0.4912109375,2
338,127,1123.6628462251047,144.50171554212514,1131.054116749482,150.51574660464507,0.0,2
338,128,1162.2705529456798,125.42468528816887,1185.7513072187428,152.9502199953799,0.0,2
338,129,1170.5407907329843,191.82178826505722,1178.7886671145657,207.23211106726006,0.0,2
338,131,550.674781287459,671.2587924294552,665.7212593251186,820.2669763679409,0.6494140625,2
338,132,1185.3616960682343,93.2506703167245,1226.4250583487687,137.87084169625277,0.0,1
338,137,1290.283288198849,99.73231803909471,1308.9013863102634,126.22691568636091,0.0,2
339,7,1003.8042793166879,212.04202550449486,1028.4352964200277,256.3422783672379,0.78125,2
339,8,1573.3858442439455,65.838916141296,1597.6141557560543,103.46485788554077,0.341552734375,2
339,10,1185.2886100347248,94.91268165829075,1227.5193423364753,138.79606407292363,0.458984375,1
339,11,1161.8968429364575,158.04265141008662,1183.6572670945254,198.54655029442725,0.57666015625,2
339,13,1552.4186206511297,23.193576094804335,1582.8340087304693,55.969499949862275,0.43017578125,1
339,65,1773.2651558983978,483.8220415233327,1914.3818601535395,625.3245149499451,0.0,2
339,67,654.6498083966521,693.78361246221,767.0862836204992,802.5296948117248,0.388671875,2
339,76,1682.4390536718574,472.7411729066507,1773.2756863019044,581.3978780473369,0.0,2
339,104,583.9597316424945,690.528379860172,751.6101000485608,810.7760881296848,0.0,2
339,105,1361.684515397121,47.68107712331493,1379.155534818434,69.29568127346478,0.0,2
339,116,1282.0949039908326,101.79505096618641,1300.0838323999117,131.50783974670625,0.58154296875,2
339,118,532.0695086689074,684.1440550278458,611.0203566577751,821.9565430677453,0.420654296875,2
339,126,529.0743684246331,664.9978693592345,771.2359095942651,821.3687652471829,0.65673828125,2
339,127,1122.0077712730072,146.02165007824405,1127.87736114842,150.79754037718376,0.0,2
339,128,1162.1878291228002,126.28599132633786,1185.3785971751604,153.47155101441763,0.0,2
339,129,1169.2159253887346,194.85433750076075,1176.6868489989322,208.81300166705768,0.0,2
339,131,539.8485735910472,670.6164405733755,656.9534996966163,822.2466479759672,0.43212890625,2
339,132,1185.1120431313138,93.39927069455176,1226.0838713917378,137.9199794202666,0.0,1
339,137,1291.105403542509,99.96996015767597,1309.4372259299248,126.05717131594571,0.0,2
340,7,1001.33295575595,213.75447534337508,1025.6829142140016,256.98912782349214,0.75927734375,2
340,8,1573.4472058311037,65.9861792589136,1597.552794168896,103.425072019424,0.3310546875,2
340,10,1184.1317220637147,96.44594689416279,1225.9483425923079,139.13613490065632,0.338134765625,1
340,11,1160.1801521408051,158.45813867321533,1181.4415433289578,198.0261599568691,0.591796875,2
340,13,1553.4333591991365,23.475051373263042,1583.5962439488198,55.980493216223465,0.43408203125,1
340,65,1773.5704353318347,483.9626013542573,1914.6716560191478,625.4486413986615,0.0,2
340,67,642.6287605948311,695.3331097695844,755.5210419793705,804.5174726069184,0.0,2
340,76,1682.2625691985402,472.39493898487746,1773.436915056559,581.456375024036,0.0,2
340,104,569.772466021222,691.6981454097897,738.277912214926,812.5588697363155,0.0,2
340,105,1361.5430756844312,47.715463980560735,1379.0463184912733,69.36989854226388,0.0,2
340,116,1281.390649760276,103.32549559180445,1298.8655099646846,132.03319696527907,0.59619140625,2
340,118,523.3372517194168,684.7362404580128,602.4826533520172,823.8140589713345,0.291015625,2
340,126,515.7376867980792,666.5525213502513,758.2641533633946,825.1059265067524,0.7890625,2
340,127,1120.352696262317,147.541584614363,1124.7006056059504,151.07933414972246,0.0,2
340,128,1162.105105683422,127.14729736450687,1185.0058867480761,153.99288203345532,0.0,2
340,129,1167.8910600982579,197.88688673646425,1174.5850308295257,210.39389226685523,0.0,2
340,131,528.4777627354157,672.8094507016795,645.7520482428324,824.6589592405953,0.0,2
340,132,1184.8623901947599,93.54787107237902,1225.7426844343402,137.9691171442804,0.0,1
340,137,1291.927518887052,100.20760227625725,1309.9730655487033,125.88742694553054,0.0,2
341,7,999.9180235333694,214.34916206227842,1024.327544308232,257.1937390636101,0.7607421875,2
341,8,1573.4718008081518,66.04443115656228,1597.5281991918482,103.41012067047814,0.3310546875,2
341,10,1183.4713050280343,96.91835854033393,1225.5916523568576,139.2670569599018,0.33984375,1
341,11,1159.6683236519618,158.82809795122057,1180.6225097175975,197.78200846715905,0.591796875,2
341,13,1552.8497905487623,23.643544843952597,1582.8659090619053,55.983313046159324,0.439697265625,1
341,65,1773.8757148703876,484.1031611851819,1914.9614517796406,625.5727678473778,0.0,2
341,67,630.6077021465541,696.882607076959,743.9558109846979,806.5052504021122,0.0,2
341,76,1682.0860871018235,472.04870506310425,1773.5981414346136,581.5148720007352,0.0,2
341,104,555.585198342539,692.8679109594074,724.9457264387022,814.3416513429462,0.0,2
341,105,1361.401635919165,47.74985083780654,1378.9371022166888,69.44411581106299,0.0,2
341,116,1281.1678506860883,104.01189196517606,1298.4247206306993,132.2046771167465,0.5947265625,2
341,118,520.4129037908878,684.2695967722124,599.6618332932903,824.4414325183259,0.291748046875,2
341,126,511.7941535926385,667.1130987384162,752.9058046162127,826.4684200132916,0.79052734375,2
341,127,1118.6976211930344,149.06151915048193,1121.523850122073,151.36112792226118,0.0,2
341,128,1162.0223826275455,128.00860340267585,1184.6331759374907,154.514213052493,0.0,2
341,129,1166.566194861554,200.91943597216778,1172.4832126063461,211.9747828666528,0.0,2
341,131,517.1069518916149,675.0024608299834,634.5505967772177,827.0712705052235,0.0,2
341,132,1184.6127372585727,93.69647145020629,1225.4014974765762,138.01825486829424,0.0,1
341,137,1292.7496342324778,100.44524439483851,1310.5089051665987,125.71768257511533,0.0,2
342,7,995.3514338018912,215.40704087188368,1020.0167026808825,258.866123080347,0.56005859375,2
342,8,1573.516052692538,66.12965641991389,1597.4839473074617,103.34284106207737,0.325927734375,2
342,10,1184.4768999738365,97.3402925421691,1226.2336528931442,138.94038873448102,0.39599609375,1
342,11,1157.618424208261,164.54938394868967,1177.3282026864704,200.7786250447369,0.6513671875,2
342,13,1553.6214794799487,23.830134593798498,1583.5858954635587,56.107417650934586,0.462890625,1
342,65,1774.1809945140565,484.24372101610646,1915.2512474350176,625.6968942960942,0.0,2
342,67,618.586633051821,698.4321043843333,732.3905906364813,808.4930281973059,0.0,2
342,76,1681.909607381707,471.702471141331,1773.7593654360676,581.5733689774343,0.0,2
342,104,541.397928606445,694.0376765090251,711.6135427198889,816.1244329495769,0.0,2
342,105,1361.260196101323,47.78423769505235,1378.8278859946804,69.51833307986209,0.0,2
342,116,1279.294957424801,106.05803077568046,1296.103113154698,133.81063881026438,0.6298828125,2
342,118,514.8949667454568,683.1160648308959,603.8015457225283,832.3581330018226,0.484375,2
342,126,495.6160274389228,679.0411040937938,729.7013353718881,834.7280719317827,0.865234375,2
342,127,1117.042546065159,150.58145368660084,1118.3470946967884,151.64292169479987,0.0,2
342,128,1161.9396599551708,128.86990944084485,1184.2604647434034,155.03554407153072,0.0,2
342,129,1165.2413296786233,203.95198520787127,1170.3813943293933,213.55567346645034,0.0,2
342,131,505.7361410596448,677.1954709582874,623.3491452997723,829.4835817698518,0.0,2
342,132,1184.3630843227522,93.84507182803355,1225.0603105184455,138.06739259230804,0.0,1
342,137,1293.5717495787865,100.68288651341977,1311.0447447836113,125.54793820470015,0.0,2
343,7,991.8893491758759,216.51114907366798,1016.3600291229824,259.7078109600636,0.74169921875,2
343,8,1573.5304168876128,66.16280746306347,1597.4695831123872,103.31780860863063,0.32421875,2
343,10,1184.8088826857215,96.86822705581318,1226.5570258256048,138.4404690737898,0.517578125,1
343,11,1154.549905169367,167.0567165276424,1174.4897586995498,203.5348722817555,0.67041015625,2
343,13,1553.91014247545,23.898710782938515,1583.8588089251814,56.15289901612852,0.455078125,1
343,65,1774.486274262841,484.38428084703105,1915.5410429852786,625.8210207448105,0.0,2
343,67,606.5655533106318,699.9816016917077,720.8253809347207,810.4808059924995,0.0,2
343,76,1681.7331300381907,471.3562372195578,1773.920587060921,581.6318659541333,0.0,2
343,104,527.2106568129404,695.2074420586428,698.2813610584865,817.9072145562075,0.0,2
343,105,1355.199854418383,52.729619855901944,1372.3962117500682,74.48073077624555,0.254638671875,2
343,116,1277.5731511637534,106.23041953980153,1294.3188857760608,134.19772777925445,0.5947265625,2
343,118,497.50163225638977,683.8673843691048,590.5292258003127,838.1929606927349,0.5830078125,2
343,126,479.90877846755654,682.0945889699761,714.4316825492841,839.279034335338,0.86083984375,2
343,127,1115.3874708786914,152.10138822271978,1115.1703393300966,151.92471546733856,0.0,2
343,128,1161.8569376662974,129.73121547901385,1183.8877531658145,155.55687509056844,0.0,2
343,129,1163.9164645494657,206.9845344435748,1168.2795759986675,215.13656406624796,0.0,2
343,131,481.8165946449471,710.3395878108361,578.6826873003683,839.0652567604143,0.28369140625,2
343,132,1184.113431387298,93.99367220586082,1224.7191235599478,138.11653031632187,0.0,1
343,137,1294.393864925978,100.92052863200104,1311.5805843997414,125.37819383428494,0.0,2
344,7,990.6890719385815,216.8860726367472,1015.065198706204,259.98858797434593,0.74169921875,2
344,8,1573.5335086163254,66.17581781422548,1597.4664913836748,103.30894623131108,0.322509765625,2
344,10,1184.8274811156932,96.56436410694971,1226.801643395003,138.37995067525173,0.521484375,1
344,11,1153.4792406039371,167.91261478549933,1173.5562076332824,204.48450672687594,0.67041015625,2
344,13,1554.0147590720314,23.922457224821752,1583.9610358518887,56.16852761450538,0.455078125,1
344,65,1774.7915541167417,484.52484067795564,1915.830838430424,625.945147193527,0.0,2
344,67,594.5444629229867,701.5310989990822,709.2601818794162,812.4685837876933,0.0,2
344,76,1681.556655071275,471.0100032977845,1774.0818063091745,581.6903629308324,0.0,2
344,104,513.023382962025,696.3772076082605,684.9491814544948,819.6899961628382,0.0,2
344,105,1354.9549834972443,53.02324018698552,1371.8582567027397,74.7853362836124,0.26220703125,2
344,116,1277.0162688100131,106.27009927920888,1293.6366683905105,134.3197886016016,0.5947265625,2
344,118,490.6764148131189,684.1723434156985,585.8244102047984,840.4232900206056,0.58154296875,2
344,126,474.8985557174568,683.1672838639779,708.6019579070606,840.8841885828365,0.861328125,2
344,127,1113.732395633631,153.62132275883872,1111.993584021997,152.20650923987728,0.0,2
344,128,1161.774215760926,130.59252151718283,1183.5150412047242,156.0782061096061,0.0,2
344,129,1162.591599474081,210.0170836792783,1166.1777576141685,216.71745466604548,0.0,2
344,131,478.0666107515067,714.3949784624241,570.8653530132224,840.5741760947145,0.281494140625,2
344,132,1183.863778452211,94.14227258368808,1224.377936601084,138.16566804033567,0.0,1
344,137,1295.2159802740525,101.15817075058231,1312.1164240149883,125.20844946386977,0.0,2
345,7,989.2265683917137,216.8636249430826,1013.7900316087811,260.4339921718053,0.75341796875,2
345,8,1573.464115962326,66.05711214715218,1597.5358840376741,103.43016291115187,0.33642578125,2
345,10,1185.0573376979983,96.20019003843498,1227.6794782501215,138.60733443872735,0.46484375,1
345,11,1151.8720361180374,168.6759963148138,1172.569612194811,205.7923708759696,0.658203125,2
345,13,1554.0987327726464,24.115370454336322,1583.9488404463832,56.23493813414513,0.466796875,1
345,65,1775.096834075758,484.6654005088802,1916.120633770453,626.0692736422433,0.0,2
345,67,579.9422709417931,703.8168612684303,699.6103021639898,822.8381379384073,0.509765625,2
345,76,1681.3801824809593,470.6637693760113,1774.2430231808275,581.7488599075316,0.0,2
345,104,498.8361070536989,697.5469731578781,671.6170039079138,821.4727777694687,0.0,2
345,105,1354.931422911588,53.154474831756744,1371.6138990718916,74.95157678733631,0.29345703125,2
345,116,1276.1384739728082,106.25834501075704,1293.1288198895952,135.33498765958797,0.6298828125,2
345,118,478.91076087373244,686.4650635303359,575.494893659649,843.6014172739766,0.6689453125,2
345,126,466.74926122220774,686.9355934978587,696.327935301058,842.8495254778867,0.67578125,2
345,127,1112.0773203299782,155.14125729495763,1108.8168287724902,152.48830301241597,0.0,2
345,128,1161.6914942390558,131.45382755535184,1183.142328860132,156.59953712864382,0.0,2
345,129,1161.2667344524696,213.04963291498183,1164.0759391758968,218.29834526584307,0.0,2
345,131,466.27326312413754,719.4130552958131,557.5203347867554,843.4825423479932,0.0,2
345,132,1183.61412551749,94.29087296151535,1224.036749641853,138.2148057643495,0.0,1
345,137,1296.03809562301,101.39581286916358,1312.6522636293525,125.03870509345457,0.0,2
346,7,985.6768119029366,218.0616808176714,1010.5329367048785,262.0584809507108,0.6494140625,2
346,8,1573.3399121172906,65.70374666383874,1597.6600878827094,103.53801775372742,0.350341796875,2
346,10,1184.498835861169,95.5686373504937,1227.6789650181956,138.6944370168097,0.418701171875,1
346,11,1149.2154183178122,167.92179718925448,1170.4166689703497,205.74443397026243,0.67578125,2
346,13,1554.0965736956443,24.12387659568191,1583.9716045985895,56.25850200969403,0.4765625,1
346,65,1775.4021141398903,484.8059603398048,1916.4104290053667,626.1934000909597,0.0,2
346,67,570.5969486672117,705.1411436104445,686.043588289286,823.1629718157008,0.55810546875,2
346,76,1681.203712267244,470.31753545423805,1774.4042376758803,581.8073568842307,0.0,2
346,104,484.64882908796204,698.7167387074958,658.2848284187437,823.2555593760993,0.0,2
346,105,1354.930000732541,53.09744591402723,1371.5531668500228,75.12299661684185,0.329345703125,2
346,116,1275.1165628894407,105.68748071180678,1292.701994974951,135.75992878699162,0.615234375,2
346,118,472.9947701753922,691.7219114037953,571.561943870468,847.1587795214697,0.8662109375,2
346,126,458.2954264796662,694.2279487188567,679.1561525403794,844.4585782157974,0.552734375,2
346,128,1161.6087731006876,132.31513359352084,1182.7696161320384,157.12086814768153,0.0,2
346,129,1159.941869484631,216.08218215068533,1161.9741206838519,219.87923586564062,0.0,2
346,131,454.47991414067513,724.4311321292023,544.1753179163816,846.390908601272,0.0,2
346,132,1183.3644725831361,94.43947333934261,1223.695562682256,138.2639434883633,0.0,1
346,137,1296.86021097285,101.63345498774484,1313.1881032428337,124.86896072303938,0.0,2
347,7,984.4030102833317,218.48374862760272,1009.3988768674005,262.6438945327866,0.64794921875,2
347,8,1573.3402128352182,65.6327275722767,1597.659787164782,103.51710211270711,0.350341796875,2
347,10,1184.3353937262343,95.33022345747962,1227.6383327521319,138.72809386873305,0.43017578125,1
347,11,1148.2460596525607,167.59336842914698,1169.698918371155,205.68629623326711,0.67578125,2
347,13,1554.064912825525,24.12459922834042,1584.0053594526596,56.327890781178255,0.474609375,1
347,65,1775.7073943091382,484.9465201707294,1916.700224135164,626.317526539676,0.0,2
347,67,568.173875936259,705.5916529019204,680.621157344741,823.24582906347,0.56201171875,2
347,76,1681.0272444301293,469.97130153246485,1774.5654497943328,581.8658538609297,0.0,2
347,104,470.4615490648144,699.8865042571135,644.9526549869842,825.03834098273,0.0,2
347,105,1355.0032997326175,53.06313161440269,1371.4929756728739,75.17348104867332,0.325927734375,2
347,116,1274.7513406145556,105.45043920033652,1292.5707990417359,135.90239481819975,0.615234375,2
347,118,470.1516800289502,693.7581304010968,570.8934067455158,848.4222158028208,0.8671875,2
347,126,455.5140067703724,696.8776088705819,672.853634412661,844.922802167213,0.5439453125,2
347,128,1161.5260523458207,133.17643963168982,1182.3969030204432,157.64219916671922,0.0,2
347,129,1158.6170045705655,219.11473138638885,1159.8723021380338,221.4601264654382,0.0,2
347,131,442.6865638011195,729.4492089625915,530.8303024021011,849.2992748545507,0.0,2
347,132,1183.1148196491486,94.58807371716988,1223.3543757222917,138.31308121237714,0.0,1
347,137,1297.682326323573,101.8710971063261,1313.7239428554321,124.69921635262418,0.0,2
348,7,980.1766350078099,218.610203609707,1005.9703624107327,264.31623935812144,0.67041015625,2
348,8,1573.2139390142656,65.36085207197634,1597.7860609857341,103.7557264630565,0.3720703125,2
348,10,1183.8968614705275,94.3797759936453,1228.0088962620457,138.86451126062872,0.517578125,1
348,11,1144.4118052885656,168.41512604961198,1167.1075319770946,208.58901914070623,0.63330078125,2
348,13,1554.0249942831686,24.06067019736226,1584.0409389118768,56.35256140458783,0.466796875,1
348,65,1776.012674583502,485.087080001654,1916.9900191598458,626.4416529883924,0.0,2
348,67,550.8069777484633,711.615362353,657.4084690832071,825.1666951376654,0.46875,2
348,76,1680.8507789696146,469.6250676106916,1774.7266595361848,581.9243508376288,0.0,2
348,104,456.27426698425603,701.0562698067312,631.6204836126356,826.8211225893606,0.0,2
348,105,1355.0204162186901,52.91388212736512,1371.5179210034244,75.30126681202444,0.33984375,2
348,116,1271.7289230280096,104.5461529709885,1290.57853126025,136.7285534016073,0.609375,2
348,118,451.69548551371815,707.2545231663336,549.4702298351206,853.6997284689279,0.33642578125,2
348,126,443.8048458354183,715.5221926394954,645.9967118847219,852.5044721473907,0.438720703125,2
348,128,1161.4433319744555,134.03774566985882,1182.0241895253464,158.1635301857569,0.0,2
348,129,1157.2921397102732,222.14728062209235,1157.770483538443,223.04101706523576,0.0,2
348,131,428.19715867768724,724.3973218887421,521.1994781686644,854.742641898235,0.59814453125,2
348,132,1182.8651667155277,94.73667409499714,1223.0131887619611,138.36221893639095,0.0,1
348,137,1298.504441675179,102.10873922490738,1314.2597824671475,124.529471982209,0.0,2
349,7,977.253914410989,219.3690451891196,1003.2111420549501,265.1652793017054,0.72021484375,2
349,8,1573.2546036908618,65.50626667139105,1597.7453963091384,103.84536117675142,0.3701171875,2
349,10,1183.7596148854786,93.77960548305425,1228.1278614650269,138.79377078153834,0.529296875,1
349,11,1141.423542604283,169.18898570797063,1164.8570923370303,210.62443997406703,0.56396484375,2
349,13,1554.0585051366188,24.15841256411874,1584.001207752994,56.360305643029385,0.478515625,1
349,65,1776.317954962982,485.2276398325786,1917.2798140794118,626.5657794371087,0.0,2
349,67,533.5547189167024,713.3506754731054,641.2217428576663,830.2871424462717,0.315673828125,2
349,76,1680.6743158857003,469.2788336889184,1774.8878669014364,581.982847814328,0.0,2
349,104,442.0869828462869,702.2260353563489,618.2883142956975,828.6039041959914,0.0,2
349,105,1355.0529492278445,52.78620840588904,1371.5301266311035,75.39925179083187,0.363037109375,2
349,116,1270.3381511263512,104.79840392791846,1289.1420856729342,137.03019100393206,0.57568359375,2
349,118,436.38587875165064,707.1772471993039,540.7772896658065,860.5987200983277,0.5849609375,2
349,126,420.2613884868,710.5563738309883,638.8683887137175,860.3511440236207,0.8662109375,2
349,128,1161.360611986592,134.8990517080278,1181.6514756467477,158.6848612047946,0.0,2
349,129,1155.9672749037538,225.17982985779588,1155.668664885079,224.62190766503335,0.0,2
349,131,415.935138914949,728.2902915966353,508.4368874631885,857.9342412870737,0.0,2
349,132,1182.6155137822736,94.8852744728244,1222.672001801264,138.41135666040478,0.0,1
349,137,1299.3265570276676,102.34638134348864,1314.79562207798,124.3597276117938,0.0,2
350,7,976.1399895638529,219.50737091680264,1002.3335242250059,265.5768987618175,0.7216796875,2
350,8,1573.2835193295382,65.44159089964299,1597.716480670462,103.7547487461772,0.3720703125,2
350,10,1183.8378391873505,93.67872290549234,1228.0513477442191,138.7661361301387,0.5234375,1
350,11,1140.323692073625,169.45783588490232,1164.0539659725018,211.3772981368404,0.56201171875,2
350,13,1554.0662509271563,24.224717099054672,1583.9868136237337,56.39267690291072,0.48046875,1
350,65,1776.6232354475776,485.36819966350316,1917.5696088938619,626.6899058858252,0.0,2
350,67,528.0596400932135,713.949113078401,634.9411168992691,832.1169042260822,0.338134765625,2
350,76,1690.5203917472631,485.55069800743445,1771.450884032715,580.88019168848,0.262939453125,2
350,104,427.899696650907,703.3958009059666,604.9561470361704,830.386685802622,0.0,2
350,105,1355.1736310567678,52.82110813270045,1371.4538810155248,75.36325619622207,0.36474609375,2
350,116,1269.8871025112792,105.00973483071454,1288.564253941359,137.1221849415361,0.5830078125,2
350,118,430.19774819571967,706.8901828563128,538.4870746298151,863.5422174099525,0.59814453125,2
350,126,412.915398740206,708.9193836796829,635.4847510526351,863.0616680094005,0.8623046875,2
350,128,1161.27789238223,135.7603577461968,1181.2787613846476,159.20619222383232,0.0,2
350,129,1154.6424101510077,228.21237909349938,1153.566846177942,226.2027982648309,0.0,2
350,131,403.6731184045731,732.1832613045284,495.67429750535007,861.1258406759124,0.0,2
350,132,1182.365860849386,95.03387485065167,1222.3308148402002,138.46049438441858,0.0,1
350,137,1300.1486723810394,102.58402346206991,1315.33146168793,124.18998324137861,0.0,2
351,7,974.0674672127321,221.6242446065645,999.8885749935176,267.0535494406511,0.68603515625,2
351,8,1573.2389500579056,65.29565950648652,1597.7610499420944,103.84263707212105,0.385009765625,2
351,10,1182.7053405959443,93.6492820551436,1227.224672466405,139.00143088106077,0.53515625,1
351,11,1138.1385021293852,171.2346990425619,1161.7536869194098,212.84150826121234,0.70556640625,2
351,13,1554.1140066709686,24.371881582283088,1583.9329484296723,56.40348887307686,0.490234375,1
351,65,1776.928516037289,485.50875949442775,1917.859403603196,626.8140323345415,0.0,2
351,67,522.1597833113312,716.8045606611745,624.5275669610459,832.2304161773943,0.611328125,2
351,76,1690.7589566996326,485.8497881385632,1771.4465375607049,580.8935980648383,0.0,2
351,104,413.7124083981164,704.5655664555843,591.6239818340539,832.1694674092527,0.0,2
351,105,1355.185533018706,52.61008613075437,1371.4861228524353,75.3990656089803,0.383056640625,2
351,116,1269.4656729572437,104.65292719757201,1288.66917227828,137.93336453303453,0.59814453125,2
351,118,422.5713316743311,709.3870814761063,532.8813243655094,866.0139252501326,0.55810546875,2
351,126,401.60907976189424,711.2872973978108,623.6639034398122,866.8903959162344,0.7880859375,2
351,128,1161.1951731613697,136.6216637843658,1180.906046739046,159.72752324287003,0.0,2
351,129,1153.3175454520342,231.2449283292029,1151.4650274170315,227.7836888646285,0.0,2
351,131,391.41109714655954,736.0762310124215,482.9117082951493,864.3174400647512,0.0,2
351,132,1182.1162079168653,95.18247522847894,1221.9896278787699,138.5096321084324,0.0,1
351,137,1300.970787735294,102.82166558065117,1315.8673012969966,124.02023887096341,0.0,2
352,7,972.4358792197527,223.7671179049274,998.0096837529118,268.44818824503136,0.61669921875,2
352,8,1573.272600204597,65.30432009502672,1597.727399795403,103.81322071980603,0.37939453125,2
352,10,1182.3219199580808,93.52294706975078,1226.871193319513,138.8448907322883,0.63525390625,1
352,11,1136.1236052836339,173.36195583825094,1159.2430112654554,213.84979185317476,0.73095703125,2
352,13,1554.1481790466742,24.518494393538415,1583.8931631578328,56.43721210961573,0.50390625,1
352,65,1777.2337967321164,485.64931932535234,1918.1491982074144,626.9381587832579,0.0,2
352,67,510.63219105593794,718.6926842404321,613.2764417305616,834.43040958554,0.0,2
352,76,1690.997520513862,486.1488782696919,1771.4421922268348,580.9070044411968,0.0,2
352,104,399.5251180879151,705.7353320052019,578.2918186893484,833.9522490158832,0.0,2
352,105,1355.3527805723904,52.89369221382767,1371.3546767965229,75.40398692561558,0.392333984375,2
352,116,1268.888516986816,104.69510632221657,1288.201979678927,138.40913437256955,0.53125,2
352,118,411.7694473614414,716.9154770814185,522.1741217311236,870.7538707480124,0.3115234375,2
352,126,392.3565678813371,715.520240477053,611.672027398951,870.6762519045405,0.8662109375,2
352,128,1161.112454324011,137.48296982253478,1180.5333317099428,160.2488542619077,0.0,2
352,129,1151.9926808068342,234.2774775649064,1149.3632086023485,229.36457946442604,0.0,2
352,131,379.1490751409084,739.9692007203147,470.1491198325862,867.5090394535899,0.0,2
352,132,1181.866554984711,95.3310756063062,1221.6484409169727,138.55876983244622,0.0,1
352,137,1301.7929030904313,103.05930769923245,1316.4031409051806,123.85049450054824,0.0,2
353,7,971.8692936514552,224.5395187725084,997.4399500060595,268.9355066135459,0.615234375,2
353,8,1573.2642925438197,65.12480745985961,1597.7357074561803,103.73900786816417,0.3701171875,2
353,10,1182.1715708439035,93.48253342228355,1226.7549424037632,138.7843329919003,0.638671875,1
353,11,1135.34792581611,173.88491436506183,1158.4617414002148,214.1812108411633,0.7294921875,2
353,13,1554.1508960030635,24.602294643761244,1583.8854886562883,56.479669269369936,0.501953125,1
353,65,1777.5390775320595,485.7898791562769,1918.4389927065167,627.0622852319742,0.0,2
353,67,499.1045991269158,720.5808078196897,602.0253161737062,836.6304029936857,0.0,2
353,76,1691.2360831899512,486.4479684008206,1771.4378480311047,580.9204108175552,0.0,2
353,104,385.33782572030304,706.9050975548196,564.9596576020535,835.7350306225138,0.0,2
353,105,1355.4263092460287,52.96507015486863,1371.3178783896653,75.45732642213035,0.39599609375,2
353,116,1268.70937186184,104.5832305846694,1288.0437549721903,138.57373628064954,0.529296875,2
353,118,407.76277878731764,720.4732081227202,518.7345078940338,872.4260098934584,0.31494140625,2
353,126,389.85268406790397,717.024083007911,606.9875085559569,871.9763917930218,0.8662109375,2
353,128,1161.029735870154,138.3442758607038,1180.1606162973378,160.7701852809454,0.0,2
353,129,1150.667816215407,237.31002680060993,1147.2613897338922,230.94547006422363,0.0,2
353,131,366.88705238761963,743.8621704282078,457.3865321176607,870.7006388424286,0.0,2
353,132,1181.6169020529233,95.47967598413346,1221.3072539548089,138.60790755646005,0.0,1
353,137,1302.6150184464516,103.29694981781371,1316.938980512482,123.68075013013303,0.0,2
354,7,966.7329969967944,224.91691555693367,992.366254596624,269.45523444626843,0.68603515625,2
354,8,1573.1412746387552,64.6886738589854,1597.858725361245,103.83360082993796,0.403564453125,2
354,10,1181.968124619562,93.53606300007165,1226.8724145024034,138.82287587960332,0.73095703125,1
354,11,1130.5268150450072,175.4083118543572,1153.9129016218699,216.37180707273757,0.67724609375,2
354,13,1554.0930586063619,24.538023368477507,1583.9390017895837,56.52539398641821,0.517578125,1
354,65,1777.8443584371187,485.9304389872015,1918.7287871005035,627.1864116806906,0.0,2
354,67,487.57700752426484,722.4689313989472,590.7741902904797,838.8303964018315,0.0,2
354,76,1690.0538069169497,485.3825061541534,1772.0265743251737,581.222014342292,0.2822265625,2
354,104,371.1505312952802,708.0748631044373,551.6274985721693,837.5178122291445,0.0,2
354,105,1354.63845876846,52.58417113907581,1370.1554725554909,75.09857008270177,0.414794921875,2
354,116,1266.7446697027665,108.43816864528794,1285.0613424488558,140.56972009800393,0.544921875,2
354,118,387.5233777235779,717.2600143590192,507.1072175465783,879.8699980085544,0.26513671875,2
354,126,367.3938035650889,716.9887477948225,592.0084054421422,879.742136713746,0.8955078125,2
354,128,1160.9470177997985,139.2055818988728,1179.7879005012314,161.29151629998313,0.0,2
354,129,1149.3429516777528,240.34257603631343,1145.159570811663,232.52636066402118,0.0,2
354,131,354.6250288866932,747.755140136101,444.6239451503728,873.8922382312674,0.0,2
354,132,1181.3672491215023,95.62827636196073,1220.9660669922785,138.65704528047385,0.0,1
354,137,1303.4371338033548,103.53459193639497,1317.4748201189002,123.51100575971785,0.0,2
355,7,962.1475890813025,227.25566911942352,987.3305501785522,270.60889461837854,0.65673828125,2
355,8,1573.186528281133,64.77255441794433,1597.8134717188673,103.86877448303883,0.39599609375,2
355,10,1182.905230177735,93.68636113461596,1227.8927814325295,138.71405518011767,0.77978515625,1
355,11,1127.5253589926126,176.56373467595213,1150.567487660461,217.28205450431517,0.69091796875,2
355,13,1554.0673640487169,24.51135251333641,1583.9609768189562,56.541317342667384,0.5234375,1
355,65,1778.1496394472936,486.0709988181261,1919.0185813893743,627.310538129407,0.0,2
355,67,476.04941624798505,724.3570549782047,579.5230640808822,841.0303898099771,0.0,2
355,76,1689.9775774586979,485.59439146688527,1772.0893506047166,580.9950578357788,0.309814453125,2
355,104,356.96323481284657,709.244628654055,538.2953415996959,839.3005938357752,0.0,2
355,105,1354.5236451880717,52.7445031716151,1369.550267779095,75.0180317114481,0.42822265625,2
355,116,1266.11124434943,111.3167160451953,1283.8531474322338,142.32341114787548,0.54296875,2
355,118,370.05995439569455,724.2414821605039,488.5860020219306,885.4641323279142,0.29736328125,2
355,126,353.2599947148693,722.2518081357017,576.1143450793198,885.9637663173389,0.896484375,2
355,128,1160.8643001129444,140.06688793704177,1179.415184321623,161.81284731902082,0.0,2
355,131,342.3630046381292,751.6481098439942,431.86135893072253,877.0838376201062,0.0,2
355,132,1181.1175961904478,95.776876739788,1220.6248800293815,138.70618300448768,0.0,1
355,137,1304.2592491611406,103.77223405497624,1318.0106597244353,123.34126138930264,0.0,2
356,7,960.4629547498357,228.10115789449014,985.5921908043981,271.0046012543596,0.65673828125,2
356,8,1573.2211347704795,64.80914149122582,1597.7788652295203,103.88126679455117,0.394287109375,2
356,10,1183.2342037024678,93.81120196290362,1228.319394862811,138.61082150393605,0.78125,1
356,11,1126.5215678312006,176.96185390898245,1149.3222177797873,217.5788234178492,0.69091796875,2
356,13,1552.9199788225983,24.49917466611964,1583.122609964971,56.5459785854615,0.525390625,1
356,65,1778.4549205625844,486.2115586490507,1919.3083755731293,627.4346645781234,0.0,2
356,67,464.52182529807635,726.2451785574623,568.2719375449134,843.2303832181229,0.0,2
356,76,1689.7001218059584,485.41151623933723,1772.3606256831924,581.1706209510161,0.319091796875,2
356,104,342.77593627300223,710.4143942036726,524.9631866846333,841.0833754424058,0.0,2
356,105,1354.5751754345645,53.050096912339576,1369.25002060623,75.23042417163802,0.449462890625,2
356,116,1265.89875476347,112.35637314056349,1283.4602169298919,142.94404231927152,0.546875,2
356,118,363.50073563675335,726.9375135713376,481.54213509888103,887.4973514800736,0.3310546875,2
356,126,349.0260974617229,724.2053335037868,569.5915995721541,888.2327348828115,0.8916015625,2
356,128,1160.7815828095922,140.92819397521077,1179.0424677585133,162.3341783380585,0.0,2
356,131,330.10097964192755,755.5410795518874,419.09877345870984,880.275437008945,0.0,2
356,132,1180.86794325976,95.92547711761526,1220.2836930661178,138.7553207285015,0.0,1
356,137,1305.0813645198095,104.00987617355752,1318.546499329088,123.17151701888747,0.0,2
357,7,958.7549043380667,228.12540615846413,984.2272591678093,271.3681996232466,0.615234375,2
357,8,1572.9164619693167,63.77591329434638,1598.083538030683,104.07044596888446,0.42822265625,2
357,10,1182.4255662212852,94.73052125418005,1227.4335609684733,138.9441637402246,0.7138671875,1
357,11,1125.2861452153206,177.81549103395835,1147.8962842351102,218.38957444864937,0.61669921875,2
357,13,1552.3594024119777,24.523794587860664,1582.9333933590497,56.70136885703016,0.470703125,1
357,65,1778.7602017829909,486.3521184799753,1919.598169651768,627.5587910268397,0.0,2
357,67,452.99423467453886,728.1333021367199,557.0208106825735,845.4303766262688,0.0,2
357,76,1689.7835825020277,485.51858131442964,1772.3800331714322,581.2036895060769,0.0,2
357,104,328.5886356757472,711.5841597532904,511.6310338269815,842.8661570490365,0.0,2
357,105,1354.4676993763785,52.477852005384506,1369.2861199787753,75.36789383204443,0.46875,2
357,116,1264.4974634704708,112.14928091963338,1282.7023021022048,143.95900522831545,0.4697265625,2
357,118,347.1162624210681,738.958138912004,456.7116299941356,891.0788717088268,0.52734375,2
357,126,337.95042649054284,725.5839948572275,559.2790176092608,892.3827829547962,0.7431640625,2
357,128,1160.6988658897415,141.78950001337975,1178.6697508119018,162.8555093570962,0.0,2
357,131,317.83895389808833,759.4340492597805,406.3361887343348,883.4670363977837,0.0,2
357,132,1180.6182903294389,96.07407749544252,1219.9425061024876,138.80445845251532,0.0,1
357,137,1305.9034798793612,104.24751829213878,1319.0823389328575,123.00177264847227,0.0,2
358,7,956.116576180234,230.08812774339881,980.9263307537633,271.72370330409524,0.6533203125,2
358,8,1572.847092014615,63.330042821193004,1598.1529079853851,104.07961899990693,0.435791015625,2
358,10,1181.7025929120423,94.45864783023035,1227.5182452990082,138.94618828728045,0.72021484375,1
358,11,1123.8861563280855,179.58621395262713,1145.4799906658066,218.6550684375765,0.57958984375,2
358,13,1552.1106584759655,24.56252628854937,1582.906551526219,56.727803548283454,0.4609375,1
358,65,1779.0654831085135,486.49267831089986,1919.8879636252916,627.6829174755561,0.0,2
358,67,443.1974212136971,737.5462356011731,545.2307101286441,857.4102494079908,0.39599609375,2
358,76,1690.1428565859346,487.10399634411357,1771.9134447337954,581.2472023122152,0.282958984375,2
358,104,314.4013330210813,712.753925302908,498.2988830267403,844.648938655667,0.0,2
358,105,1354.489799480707,52.32345660812432,1369.2512115046525,75.59961501721729,0.453369140625,2
358,116,1263.0782217153421,112.36409550990436,1281.4047263444825,144.744925483617,0.470703125,2
358,118,339.9273063273433,736.4070712721635,454.5650693786937,895.2683160274521,0.8642578125,2
358,126,328.8420015806398,728.466233521392,546.9160729656718,894.8130952730359,0.390380859375,2
358,128,1160.6161493533925,142.65080605154876,1178.2970334817892,163.3768403761339,0.0,2
358,131,305.57692740661145,763.3270189676737,393.57360475759737,886.6586357866224,0.0,2
358,137,1306.725595239796,104.48516041072004,1319.6181785357444,122.83202827805708,0.0,2
359,7,955.1711809623196,230.7863996604322,979.8733263858594,271.81617907047905,0.6533203125,2
359,8,1572.8287289441798,63.10369172374888,1598.17127105582,104.1427888242853,0.43408203125,2
359,10,1181.2948671601293,94.35696172492433,1227.6950111151982,138.9463240398856,0.72314453125,1
359,11,1123.5026156238146,180.21138453887335,1144.618668005757,218.7021170024045,0.58154296875,2
359,13,1551.9346358495568,24.544705915910527,1582.987753237926,56.76706643995831,0.4609375,1
359,65,1779.3707645391517,486.63323814182445,1920.1777574936987,627.8070439242724,0.0,2
359,67,441.46976686154255,738.644573561706,540.3723278063785,858.757695945616,0.394287109375,2
359,76,1690.0967251934376,487.4651714287094,1771.9452754962279,581.2598914009261,0.28466796875,2
359,104,300.21402830900473,713.9236908525257,484.9667342839099,846.4317202622979,0.0,2
359,105,1354.589670103343,52.26244803052559,1369.1655318978635,75.68394932375404,0.45703125,2
359,116,1262.6230731387786,112.42018020962864,1280.8848009059625,145.01679193138938,0.4697265625,2
359,118,337.4046767982487,735.462428275288,453.952163838843,896.7335653021755,0.86328125,2
359,126,326.6505685736714,729.7166993294737,541.7484994459047,895.5869676983457,0.383056640625,2
359,128,1160.533433200545,143.51211208971776,1177.9243157681744,163.89817139517163,0.0,2
359,131,293.31490016749694,767.2199886755668,380.8110215284976,889.8502351754612,0.0,2
359,137,1307.5477106011133,104.7228025293013,1320.1540181377484,122.66228390764188,0.0,2
360,7,949.7328220208109,230.25013266385602,975.7045455162798,273.3328154863146,0.67724609375,2
360,8,1572.9595129732143,63.270195138567345,1598.040487026786,104.04285366843087,0.420654296875,2
360,10,1179.7767113857428,93.700159124692,1227.1547110940828,138.57433294589742,0.75048828125,1
360,11,1119.645470086329,181.9073924918795,1141.1437157901328,220.94108632016236,0.5390625,2
360,13,1551.9208896331154,24.75318586596168,1582.974804693189,56.7493634385293,0.466796875,1
360,65,1761.098579201239,481.89449346973475,1899.0611616176282,623.6421352650805,0.338134765625,2
360,67,423.6617136288254,747.9324317503476,519.747316628076,868.1312323629588,0.462890625,2
360,76,1690.2445052550609,487.7594184560482,1771.8639051081389,581.2915882244654,0.0,2
360,104,286.02672153951744,715.0934564021434,471.6345875984903,848.2145018689284,0.0,2
360,105,1354.8830380079826,53.06776619300025,1368.8951213995038,75.89530908253701,0.486328125,2
360,116,1260.8777124316339,114.01688167481984,1278.3944024795346,145.7053316293102,0.4775390625,2
360,118,320.53670731366265,744.2962043936501,437.0092990420784,905.4781501277956,0.6806640625,2
360,126,305.5228466271111,736.0087540133507,522.2180393910128,905.5965598911949,0.59375,2
360,128,1160.450717431199,144.37341812788674,1177.5515976710583,164.4195024142093,0.0,2
360,131,281.0528721807448,771.11295838346,368.0484390470354,893.0418345643,0.0,2
360,137,1308.3698259633136,104.96044464788258,1320.6898577388693,122.4925395372267,0.0,2
361,7,946.0876590014088,231.51051102414385,972.0206157835686,274.607103758451,0.521484375,2
361,8,1573.0378042653463,63.40419119753825,1597.9621957346537,104.064652324844,0.420654296875,2
361,10,1179.5225649446154,93.45353584586124,1227.6304723561816,138.4335977072285,0.80322265625,1
361,11,1115.0359932767115,182.6261008794193,1137.2149670265383,222.6072581282756,0.541015625,2
361,13,1551.889103496844,24.923816495421384,1583.005747663641,56.77203533707734,0.482421875,1
361,65,1761.366515187744,481.0858259352976,1898.3799704946355,624.3954680195969,0.445556640625,2
361,67,411.2252799209385,754.2961630873675,503.1769022127781,871.5493896202959,0.470703125,2
361,76,1690.392285204494,488.05366548338696,1771.7825348322397,581.3232850480047,0.0,2
361,104,271.8394127126193,716.263221951761,458.3024429704814,849.997283475559,0.0,2
361,105,1354.6230974638909,53.37654455102074,1368.1870852495401,75.72118123830379,0.45703125,2
361,116,1259.0236497760445,116.22495630180036,1275.7160252352448,146.682640530236,0.4072265625,2
361,118,304.63404309440216,749.0775644072229,421.7178538055299,912.1459416797524,0.67236328125,2
361,126,291.46195661152257,739.2849170304061,509.45992163288327,912.198354924491,0.394287109375,2
361,128,1160.3680020453548,145.23472416605574,1177.1788791904405,164.940833433247,0.0,2
361,131,268.7908434463551,775.0059280913531,355.28585731321084,896.2334339531387,0.0,2
361,137,1258.8611098943065,114.93230925773524,1279.1881452437112,146.0498476269796,0.436767578125,2
362,7,944.8110427122509,231.9606555342786,970.70573688418,275.06458035032665,0.51953125,2
362,8,1573.1573528911042,63.58452774868955,1597.8426471088958,103.94845686221646,0.418701171875,2
362,10,1179.273096030258,93.3637635325351,1227.9809285502656,138.381356157303,0.8056640625,1
362,11,1113.3254158256525,182.86153541872594,1135.8482161784614,223.20097091340844,0.541015625,2
362,13,1551.82643850866,24.98585738253697,1583.0758655687214,56.779214967245224,0.482421875,1
362,65,1761.867532616903,480.8194286645488,1897.737904827113,624.6431549891129,0.449462890625,2
362,67,407.4197867279148,756.5781189833535,496.99627974764036,872.688264439726,0.46875,2
362,76,1690.5400650417375,488.34791251072573,1771.7011646685303,581.3549818715439,0.0,2
362,104,257.6521018283105,717.4329875013788,444.9703003998833,851.7800650821898,0.0,2
362,105,1354.5643792489373,53.45676141026615,1367.8986019892238,75.6507320780855,0.458984375,2
362,116,1258.414755713664,117.01988764736274,1274.7253097540706,147.01498784871592,0.405517578125,2
362,118,299.0622142783229,750.7874438958374,415.91512598730964,914.534721810071,0.67041015625,2
362,126,287.2365542371747,740.4433579613519,504.1755780162141,914.5889572101879,0.39892578125,2
362,128,1160.2852870430122,146.09603020422475,1176.8061603263209,165.46216445228472,0.0,2
362,131,256.52881396432775,778.8988977992462,342.52327632702395,899.4250333419774,0.0,2
362,137,1258.8715379426667,115.19164169184,1278.224706611658,146.36938714535597,0.43505859375,2
363,7,942.4402746144867,231.35413383306454,969.3344997244328,276.19685863126114,0.689453125,2
363,8,1573.1870572985626,63.53434408789457,1597.8129427014374,103.9034876515687,0.43017578125,2
363,10,1178.4880067767483,93.2103361196898,1227.8287145282375,138.36311673247462,0.810546875,1
363,11,1111.5082435278011,183.40283015452184,1133.7159648575082,223.38423134182972,0.43212890625,2
363,13,1551.7825216562292,25.161890092100546,1583.1293774108549,56.87376190820966,0.458984375,1
363,65,1759.7086680015059,478.474801508478,1895.8839510364899,624.9848993731897,0.5009765625,2
363,67,396.40805518509507,759.8827556579214,485.93280556814864,875.9291549987724,0.0,2
363,76,1690.6878447667912,488.6421595380645,1771.6197946170107,581.3866786950832,0.0,2
363,104,243.4647888865909,718.6027530509964,431.6381598866959,853.5628466888204,0.0,2
363,105,1354.1519541109474,52.952980419316496,1367.2005663175696,75.1227418040848,0.48046875,2
363,116,1257.6754050319214,117.15587794414631,1273.956862726212,147.36173891299734,0.36474609375,2
363,118,289.01204426981167,749.3514341605363,408.91438917867373,918.2332737230506,0.53125,2
363,126,277.1970523510979,742.7359608263504,493.81612243268216,919.2575369606594,0.806640625,2
363,128,1160.2025724241712,146.95733624239372,1176.4334410787,165.9834954713224,0.0,2
363,131,244.26678373466277,782.7918675071394,329.7606960884746,902.6166327308161,0.0,2
363,137,1259.0702086139224,115.1263335331368,1277.8233888125046,146.55585096103408,0.37939453125,2
363,146,1510.8646109858234,0.0,1525.7989530360749,17.818237126736253,0.30078125,2
364,7,939.0233678223456,232.32945968632296,965.6215507815386,276.8444534264886,0.63525390625,2
364,8,1573.248323473528,63.51920559314543,1597.7516765264718,103.76253497168196,0.43408203125,2
364,10,1178.1850398343136,93.40364843102867,1227.789913473946,138.3577399867258,0.81982421875,1
364,11,1107.7754672005512,182.4516945335389,1130.1806287766917,222.78898938577143,0.34326171875,2
364,13,1551.7216729545578,25.225565396248044,1583.2000229721757,56.90810686147482,0.453369140625,1
364,65,1759.9428740502094,477.3529076377518,1896.16266711063,625.3590511232253,0.55810546875,2
364,67,385.39632223389987,763.1873923324894,474.8693327970325,879.1700455578191,0.0,2
364,76,1690.835624379655,488.9364065654033,1771.5384246776812,581.4183755186225,0.0,2
364,104,229.2774738874606,719.7725186006141,418.30602143091926,855.3456282954511,0.0,2
364,105,1353.5875015810273,53.04048743273824,1366.370960352062,75.17116356506736,0.5,2
364,116,1255.8547210658503,117.30416046434695,1272.3071747841554,147.84057884647757,0.390380859375,2
364,118,278.3910424721209,751.9242012798701,399.37562765484023,922.3295158275964,0.0,2
364,126,264.6380416366093,742.5417142288859,483.43121321412815,923.8315557469546,0.87255859375,2
364,131,232.00475275736017,786.6848372150326,316.9981165975629,905.808232119655,0.0,2
364,137,1257.824048266381,115.31792678357289,1276.1770012683314,147.08362071760297,0.29248046875,2
364,146,1509.8444161886007,0.0,1524.935094606888,17.94205110060959,0.2861328125,2
365,7,937.8401366929498,232.67781858026353,964.2674033744572,277.05697106077406,0.63720703125,2
365,8,1573.2846942066642,63.51729260283714,1597.7153057933356,103.7091082059961,0.43017578125,2
365,10,1177.9538479442467,93.48135697338776,1227.9071703210984,138.35724053773436,0.822265625,1
365,11,1106.4509350271692,182.06691749926125,1128.929120780992,222.53607603178145,0.34326171875,2
365,13,1551.6583452256016,25.24658977516689,1583.2723839302455,56.919579847786395,0.45703125,1
365,65,1760.343394231832,476.9446174383885,1896.0083165234564,625.4971033507359,0.56201171875,2
365,67,374.38458787432916,766.4920290070572,463.8058614342919,882.4109361168655,0.0,2
365,76,1690.9834038803288,489.23065359274204,1771.4570548505412,581.4500723421618,0.0,2
365,104,215.09015683091948,720.9422841502318,404.9738850325534,857.1284099020817,0.0,2
365,105,1353.4485405827877,53.071636976452005,1366.0055809175478,75.18871249393354,0.501953125,2
365,116,1255.2121912619386,117.33305988948601,1271.7265903235873,147.99656016723404,0.38671875,2
365,118,267.7700352479905,754.496968399204,389.8368715574463,926.4257579321425,0.0,2
365,126,261.08638718882844,742.3869426429217,478.62578300276454,925.4508310023689,0.87841796875,2
365,131,219.74272103241995,790.5778069229258,304.23553785428885,908.9998315084938,0.0,2
365,137,1257.553732850679,115.49557925044995,1275.3955230701438,147.14405966638546,0.2958984375,2
365,146,1509.5232781078455,0.0,1524.7112142869207,17.984672211770437,0.28466796875,2
366,7,933.8077903697676,233.4019397548742,960.6115858218279,278.9618776875095,0.546875,2
366,8,1573.2456924630462,63.45798593855886,1597.754307536954,103.87521025279332,0.441650390625,2
366,10,1178.810421430638,93.51356243220614,1229.0048303975304,138.23442637385443,0.83203125,1
366,11,1102.5095924143989,184.36413812820288,1125.1570329895471,224.8805565204438,0.546875,2
366,13,1551.5978101105802,25.127585821790966,1583.3410450124045,56.79840720517235,0.462890625,1
366,65,1764.7735100918342,476.31463555255806,1901.6387949869572,626.0403159416574,0.446533203125,2
366,67,363.37285210638294,769.7966656816251,452.74239147992677,885.6518266759119,0.0,2
366,76,1691.1311832688127,489.5249006200808,1771.375685135591,581.481769165701,0.0,2
366,104,200.90283771696767,722.1120496998494,391.6417506915983,858.9111915087124,0.0,2
366,105,1351.8117310097132,52.584575294599,1364.4942065215753,75.07032068934352,0.546875,2
366,116,1253.2889581383986,118.43312635493572,1269.311307215272,148.03060425391482,0.39794921875,2
366,118,259.5063875627559,768.6879304419609,379.2358777557794,935.090791350662,0.72314453125,2
366,126,246.67747482055643,756.8774202540368,454.27484090745395,933.722043452802,0.74462890625,2
366,131,262.7144974680488,803.9184661652081,361.7027480488589,935.796289386381,0.708984375,2
366,137,1256.5305609576817,115.97931014207585,1274.4461477423833,147.75881189833956,0.0,2
366,146,1508.3910518918672,0.0,1523.58076497592,17.7979157131827,0.285400390625,2
367,7,930.1707141382502,233.77785225653105,957.5894378878588,280.51092581814805,0.60595703125,2
367,8,1573.247427116109,63.50027378850193,1597.752572883891,104.00001615655854,0.43017578125,2
367,10,1177.801911989323,92.78381493017912,1228.7781136403569,137.94127411551784,0.82763671875,1
367,11,1100.0301802933552,185.9530489015965,1122.9087676631088,226.9787396486589,0.474609375,2
367,13,1551.5948106849653,25.142277121896193,1583.3512725259363,56.68954267761542,0.45703125,1
367,65,1765.6360769240746,476.0956238485015,1902.6225747743524,625.7454428563512,0.453369140625,2
367,67,343.28229487373335,778.0373193459601,432.6066127266354,897.6766340390678,0.361083984375,2
367,76,1691.2789625451069,489.8191476474196,1771.294315532831,581.5134659892403,0.0,2
367,105,1351.1420827665554,52.03113731460327,1364.0057732450377,75.0254628858556,0.51171875,2
367,116,1251.9554229566836,118.06554649067155,1268.0993057937867,148.13897800260352,0.287841796875,2
367,118,243.94811626366982,774.5126795569092,363.196508384479,940.2226277853513,0.541015625,2
367,126,233.87034554368887,766.3817548618683,435.41334875313424,939.7142087831286,0.822265625,2
367,131,253.49456838021436,808.3098548255043,352.51697962099536,940.233178303089,0.0,2
367,137,1255.507389339047,116.46304103370176,1273.4967721402604,148.3735641302937,0.0,2
367,146,1508.5473710100684,0.0,1523.7473191995657,17.60036733430039,0.257568359375,2
368,7,928.886535330718,233.8998504298126,956.4962516639405,281.0756142648142,0.60595703125,2
368,8,1573.2631435861645,63.45742398556939,1597.7368564138355,103.98529334440619,0.42626953125,2
368,10,1177.3476833646014,92.51222514860957,1228.7730268541004,137.8328390566532,0.82666015625,1
368,11,1099.1911679143934,186.5259892677284,1122.1266644690102,227.74097424098636,0.474609375,2
368,13,1551.5322559598005,25.145921532133123,1583.4203682622262,56.70999593186181,0.455078125,1
368,65,1765.9242995603663,476.03340846980905,1903.0185758418042,625.6262344271304,0.451416015625,2
368,67,339.97754136848243,779.5496369059806,427.18975200024573,899.5271127422309,0.3486328125,2
368,76,1691.4267417092112,490.11339467475835,1771.212946042261,581.5451628127796,0.0,2
368,105,1350.9389654366753,51.85264782320382,1363.7990772416404,75.00834104174609,0.509765625,2
368,116,1251.5372278159032,117.91638575737329,1267.6517398093072,148.16589920582265,0.285400390625,2
368,118,238.70258591606523,776.4746711344089,357.7986877165248,941.9518624122427,0.5234375,2
368,126,229.52819590965726,768.8049038503929,428.76619322874103,941.7849758681255,0.82421875,2
368,131,244.27463928965295,812.7012434858007,343.3312111958587,944.6700672197971,0.0,2
368,137,1254.4842179947752,116.94677192532765,1272.547396263775,148.98831636224782,0.0,2
368,146,1508.5736606718062,0.0,1523.8984660842486,17.532244804269155,0.257568359375,2
369,7,926.5593181299549,234.6564186330625,954.1997820498997,281.9913573025999,0.6494140625,2
369,8,1573.2188106939989,63.258126285704165,1597.7811893060011,104.04092354267142,0.4609375,2
369,10,1177.4258090357614,92.04343091339193,1229.5178480295149,137.79436323748195,0.8232421875,1
369,11,1097.0513586473874,187.69725549659154,1119.8899681155797,228.48669936490288,0.505859375,2
369,13,1551.479188776457,25.08363710385943,1583.4790313394942,56.65551844721871,0.46484375,1
369,65,1765.9949311508126,476.2762034654444,1903.184306283371,625.8241906333678,0.46875,2
369,67,328.7516361277171,783.0833562183359,416.1744555164478,903.3556159271561,0.0,2
369,76,1691.5745207611258,490.4076417020971,1771.1315766638804,581.5768596363189,0.0,2
369,105,1350.904557059835,51.540988480125044,1363.7124000788565,74.75574153263977,0.5,2
369,116,1248.598268613283,118.83042171437185,1264.4105543739008,148.65347012310622,0.3486328125,2
369,118,226.85305618708063,778.5649233964822,346.81444415253475,945.9133122662342,0.3173828125,2
369,126,218.47732135420668,772.0529889821902,417.90196112214585,946.8658485831704,0.8408203125,2
369,131,235.05471019636462,817.092632146097,334.14544277344913,949.1069561365053,0.0,2
369,137,1253.461046924866,117.43050281695355,1271.598020112927,149.60306859420194,0.0,2
369,146,1508.1973710589846,0.0,1523.464260346862,17.46598408269226,0.0,2
370,7,924.1860782439309,237.13345414176237,951.0655959366044,283.0446773424989,0.66015625,2
370,8,1573.252106216459,63.2469243230784,1597.7478937835408,103.99968801697935,0.45703125,2
370,10,1177.7266528825025,91.50172674319543,1230.5223577593656,137.7823960681722,0.8291015625,1
370,11,1095.5076656190242,190.7122176701396,1117.9721864627925,231.0861088002092,0.46484375,2
370,13,1551.3519432423432,24.872693212769388,1583.6112277139564,56.63484085987595,0.451416015625,1
370,65,1766.813991217436,476.1365801948286,1904.4142398289146,625.6473602530004,0.458984375,2
370,67,317.52573988464815,786.6170755306912,405.1591500349534,907.1841191120814,0.0,2
370,76,1691.7222997008503,490.7018887294359,1771.05020739769,581.6085564598582,0.0,2
370,105,1349.8805157026063,51.641248585528906,1362.75070281923,74.53645489762795,0.51953125,2
370,116,1246.555084382945,120.77855036481408,1262.2150533431936,150.44170138761123,0.43017578125,2
370,118,216.39517136031242,782.0648448362577,336.890573319843,950.1572626215554,0.0,2
370,126,205.94140980227115,773.6382613096207,407.39767049079245,952.0826971512749,0.85009765625,2
370,131,225.83478110034935,821.4840208063932,324.95967435376645,953.5438450532133,0.0,2
370,137,1252.4378761293192,117.91423370857946,1270.6486436877162,150.21782082615607,0.0,2
370,146,1507.8210814533015,0.0,1523.0300546023366,17.399723361115363,0.0,2
371,7,922.8845630640155,238.05719977553207,949.4976905761805,283.40592892493333,0.66015625,2
371,8,1573.2467592327766,63.183849685490316,1597.7532407672236,104.04517017144244,0.45703125,2
371,10,1177.8184282376496,91.30263064633677,1230.93020596097,137.78030554236472,0.8291015625,1
371,11,1095.0515934768978,191.81207783588977,1117.3002187236032,232.0270300694423,0.4609375,2
371,13,1551.2870306237162,24.792468152636836,1583.6803612406077,56.62712741746886,0.449462890625,1
371,65,1766.8203490237024,475.60207870279703,1905.1600843675549,625.576498927026,0.4619140625,2
371,67,306.2998526392755,790.1507948430465,394.14383555576273,911.0126222970067,0.0,2
371,76,1691.870078528385,490.99613575677466,1770.968838243689,581.6402532833974,0.0,2
371,105,1349.4468081406267,51.68406312549419,1362.461332560965,74.45420567485284,0.51953125,2
371,116,1245.8615192322088,121.48452043170286,1261.430707525165,151.09125833048083,0.43212890625,2
371,118,205.93728358069984,785.5647662760332,326.9667054399956,954.4012129768764,0.0,2
371,126,202.1368747172615,774.1155680121708,403.1960748028174,953.9131907303985,0.8408203125,2
371,131,216.6148520016071,825.8754094666896,315.7739059368107,957.9807339699215,0.0,2
371,137,1251.4147056081351,118.39796460020537,1269.6992669881429,150.8325730581102,0.0,2
371,146,1507.444791854757,0.0,1522.5958488506726,17.333462639538467,0.0,2
372,7,918.3286457161386,241.23308899198733,944.210014232173,285.62244437762365,0.6875,2
372,8,1573.3235026429495,63.40976536582371,1597.6764973570505,104.06189222315146,0.451416015625,2
372,10,1177.7120743082357,91.17347700800116,1231.2262127027504,137.96674536429853,0.78125,1
372,11,1091.755580250675,194.5426687222765,1112.3865871716873,232.21435297885577,0.373779296875,2
372,13,1551.1937161868505,24.45268801725136,1583.7775059112823,56.438717153586055,0.4765625,1
372,65,1767.2788706868898,475.90772703530126,1904.958916375664,625.0521620477496,0.43115234375,2
372,67,293.6037690541804,801.4641959920947,376.1465686806485,917.6288378265289,0.662109375,2
372,76,1692.0178572437298,491.29038278411343,1770.8874692018785,581.6719501069367,0.0,2
372,105,1348.2146152480757,51.79623186052153,1361.4705464499766,74.67328776298478,0.55078125,2
372,116,1244.1956044055894,122.1586261792436,1260.6603351974204,153.86302750567688,0.414794921875,2
372,118,186.3027237318605,785.2249167582895,312.7417625927045,963.5701950534668,0.60205078125,2
372,126,191.3111883163064,777.3193577769741,393.4983842653306,958.1286291469651,0.0,2
372,131,207.3949229001379,830.2667981269858,306.588137522582,962.4176228866296,0.0,2
372,137,1250.3915353613138,118.88169549183127,1268.749890014207,151.4473252900643,0.0,2
372,146,1507.0685022633513,0.0,1522.1616430918698,17.26720191796157,0.0,2
373,7,914.5587196121318,242.39086380849503,940.4892910246782,286.66808343488344,0.69580078125,2
373,8,1573.2973158466689,63.31217245566389,1597.7026841533313,104.12957994173422,0.46484375,2
373,10,1178.9113117260254,91.43996136786049,1232.0659461333444,138.100999837092,0.7646484375,1
373,11,1089.46928255574,197.81125083795322,1109.7439614038226,235.27522083125226,0.437744140625,2
373,13,1551.1498583221962,24.324866937200152,1583.8246885569313,56.36784630483734,0.482421875,1
373,65,1766.5811837962915,476.0379730480553,1903.7399683582307,624.8510758329521,0.363037109375,2
373,67,282.1535880748827,805.7173566989671,364.5739188404295,921.7151401989801,0.0,2
373,76,1692.165635846885,491.5846298114522,1770.8061002722575,581.703646930476,0.0,2
373,105,1348.082767680933,51.593430487656214,1361.7888472580757,74.75716257970026,0.537109375,2
373,116,1243.9027866595954,122.09578973875813,1260.091122683793,153.48340056296286,0.279052734375,2
373,118,174.8757598387845,788.3457541409197,302.4563708805514,968.3003725892954,0.0,2
373,126,180.48552028468646,780.5231475417775,383.80067535850867,962.3440675635317,0.0,2
373,131,167.82258296854224,853.8413135377857,250.91254084510803,971.7069087473859,0.5927734375,2
373,137,1249.368365388855,119.36542638345716,1267.8005127659083,152.0620775220184,0.0,2
373,146,1506.6922126790844,0.0,1521.7274373259286,17.200941196384676,0.0,2
374,7,913.161981427282,242.5342153700227,939.297608029264,287.02086096576807,0.69580078125,2
374,8,1573.3004505404983,63.276833625486006,1597.6995494595017,104.15444335675235,0.462890625,2
374,10,1178.8587498998859,91.54961907459892,1231.9033382251664,138.15335251864514,0.763671875,1
374,11,1088.6598954705821,198.68962886274483,1108.9142435070398,236.58924919005102,0.439697265625,2
374,13,1551.1257901951403,24.27817660749661,1583.8517437188184,56.341965047125804,0.482421875,1
374,65,1766.3661158222344,476.09752080163855,1903.209878740651,624.7756324182269,0.36376953125,2
374,67,270.70340147871053,809.9705174058396,353.00127461708496,925.8014425714313,0.0,2
374,76,1692.3134143378502,491.878876838791,1770.7247314548265,581.7353437540153,0.0,2
374,105,1347.5300220100426,51.4263931563482,1361.4612952803718,74.78955465017197,0.537109375,2
374,116,1243.8921419843887,122.03249170176436,1259.909921507004,153.2848550016601,0.280517578125,2
374,118,163.44879040042318,791.4665915235497,292.17098471368354,973.0305501251239,0.0,2
374,126,169.65987062240163,783.7269373065807,374.10294808235165,966.559505980098,0.0,2
374,131,164.77185606879397,856.3250191856614,243.78849425067637,973.2564169095217,0.59619140625,2
374,137,1248.3451956907588,119.84915727508307,1266.8511352432472,152.67682975397253,0.0,2
374,146,1506.3159231019558,0.0,1521.2932315528485,17.13468047480778,0.0,2
374,150,239.0331923098821,775.6432998317938,296.1499879466245,826.7579396972288,0.27978515625,2
375,7,910.9374788703235,243.7903707261399,936.78386244088,288.1094229344135,0.6259765625,2
375,8,1573.313523530939,63.326964198790435,1597.686476469061,104.22487635463415,0.470703125,2
375,10,1178.7881220817146,91.59682409477105,1231.8819441475355,138.29723179531945,0.72314453125,1
375,11,1084.9721444485763,199.33809734095297,1106.1686092337181,239.14914424639522,0.52734375,2
375,13,1551.2179071769438,24.50997507996646,1583.7622725223234,56.333291856732345,0.484375,1
375,65,1765.489111923064,476.1288285047899,1901.8086984870993,624.7482025384832,0.362060546875,2
375,67,259.25320926566394,814.223678112712,341.4286360106149,929.8877449438825,0.0,2
375,76,1692.4611927166254,492.17312386612974,1770.643362749585,581.7670405775546,0.0,2
375,105,1347.2147405237808,51.426990531513546,1361.4750427013316,75.23330025894724,0.5234375,2
375,116,1243.4503427344198,122.1714749870033,1259.3838232492262,153.1214184012357,0.275146484375,2
375,118,174.88646203146715,788.6456019349226,315.81896330040786,979.218866491171,0.55078125,2
375,126,158.83423932945192,786.930727071384,364.40520243685944,970.7749443966646,0.0,2
375,131,164.49533310541992,869.4123773486886,242.27355091716515,977.912255826654,0.2705078125,2
375,137,1247.3220262670252,120.33288816670898,1265.9017574462232,153.29158198592665,0.0,2
375,146,1505.9396335319661,0.0,1520.85902577263,17.068419753230884,0.0,2
375,150,234.53775094388243,777.0326055569806,292.89650333936174,829.258690002565,0.0,2
376,7,907.8201064362132,243.9766568673561,934.3484223938719,289.72557109023194,0.607421875,2
376,8,1573.329277498895,63.28564737245834,1597.6707225011048,104.18879668132806,0.474609375,2
376,10,1178.6668093733088,91.12518077084698,1231.9600107648064,138.22822917638723,0.55078125,1
376,11,1080.8102251476244,199.1799364241609,1103.1515120712431,240.92615690234766,0.62255859375,2
376,13,1551.2372819016475,24.59969882437008,1583.7453376913531,56.33117732607336,0.474609375,1
376,65,1763.5929556829303,476.1483179846992,1898.871084212726,624.7390382126225,0.462890625,2
376,67,247.48514144438425,814.2536144960894,336.73272341704495,944.4953474291983,0.357666015625,2
376,76,1692.6089709832108,492.4673708934685,1770.5619941565337,581.7987374010938,0.0,2
376,105,1347.3321118606564,50.755725351161075,1362.2528642183472,75.70795516717385,0.49609375,2
376,116,1242.3797756978647,122.66094624995988,1258.3353430291204,153.6541487397077,0.0,2
376,118,162.70352042400975,788.7477525179121,312.59805024804086,985.0250158547879,0.77978515625,2
376,126,148.00862640583733,790.1345168361872,354.70743842203217,974.9903828132311,0.0,2
376,131,144.98159320246333,820.941322739742,260.0026945808421,984.5482252705875,0.4072265625,2
376,137,1246.2988571176543,120.81661905833488,1264.952379374837,153.90633421788078,0.0,2
376,146,1505.563343969115,0.0,1520.4248199852727,17.00215903165399,0.0,2
376,150,230.04230956976178,778.4219112821672,289.64301874022,831.759440307901,0.0,2
377,7,906.7698171484986,244.02062129928746,933.4677173303676,290.30186244409606,0.609375,2
377,8,1573.345023465003,63.33316492784683,1597.654976534997,104.23605049186708,0.474609375,2
377,10,1178.6888084221357,90.95095780314486,1231.9147494517608,138.20185760891906,0.546875,1
377,11,1079.2460650838023,199.07666910070924,1102.090663389131,241.56633896399015,0.62060546875,2
377,13,1551.2298100589628,24.634105589380383,1583.754883602343,56.33136568626985,0.474609375,1
377,65,1763.1446977101411,476.1623795249494,1897.5001155008945,624.73673532128,0.4599609375,2
377,67,244.63549883347378,815.2436792977684,332.41501337438547,947.0634870762216,0.359375,2
377,76,1692.7567491376064,492.7616179208073,1770.4806256756722,581.8304342246331,0.0,2
377,105,1347.4023824402052,50.53318429144714,1362.5419521157753,75.88689758930902,0.49609375,2
377,116,1241.309208917549,123.15041751291645,1257.286862552775,154.18687907817966,0.0,2
377,118,157.19487059174082,788.7723536129585,312.66452842094253,987.0827075542943,0.77978515625,2
377,126,137.1830318515579,793.3383066009906,345.00965603786983,979.2058212297977,0.0,2
377,131,138.53824830736156,806.4169440600374,263.6497211455703,987.1274997201084,0.4072265625,2
377,137,1245.2756882426459,121.30034994996078,1264.0030010290877,154.5210864498349,0.0,2
377,146,1505.1870544134026,0.0,1519.9906141907768,16.935898310077093,0.0,2
377,150,225.54686818752012,779.811217007354,286.38953414919916,834.2601906132371,0.0,2
378,7,903.04755402856,248.54862696311852,928.7924761988631,292.81748562717735,0.59619140625,2
378,8,1573.3913058944772,63.476136169294136,1597.6086941055228,104.25311938468477,0.482421875,2
378,10,1179.2522546380844,90.8903744159923,1232.3226389790523,138.19179027044763,0.521484375,1
378,11,1075.905150356891,199.9618924459066,1099.7264732129904,243.70683177686016,0.63525390625,2
378,13,1551.240670552686,24.74038185036484,1583.7458332421509,56.363335137752856,0.443603515625,1
378,65,1764.0688986351843,475.92570768858275,1897.894744809207,624.4890678380173,0.445556640625,2
378,67,231.73861896812963,831.6181100537663,309.9855555237385,950.3438345573946,0.287841796875,2
378,76,1692.9045271798122,493.05586494814605,1770.3992573070007,581.8621310481724,0.0,2
378,105,1346.9261615722558,50.4209824828524,1362.212578172389,76.07521303042282,0.529296875,2
378,116,1236.046388101602,124.04921574051929,1253.69978564748,158.33131575912086,0.521484375,2
378,118,139.56029071985873,804.2520632703079,293.7779755782731,995.4811580674925,0.4765625,2
378,126,126.35745566661356,796.5420963657939,335.3118552843723,983.4212596463642,0.0,2
378,131,127.91086000553081,804.2211346736213,257.72867057481614,991.7300530096322,0.0,2
378,137,1244.2525196420002,121.78408084158669,1263.053622408976,155.13583868178904,0.0,2
378,146,1504.8107648648288,0.0,1519.556408389142,16.869637588500197,0.0,2
378,150,221.0514267971575,781.2005227325408,283.1360495662993,836.7609409185733,0.0,2
379,7,900.4525570904968,248.9993392379272,926.4057370802756,293.7356640698473,0.43017578125,2
379,8,1573.3824676383367,63.53104717488377,1597.617532361663,104.3826311307049,0.5,2
379,10,1180.1089625651537,91.49048509516038,1232.8161695862864,138.3115199795954,0.33642578125,1
379,11,1072.8959208246579,201.36122250276287,1096.8040813067166,244.60751984606952,0.66015625,2
379,13,1551.2300392261554,24.74948792195769,1583.7580797909354,56.345146668052635,0.441650390625,1
379,65,1765.4125699002184,475.59390218711906,1899.0568536257558,624.1488967769947,0.509765625,2
379,67,216.79977595116034,842.9335651823111,292.12428516549187,958.4147609276814,0.33984375,2
379,76,1693.052305109828,493.3501119754848,1770.3178890505187,581.8938278717117,0.0,2
379,105,1346.7945115839707,50.80963590700794,1362.0532211842399,76.44924540707832,0.556640625,2
379,116,1233.654807416056,125.14206728288084,1251.3650775607969,159.44467084552568,0.5888671875,2
379,118,121.727885986096,811.1839896083228,278.9882907057924,1002.4869344179009,0.7041015625,2
379,126,115.53189785100435,799.7458861305971,325.6140361615396,987.6366980629307,0.0,2
379,131,105.67027341930913,818.7200159362292,232.29007184401075,1002.6308219813264,0.418701171875,2
379,137,1243.2293513157172,122.2678117332126,1262.1042435145018,155.75059091374317,0.0,2
379,146,1504.4344753233938,0.0,1519.1222025803688,16.8033768669233,0.0,2
379,150,216.55598539867387,782.5898284577274,279.88256499152044,839.2616912239093,0.0,2
380,7,899.589159759291,249.1345638564885,925.5839658245037,294.04222444207403,0.42822265625,2
380,8,1573.3865167817864,63.55191430748947,1597.6134832182136,104.4304912453241,0.501953125,2
380,10,1180.3867908237373,91.72405752707496,1233.0407672782783,138.35706703510652,0.3486328125,1
380,11,1071.7424921131076,201.86040743173697,1095.8547353016518,244.8921824248178,0.66015625,2
380,13,1551.185224487745,24.7526061932191,1583.8043073205263,56.40092175371229,0.437744140625,1
380,65,1765.1290588142565,475.4745135453071,1898.3194112333374,624.0226502489804,0.4970703125,2
380,67,212.6803263707759,848.813150534815,285.48774609246044,961.1416690655794,0.318359375,2
380,76,1693.200082927654,493.6443590028236,1770.2365209062266,581.9255246952509,0.0,2
380,105,1346.7627978893327,50.964930489068905,1361.995261925822,76.58930073284589,0.556640625,2
380,116,1232.7343894404478,125.41503017566444,1250.5895120942414,159.9600342727137,0.5888671875,2
380,118,114.28747443330295,812.6794940216323,274.79669407577865,1004.9487423031642,0.7041015625,2
380,126,104.70635840473025,802.9496758954004,315.91619866937185,991.8521364794973,0.0,2
380,131,99.09717833189482,822.4617011225499,224.86423391021293,1005.9220136808375,0.418701171875,2
380,137,1242.2061832637967,122.75154262483849,1261.1548643456647,156.36534314569727,0.0,2
380,146,1504.0581857890973,0.0,1518.6879967644568,16.737116145346405,0.0,2
380,150,212.06054399206926,783.9791341829142,276.62908042486254,841.7624415292454,0.0,2
381,7,896.3544668415134,250.13350812605805,922.4379828192539,295.60129898870736,0.357666015625,2
381,8,1573.3947884953186,63.559774096261194,1597.6052115046814,104.44725941646803,0.5078125,2
381,10,1179.8283379728098,91.93792488969886,1232.7822183671683,138.7458562995414,0.291748046875,1
381,11,1070.5827351086552,202.13458462218324,1095.4032298546085,246.05861421724154,0.67724609375,2
381,13,1551.1858214884064,24.753476842899094,1583.8049388337981,56.360487157404066,0.420654296875,1
381,65,1765.9898043450032,475.9315232878983,1899.0622007186748,624.4738175033259,0.5029296875,2
381,67,201.9350109979142,854.3548001846139,274.2512316423978,965.9333984088843,0.0,2
381,76,1693.34786063329,493.93860603016236,1770.1551528741245,581.9572215187902,0.0,2
381,105,1345.6821706099017,50.720305508519786,1361.0964206723925,76.45367968057127,0.56005859375,2
381,116,1230.9182256458164,125.62259010457774,1249.9001073335612,162.69223523538886,0.609375,2
381,118,99.26444659895405,811.150386458401,268.21037147725235,1011.6016142704057,0.8408203125,2
381,126,93.8808373277913,806.1534656602038,306.21834280786896,996.0675748960639,0.0,2
381,131,88.01278974764992,821.7641336978138,217.61923842113347,1010.8257229906467,0.0,2
381,137,1241.183015486239,123.23527351646439,1260.2054849024653,156.98009537765137,0.0,2
381,146,1503.6818962619395,0.0,1518.2537909414064,16.67085542376951,0.0,2
381,150,207.5651025773437,785.368439908101,273.3755958663256,844.2631918345816,0.0,2
381,153,1176.742758685545,93.14616662871131,1234.0879082847644,139.93849988613397,0.455078125,2
382,7,893.8637195876802,250.84490218970873,919.7323574667847,296.2765635882349,0.5947265625,2
382,8,1573.4040364704667,63.43881076411918,1597.5959635295333,104.32841102129422,0.498046875,2
382,10,1179.3948705829077,92.0191816083505,1232.896087265843,139.13862181330498,0.309814453125,1
382,11,1067.7363197786958,201.96567903696464,1092.882212318801,246.70644335525475,0.67724609375,2
382,13,1551.2021923086675,24.877536811314307,1583.789673827321,56.40756133109147,0.4130859375,1
382,65,1767.0064047683763,475.6141528412313,1900.6411746952683,624.6470020134693,0.50390625,2
382,67,191.18966116683015,859.8964498344126,263.0147516505575,970.725127752189,0.0,2
382,76,1693.4956382267364,494.23285305750113,1770.0737849542124,581.9889183423295,0.0,2
382,105,1344.846258362278,50.72166449118338,1360.2154590935618,76.15199081854954,0.525390625,2
382,116,1229.5547949653717,126.17109690164965,1248.4474801749784,163.2315234829647,0.5830078125,2
382,118,85.63886088644355,821.1568586374636,254.33119581731498,1018.8413082524986,0.82421875,2
382,126,83.05533462018745,809.357255425007,296.52046857703095,1000.2830133126304,0.0,2
382,131,68.7119745876184,828.5294098317028,195.30822724249964,1017.8109193147839,0.273681640625,2
382,137,1240.1598479830436,123.7190044080903,1259.256105184903,157.5948476096055,0.0,2
382,146,1503.3056067419204,0.0,1517.819585111217,16.604594702192614,0.0,2
382,150,203.06966115449717,786.7577456332876,270.12211131590965,846.7639421399176,0.0,2
382,153,1175.746466606364,93.04942703409164,1233.5758651829522,140.2188440867626,0.42626953125,2
383,7,893.0686811637624,251.07463527607504,918.7521850238995,296.4895885609084,0.5947265625,2
383,8,1573.413073259915,63.455022656980816,1597.5869267400847,104.34427820052676,0.49609375,2
383,10,1179.1762987271122,92.04992713987438,1232.9853676884225,139.28477179274938,0.315673828125,1
383,11,1066.7557378947213,201.86877075081082,1091.9473863526189,246.91158211193437,0.67724609375,2
383,13,1551.1956741723511,24.923946230528358,1583.7971710358179,56.42570587335244,0.4130859375,1
383,65,1767.3583007486463,475.49817255313997,1901.2673507890977,624.7131619503159,0.50390625,2
383,67,180.44427687752383,865.4380994842114,251.7783061169395,975.516857095494,0.0,2
383,76,1693.643415707993,494.5271000848399,1769.99241714649,582.0206151658688,0.0,2
383,105,1344.5074481239867,50.725637513775176,1359.9246866320707,76.03211528820293,0.525390625,2
383,116,1229.514645368797,126.48708174520847,1248.468987630409,163.51628195468405,0.5849609375,2
383,118,80.29071719722806,824.9504730722093,249.78619716596575,1021.4327714824558,0.82421875,2
383,126,72.22985028191873,812.5610451898103,286.8225759768578,1004.4984517291969,0.0,2
383,131,63.979185339096766,830.1235946100632,188.4342455918804,1019.9968581229865,0.27197265625,2
383,137,1239.136680754211,124.20273529971621,1258.306725192978,158.20959984155962,0.0,2
383,146,1502.92931722904,0.0,1517.3853792738892,16.538333980615718,0.0,2
383,150,198.57421972352964,788.1470513584744,266.86862677361466,849.2646924452537,0.0,2
383,153,1175.433135384245,93.01474525684773,1233.429331311291,140.29912858296382,0.420654296875,2
384,7,889.9276334254935,252.23851127789771,915.4709435975911,297.39734506113643,0.59814453125,2
384,8,1573.3588029166347,63.27574116647898,1597.6411970833653,104.41155340676443,0.50390625,2
384,10,1178.6826600619481,92.06133046988406,1232.4343606333541,139.21303742628766,0.2666015625,1
384,11,1061.998062668556,202.28928047368987,1087.319679127538,248.41316696399082,0.5830078125,2
384,13,1551.1815633146218,24.878608318959806,1583.8121340084422,56.37067594219738,0.39599609375,1
384,65,1768.3052103200498,475.4588876168907,1902.6606271561463,624.7383428606972,0.57666015625,2
384,67,169.6988581299952,870.9797491340103,240.5418950415438,980.3085864387988,0.0,2
384,76,1688.2686176072925,485.2905759218711,1770.7513166635265,580.5065807340663,0.2509765625,2
384,105,1343.8761643283553,51.03897765622215,1359.3570242386681,75.98467565650066,0.47265625,2
384,116,1227.9433132973268,127.81061909797795,1247.207005596933,165.05406174203395,0.64599609375,2
384,118,57.87475608221817,834.148497268397,230.26920947585555,1032.0898191265733,0.8642578125,2
384,126,61.40438431298513,815.7648349546137,277.12466500734956,1008.7138901457635,0.0,2
384,131,52.68334214866224,830.1742043808708,180.2653487418507,1024.8191485728196,0.0,2
384,137,1238.113513799741,124.6864661913421,1257.3573449266905,158.82435207351375,0.0,2
384,146,1502.553027723298,0.0,1516.9511734294226,16.472073259038822,0.0,2
384,150,194.07877828444114,789.5363570836612,263.6151422394407,851.7654427505898,0.0,2
384,153,1175.3846261546016,93.13645421986851,1233.3653615681824,140.4489572891726,0.414794921875,2
385,7,886.3082222206463,249.66522279395326,913.871440264733,298.6952626540764,0.62060546875,2
385,8,1573.4109610509154,63.45569591609831,1597.5890389490846,104.43626825369256,0.484375,2
385,10,1177.9296353057384,92.06529240790272,1231.7959757107444,139.30587611645808,0.26513671875,1
385,11,1057.9013290872385,204.8616516389481,1082.1240404882215,249.1953486757417,0.56982421875,2
385,13,1551.2480308598476,25.046747760533044,1583.7464147224625,56.350081118281665,0.3701171875,1
385,65,1769.402582656964,475.4485401989228,1904.4145233782735,624.7477470413169,0.548828125,2
385,67,158.95340492424424,876.5213987838091,229.3055184243704,985.1003157821036,0.0,2
385,76,1688.1700066342376,485.18121302287943,1770.7180505132756,580.4728187961226,0.0,2
385,105,1342.6437617244862,51.564211978896395,1358.1778420753362,76.15135634165124,0.51953125,2
385,116,1226.3128724588003,128.66593425511496,1245.8862355173567,165.85464369489353,0.64599609375,2
385,118,44.94946222631356,854.2152036184054,208.72087141061792,1038.8921343981237,0.8173828125,2
385,126,21.547871054991248,914.5580994674027,154.95182340910873,1038.9709640782994,0.394287109375,2
385,131,41.38751655609636,830.2248141516785,172.0964342939523,1029.6414390226525,0.0,2
385,137,1237.0903471196336,125.170197082968,1256.4079643860405,159.43910430546788,0.0,2
385,146,1502.1767382246949,0.0,1516.5169675778172,16.405812537461927,0.0,2
385,150,189.58333683723168,790.9256628088478,260.3616577133877,854.2661930559259,0.0,2
385,153,1174.9284998273924,93.17918238803051,1232.769426501701,140.49278840545782,0.381103515625,2
386,7,885.046501319025,248.71618333435705,913.2494340084673,299.16534173093726,0.62255859375,2
386,8,1573.4033348436403,63.40104039938271,1597.59666515636,104.44474184967527,0.482421875,2
386,10,1177.6436328779027,92.06644431672517,1231.5572867184023,139.33794228401405,0.2705078125,1
386,11,1056.4588811613212,205.83204085705918,1080.180370830734,249.43750812188205,0.56982421875,2
386,13,1551.256187765294,25.10948261103001,1583.738939969955,56.34264878661933,0.36669921875,1
386,65,1769.8307654392013,475.94406733081877,1905.040662114696,624.7511045632924,0.5419921875,2
386,67,148.207917260271,882.063048433608,218.06917626541934,989.8920451254086,0.0,2
386,76,1688.0713957769872,485.07185012388777,1770.6847842472198,580.4390568581789,0.0,2
386,105,1342.1182575739833,51.170089031455575,1357.830749306609,75.65164186913205,0.470703125,2
386,116,1225.6535412477074,128.97241621411877,1245.509734100481,166.12442627754763,0.64404296875,2
386,118,39.92518677104832,861.7455895310679,201.56635997153737,1041.1715536542501,0.77880859375,2
386,126,22.315039921187847,917.8397855746149,150.78296245862305,1040.5041196269672,0.470703125,2
386,131,30.091708561399116,830.2754239224862,163.9275022481853,1034.4637294724857,0.0,2
386,137,1236.067180713889,125.65392797459391,1255.458583571028,160.053856537422,0.0,2
386,146,1501.8004487332305,0.0,1516.0827617190735,16.33955181588503,0.0,2
386,150,185.08789538190123,792.3149685340346,257.1081731954556,856.766943361262,0.0,2
386,153,1174.7590633756001,93.06437315485186,1232.5898703907342,140.5006451150386,0.375732421875,2
386,155,109.12483199310239,831.1104916305791,149.29458502796058,867.0662949783475,0.25830078125,2
387,7,882.6480145901468,248.43376476307319,911.2436844401051,299.9139775452949,0.5830078125,2
387,8,1573.468989515503,63.62820427190099,1597.531010484497,104.4471129791072,0.4765625,2
387,10,1177.5157465623383,92.07440575123013,1231.507352123054,139.41393238022175,0.0,1
387,11,1053.422476839693,207.1567560770914,1077.1595277433817,250.7333492963557,0.611328125,2
387,13,1551.271088773536,25.224943113106605,1583.7246232065324,56.371272311618824,0.390380859375,1
387,65,1769.617943965988,475.8868363577443,1905.620172269935,625.0001695616844,0.56298828125,2
387,67,137.4623951380754,887.6046980834067,206.83286856469056,994.6837744687133,0.0,2
387,76,1687.9727850355416,484.96248722489605,1770.6515178653597,580.4052949202352,0.0,2
387,105,1340.9901698326755,51.42621684945844,1356.6786432199672,75.46374874093033,0.5234375,2
387,116,1224.0708637163034,128.45294391810327,1244.8276371424658,166.6829468711877,0.64599609375,2
387,118,27.73464259691282,867.2882305883816,191.96999782586897,1046.8497639819761,0.5107421875,2
387,126,10.727021603296933,910.8040000249887,150.47322310916638,1046.6393314239106,0.36376953125,2
387,131,18.79591816457051,830.3260336932939,155.75855260454966,1039.2860199223187,0.0,2
387,137,1235.0440145825069,126.13765886621982,1254.5092024816527,160.66860876937614,0.0,2
387,146,1501.4241592489045,0.0,1515.6485558531908,16.273291094308135,0.0,2
387,150,180.59245391844982,793.7042742592214,253.8546886856446,859.2676936665981,0.0,2
387,153,1174.3788642629036,93.27653695986157,1231.8527004702628,140.62468356126098,0.388671875,2
387,155,105.98484732943452,832.4681348180841,145.54789830132717,867.8808808908504,0.0,2
388,7,881.2987041700718,251.3405454496803,909.1040690717716,301.74800376954107,0.61328125,2
388,8,1573.5563960848028,63.900555555369735,1597.4436039151972,104.38512166123817,0.4609375,2
388,10,1177.3878597232656,92.08236718573511,1231.4574180512143,139.48992247642943,0.0,1
388,11,1050.5772403427127,207.37241358169243,1074.938693036993,251.9255263820858,0.43017578125,2
388,13,1551.3151570991138,25.391165627113267,1583.6810712380588,56.38237066045973,0.394287109375,1
388,65,1768.397140105579,475.8665676254455,1904.9678765368549,625.0935120430072,0.525390625,2
388,67,114.4281548906447,879.5456069150256,193.2826439819363,1004.7869271009704,0.486328125,2
388,76,1687.8741744099007,484.8531243259044,1770.6182513676947,580.3715329822915,0.0,2
388,105,1340.66058364022,51.835927588129096,1356.1919692129425,75.45614891091827,0.521484375,2
388,116,1222.6137042838873,129.21464873987776,1243.5482148579154,167.113426698937,0.67041015625,2
388,118,9.52559844991599,870.117818501034,182.18051435342113,1057.7517081509955,0.391357421875,2
388,126,-0.9167816652576448,916.2664039512226,138.78274082484813,1052.059488623125,0.0,2
388,131,1.3528718918561822,864.9577183598979,126.35795936023946,1056.6885162445753,0.325927734375,2
388,137,1234.0208487254874,126.62138975784572,1253.5598211179147,161.28336100133023,0.0,2
388,146,1501.0478697717174,0.0,1515.2143499801696,16.20703037273124,0.0,2
388,150,176.09701244687741,795.093579984408,250.60120418395448,861.7684439719342,0.0,2
388,153,1175.114505179376,93.60795565797655,1231.7469154482876,140.4114902018856,0.43212890625,2
388,155,102.84486267282688,833.8257780055891,141.80121156763357,868.6954668033535,0.0,2
389,7,880.9379081181356,252.4630154059631,908.3213831136225,302.4217423680208,0.61328125,2
389,8,1573.5834633201732,64.00230708551473,1597.416536679827,104.36106806719341,0.4609375,2
389,10,1177.2599723606845,92.09032862024007,1231.407484502883,139.5659125726371,0.0,1
389,11,1049.5609804105318,207.42583031866715,1074.2049493057236,252.34134314116693,0.43212890625,2
389,13,1551.3113686039442,25.420755079940363,1583.6853205316145,56.35564347495976,0.394287109375,1
389,65,1767.800737016856,475.8602994423752,1904.8286597379517,625.1275062396282,0.5185546875,2
389,67,110.55916477993902,879.7367124155095,189.25423082303894,1007.7133318845632,0.52734375,2
389,76,1687.7755639000643,484.7437614269127,1770.584984754225,580.3377710443478,0.0,2
389,105,1340.529857768657,51.98750267604323,1356.0642267698247,75.45465294380088,0.5234375,2
389,116,1222.0169676538962,129.49032456494433,1243.1900240969776,167.24102616949392,0.67041015625,2
389,118,2.7699063163027233,871.0268961055731,179.1488467406554,1061.6499234607388,0.37109375,2
389,126,-12.560585934330476,921.7288078774566,127.09225954104815,1057.4796458223393,0.0,2
389,131,-2.386893362257595,869.3256374793065,121.45247366096139,1060.0467584759595,0.341552734375,2
389,137,1232.9976831428305,127.10512064947162,1252.6104394798142,161.89811323328433,0.0,2
389,146,1500.6715803016689,0.0,1514.78014410001,16.140769651154343,0.0,2
389,150,171.60157096718405,796.4828857095948,247.34771969038536,864.2691942772702,0.0,2
389,153,1175.459026840723,93.79243940063223,1231.6678413877394,140.39015292359727,0.435791015625,2
389,155,99.70487802327945,835.1834211930941,138.05452482687974,869.5100527158565,0.0,2
390,7,877.0992231031787,255.20926075580724,903.9930209557689,304.4905523623861,0.63720703125,2
390,8,1573.6506408392322,64.2872248208512,1597.349359160768,104.35170241692663,0.447509765625,2
390,10,1177.132084474595,92.09829005474504,1231.35755147806,139.6419026688448,0.0,1
390,11,1045.8198299735798,209.87300829489976,1070.5844715072983,255.16553396552268,0.513671875,2
390,13,1551.3467641838392,25.49180821274566,1583.6503220580378,56.28362845615584,0.449462890625,1
390,65,1769.4892258455566,476.1069359884657,1906.8076324927695,624.8911713696793,0.466796875,2
390,67,99.35282246376752,883.7919759621386,178.63589281798994,1012.7358962512428,0.0,2
390,76,1687.6769535060328,484.634398527921,1770.5517180249506,580.3040091064041,0.0,2
390,105,1340.4275166886018,53.3228232237391,1356.1102328143945,76.64302747477137,0.5,2
390,116,1218.4375815462831,129.6999531073633,1239.597398089348,167.1358406588353,0.67919921875,2
390,118,-10.029458425081444,870.6461902243382,169.4292879504987,1067.326023357862,0.484375,2
390,126,-24.20439120392156,927.1912118036905,115.40177925776642,1062.8998030215537,0.0,2
390,131,-13.442676355345483,872.2604836888722,112.11521427269813,1065.6294440431077,0.0,2
390,137,1231.9745178345363,127.58885154109753,1251.661057567351,162.51286546523846,0.0,2
390,146,1500.295290838759,0.0,1514.3459382127112,16.074508929577448,0.0,2
390,150,167.10612947936968,797.8721914347816,244.0942352049372,866.7699445826064,0.0,2
390,153,1174.9676606423957,96.88005809838481,1228.246823310367,140.88310856230345,0.451416015625,2
390,155,96.56489338079226,836.5410643805991,134.3078380790657,870.3246386283595,0.0,2
391,7,873.779634257653,256.8437983815235,900.4196070476854,305.855153733389,0.67041015625,2
391,8,1573.7594120461574,64.57893845553541,1597.2405879538426,104.16122023138196,0.439697265625,2
391,10,1177.0041960649974,92.10625148925001,1231.3076189767455,139.7178927650525,0.0,1
391,11,1042.1043418349218,212.00595089361747,1066.7497697150716,257.18796208433423,0.5927734375,2
391,13,1551.3659344836676,25.640738641994844,1583.6315076551186,56.31901940215289,0.453369140625,1
391,65,1769.9279927644186,476.20119140420366,1907.7385266154172,624.8005457651348,0.3896484375,2
391,67,88.14653120364264,887.8472395087678,168.0175037568944,1017.7584606179224,0.0,2
391,76,1687.5783432278058,484.52503562892934,1770.5184511798714,580.2702471684604,0.0,2
391,105,1340.4582193835322,54.473215297591395,1356.0966868156268,77.33641261083991,0.482421875,2
391,116,1216.3639577773893,130.1319795014172,1238.0494400749112,168.67375682638183,0.67724609375,2
391,118,-17.638820980667788,874.7365777674231,159.41636499729424,1072.7205237792346,0.86083984375,2
391,126,-35.8481974740309,932.6536157299245,103.71129997500294,1068.319960220768,0.0,2
391,131,-24.498448722364166,875.1953298984381,102.77794425836566,1071.212129610256,0.0,2
391,137,1230.9513528006046,128.07258243272344,1250.711675380525,163.1276176971926,0.0,2
391,146,1499.919001382988,0.0,1513.9117323182743,16.008248208000552,0.0,2
391,150,162.61068798343436,799.2614971599683,240.84075072761004,869.2706948879423,0.0,2
391,153,1174.227187706087,97.8434566324526,1226.512468382594,140.8721272840456,0.359375,2
391,155,93.42490874536527,837.8987075681042,130.56115132419143,871.1392245408626,0.0,2
392,7,872.6449782096636,257.427377829494,899.1290422482369,306.3288238998648,0.67041015625,2
392,8,1573.7816506925901,64.68512738958904,1597.21834930741,104.08965497585834,0.439697265625,2
392,10,1176.876307131891,92.11421292375498,1231.257686998939,139.7938828612602,0.0,1
392,11,1040.8037271827602,212.90531007004142,1065.3678383810993,258.0356560535559,0.5908203125,2
392,13,1551.3503934884202,25.69435920293939,1583.647359448973,56.33277842903114,0.455078125,1
392,65,1769.7085469556928,475.9886653068504,1908.4460556327374,625.0141752550178,0.39697265625,2
392,67,76.94029099956435,891.9025030553969,157.39906363975226,1022.781024984602,0.0,2
392,76,1687.4797330653837,484.4156727299377,1770.4851842189878,580.2364852305168,0.0,2
392,105,1340.4468005500516,54.86220938258787,1356.1530937840353,77.4649177734851,0.478515625,2
392,116,1215.6233377239173,130.16039031251734,1237.5063478895745,169.23197394344598,0.67578125,2
392,118,-19.19520885166115,876.1323505728959,155.01678656693684,1074.5684425698157,0.85791015625,2
392,126,-47.49200474465849,938.1160196561584,92.02082169275772,1073.7401174199824,0.0,2
392,131,-35.55421046331366,878.1301761080039,93.44066361796399,1076.794815177404,0.0,2
392,137,1229.9281880410358,128.55631332434933,1249.762292919337,163.74236992914672,0.0,2
392,146,1499.5427119343553,0.0,1513.4775264166983,15.941987486423658,0.0,2
392,150,158.11524647937807,800.650802885155,237.58726625840387,871.7714451932785,0.0,2
392,153,1173.9859334385624,98.29624745459208,1225.9043883203244,140.8640213201893,0.355712890625,2
392,155,90.28492411699852,839.2563507556092,126.81446456225694,871.9538104533656,0.0,2
393,7,871.0417762032214,257.36542270954095,898.0151253164889,307.20901926221455,0.64794921875,2
393,8,1573.7724755629938,64.72091273081477,1597.2275244370064,104.06367708067448,0.443603515625,2
393,10,1176.7484176752764,92.12217435825994,1231.207755544641,139.86987295746786,0.0,1
393,11,1039.3752691796533,215.05854224245485,1063.0113698015593,258.9265470859448,0.47265625,2
393,13,1551.3517684725725,25.64979425617203,1583.6462538229393,56.21393838005359,0.453369140625,1
393,65,1768.6232533380692,475.9084749876917,1907.7054710248433,625.094540752557,0.417724609375,2
393,67,65.73410185153267,895.957766602026,146.7805724665635,1027.8035893512815,0.0,2
393,76,1687.3811230187662,484.30630983094596,1770.4519171422992,580.202723292573,0.0,2
393,105,1340.3252393173384,55.400900152228715,1356.3203797227584,78.13278724209877,0.47265625,2
393,116,1214.8326357932842,130.0319304542627,1236.9348280200984,169.41836088852838,0.70068359375,2
393,118,-19.465578535749692,882.3975751049329,144.62996771635753,1073.088812659189,0.76220703125,2
393,126,-59.13581301580431,943.5784235823924,80.33034441103075,1079.1602746191968,0.0,2
393,131,-46.609961578193946,881.0650223175696,84.10337235149314,1082.377500744552,0.0,2
393,137,1228.9050235558293,129.04004421597523,1248.8129101837858,164.35712216110085,0.0,2
393,146,1499.1664224928616,0.0,1513.043320507984,15.875726764846764,0.0,2
393,150,153.6198049672008,802.0401086103418,234.33378179731866,874.2721954986147,0.0,2
393,153,1174.0946577699042,98.0589464701011,1226.5433842331404,140.85723318324216,0.4072265625,2
393,155,87.144939495692,840.6139939431142,123.06777779326224,872.7683963658686,0.0,2
394,7,868.4939010146446,258.29800888349337,895.7504910942677,308.73588421922415,0.615234375,2
394,8,1573.784768040313,64.97939347264082,1597.215231959687,104.17930962680924,0.43212890625,2
394,10,1176.6205276951537,92.1301357927649,1231.1578246138517,139.94586305367554,0.0,1
394,11,1037.212346500784,216.45343902759174,1059.969185404444,258.3324405649298,0.490234375,2
394,13,1551.387041017156,25.723801848510046,1583.6112203370803,56.138483507683944,0.441650390625,1
394,65,1767.4987864389375,476.1264443046081,1906.131480786307,624.8764103437431,0.421630859375,2
394,67,54.527963759547575,900.0130301486552,136.16203023732817,1032.8261537179612,0.0,2
394,76,1687.2825130879535,484.1969469319543,1770.4186499498062,580.1689613546293,0.0,2
394,105,1339.276140882638,56.27364686959003,1355.4144231116402,78.9338067093014,0.494140625,2
394,116,1214.1852167965726,131.1928335533324,1236.1817371910308,169.95234941354545,0.56201171875,2
394,118,-18.831709604202075,899.6085720593294,129.00141589322564,1075.242623602093,0.319091796875,2
394,126,-70.7796222874684,949.0408275086263,68.63986812982203,1084.580431818411,0.0,2
394,131,-57.66570206700502,883.9998685271354,74.76607045895307,1087.9601863117,0.0,2
394,137,1227.8818593449855,129.52377510760113,1247.863527173872,164.97187439305495,0.0,2
394,146,1498.7901330585062,0.0,1512.6091145921305,15.80946604326987,0.0,2
394,150,149.12436344690252,803.4294143355285,231.08029734435442,876.7729458039506,0.0,2
394,153,1174.5747609630434,97.95355774921657,1227.3779787189462,140.85173007746687,0.42626953125,2
394,155,84.00495488144568,841.9716371306192,119.3210910172073,873.5829822783717,0.0,2
395,7,867.6135626019242,258.6251959561244,894.9532488494523,309.2813477944102,0.615234375,2
395,8,1573.7720219704092,65.07259308110193,1597.2279780295908,104.22356485073686,0.43212890625,2
395,10,1176.4926371915224,92.13809722726987,1231.1078942065706,140.0218531498832,0.0,1
395,11,1036.415335666812,216.79101297813096,1059.05625276159,258.17883308657275,0.4921875,2
395,13,1551.3758141809146,25.71839616323838,1583.622660412742,56.07977123699659,0.439697265625,1
395,65,1767.0774811435338,476.2095641401598,1905.5161738742995,624.7930206998867,0.4111328125,2
395,67,43.32187672360909,904.0682936952843,125.54343695204625,1037.848718084641,0.0,2
395,76,1687.1839032729454,484.0875840329626,1770.3853826415084,580.1351994166856,0.0,2
395,105,1338.8416890660253,56.58626788685064,1355.1394701197266,79.22462287538993,0.494140625,2
395,116,1213.9362334565294,131.62419001331583,1236.0081224271953,170.12737218177165,0.56201171875,2
395,118,-17.24884807149752,905.8073395405706,122.9349032327799,1075.7747085502656,0.319091796875,2
395,126,-82.42343255965073,954.5032314348604,56.949392849131556,1090.0005890176255,0.0,2
395,131,-68.72143192974691,886.9347147367012,65.4287579403438,1093.542871878848,0.0,2
395,137,1226.8586954085044,130.00750599922705,1246.9141438895958,165.5866266250091,0.0,2
395,146,1498.4138436312896,0.0,1512.1749086691389,15.743205321692976,0.0,2
395,150,144.62892191848331,804.8187200607152,227.8268128995112,879.2736961092868,0.0,2
395,153,1174.6292054604378,97.77191037941662,1227.8440154431003,140.84674926273323,0.43017578125,2
395,155,80.8649702742596,843.3292803181242,115.57440423409213,874.3975681908746,0.0,2
396,7,863.9511872338774,259.21155109396017,892.2368080082223,311.663469190486,0.5927734375,2
396,8,1573.7195156800644,65.10322271768838,1597.2804843199356,104.36479444213573,0.42626953125,2
396,10,1176.3647461643825,92.14605866177484,1231.0579643227975,140.09784324609092,0.0,1
396,11,1029.8257818761822,214.61439185103816,1054.1279832931466,259.8504102112011,0.6513671875,2
396,13,1552.1725435694632,25.589998167513308,1584.8151858303822,55.9965650669041,0.466796875,1
396,65,1768.7130344466227,475.7447019738509,1907.4540197919237,624.7616518113764,0.453369140625,2
396,67,32.115840743717186,908.1235572419134,114.92479261071772,1042.8712824513204,0.0,2
396,76,1687.0852935737419,483.9782211339709,1770.3521152174058,580.1014374787419,0.0,2
396,105,1339.3346024962295,58.24462725325196,1355.4069102525568,80.25630310374225,0.42626953125,2
396,116,1211.218056408255,133.7508907231067,1232.7163269801013,171.28301147512917,0.4609375,2
396,118,-19.39392373906147,924.615554188435,104.2902717949672,1079.39068293304,0.48828125,2
396,126,-94.06724383235132,959.9656353610943,45.25891856895933,1095.42074621684,0.0,2
396,131,-79.7771511664196,889.869560946267,56.09143479566535,1099.1255574459963,0.0,2
396,146,1476.2302208089761,0.0,1490.8793447947467,16.030342537008096,0.253173828125,1
396,150,140.13348038194312,806.208025785902,224.5733284627889,881.7744464146228,0.0,2
396,153,1173.5328091768324,100.31245615608796,1225.15911065288,141.84133020591167,0.47265625,2
396,155,77.72498567413375,844.6869235056294,111.82771744391675,875.2121541033778,0.0,2
397,7,860.8134404783721,260.50797133065987,889.1837724476549,313.38632237308957,0.56591796875,2
397,8,1573.8155820734933,65.48302747970577,1597.1844179265067,104.29360840545884,0.403564453125,2
397,10,1176.2368546137345,92.15402009627981,1231.0080349625332,140.17383334229862,0.0,1
397,11,1025.5950735416063,215.9980385254464,1049.4065602753744,260.20857584237103,0.69580078125,2
397,13,1552.4053884931272,25.416008696170007,1585.327447794743,55.78025630052963,0.494140625,1
397,65,1767.5708084063347,476.06475326833936,1905.9776408135249,624.7501753182876,0.474609375,2
397,67,-7.687839873788569,924.7730399487867,79.66700886624704,1073.9934839316832,0.7265625,2
397,76,1686.9866839903432,483.86885823497926,1770.3188476774988,580.0676755407982,0.0,2
397,105,1338.9851548679424,59.2588342658416,1355.0713889659194,81.00815971927591,0.451416015625,2
397,116,1209.837365991694,135.7864452567112,1230.9213452429715,172.56757114973442,0.32421875,2
397,118,-26.353274402268333,932.0947548880782,94.45261879470553,1083.2664687086676,0.0,2
397,126,-105.71105610557015,965.4280392873283,33.56844528930537,1100.8409034160543,0.0,2
397,131,-90.8328597770231,892.8044071558328,46.75410102491769,1104.7082430131445,0.0,2
397,146,1474.2828460147264,0.0,1489.9229146057025,16.500584112393494,0.359375,1
397,150,135.63803883728193,807.5973315110887,221.3198440341876,884.2751967199589,0.0,2
397,153,1173.3727160619496,100.49653529528679,1225.9388732070897,142.46753374063806,0.416748046875,2
397,155,74.5850010810681,846.0445666931344,108.08103064668113,876.0267400158807,0.0,2
398,7,859.7259913837464,260.9817818668957,888.0438581752616,314.00800603808324,0.56787109375,2
398,8,1573.8303278459418,65.62201628035743,1597.169672154058,104.2661407575965,0.403564453125,2
398,10,1176.1089625395782,92.16198153078477,1230.958106125777,140.2498234385063,0.0,1
398,11,1024.0510355251674,216.51105637778,1047.6838375163675,260.2896679818511,0.69580078125,2
398,13,1552.4016219382875,25.349482033092468,1585.6028832329928,55.70024758436293,0.494140625,1
398,65,1767.1391301502194,476.18715768807704,1905.4053499260947,624.746274640717,0.4775390625,2
398,67,-11.808241939630651,926.9372379559636,73.11560186502113,1077.3335348310898,0.7265625,2
398,76,1686.888074522749,483.75949533598754,1770.2855800217867,580.0339136028545,0.0,2
398,105,1338.8106416279743,59.61053087800673,1355.0154215172672,81.26977424331264,0.451416015625,2
398,116,1209.4034893078551,136.51932676178006,1230.2788926287596,172.8937064824333,0.32421875,2
398,118,-33.31259490132286,939.5739555877213,84.61493563029151,1087.142254484295,0.0,2
398,126,-117.35486937930725,970.8904432135622,21.877973010169654,1106.2610606152684,0.0,2
398,131,-101.8885577615574,895.7392533653986,37.41675662810081,1110.2909285802925,0.0,2
398,146,1473.5288309528285,0.0,1489.7005043212064,16.656162669699846,0.359375,1
398,150,131.14259728449974,808.9866372362754,218.06635961370725,886.7759470252951,0.0,2
398,153,1173.2092599999373,100.54809028951263,1226.3469067792923,142.68885727362976,0.414794921875,2
398,155,71.4450164950627,847.4022098806394,104.33434384238531,876.8413259283838,0.0,2
399,7,857.2710917495904,261.99243667015884,885.8900378881461,315.3043843194738,0.498046875,2
399,8,1573.8156662924966,65.5443384333787,1597.1843337075031,104.13119017600096,0.4130859375,2
399,10,1175.9810699419133,92.16994296528975,1230.9081778125292,140.32581353471397,0.0,1
399,11,1022.6303112421369,218.0406403122416,1046.1074723853012,261.4045734953625,0.6826171875,2
399,13,1552.373779711917,25.572558036066855,1585.7222057174874,55.79640889999425,0.5,1
399,65,1766.7840335977844,475.73731066496623,1905.3806871061665,624.7452239918128,0.5498046875,2
399,67,-16.242851900009253,928.6433527146439,65.43325567417905,1081.3911357135555,0.556640625,2
399,76,1688.095990970861,486.70446124773497,1767.919313310027,579.7536748649629,0.2666015625,2
399,105,1338.814681839035,59.81203503875966,1354.9475699992854,81.10036740981522,0.462890625,2
399,116,1208.1840161266487,137.88721217160477,1228.2005038944035,172.4869855269929,0.43017578125,2
399,118,-40.271885236225046,947.0531562873646,74.77722230172515,1091.0180402599228,0.0,2
399,126,-128.99868365356258,976.3528471397962,10.187501731552203,1111.6812178144828,0.0,2
399,131,-112.94424512002249,898.6740995749644,28.07940160521477,1115.8736141474405,0.0,2
399,146,1473.1453445166233,0.0,1489.8268790495044,16.62182945596755,0.388671875,1
399,150,126.64715572359663,810.3759429614622,214.8128752013479,889.2766973306311,0.0,2
399,153,1172.4334545490472,104.28528854615425,1221.2580407593014,142.76300207627398,0.39794921875,2
399,155,68.3050319161175,848.7598530681444,100.58765703102924,877.6559118408868,0.0,2
400,7,856.6896512393912,263.94590963055475,884.8685800992406,316.616046711842,0.42626953125,2
400,8,1573.8561360047438,65.7591817198393,1597.143863995256,104.0807479194501,0.4072265625,2
400,10,1175.8531768207404,92.17790439979471,1230.8582500227901,140.40180363092168,0.0,1
400,11,1019.3637306007153,217.21722133676036,1043.4846221127664,262.1648848375529,0.5830078125,2
400,13,1552.2814689867798,25.656514685501826,1585.8380393191273,55.83481329354593,0.505859375,1
400,65,1766.4772535711606,475.567763370105,1905.54684010528,625.240346907326,0.57080078125,2
400,67,-19.734870727075347,934.9792099952558,53.809169605209675,1082.7525496310323,0.54296875,2
400,76,1688.3052251076683,486.7577264501472,1767.6418925291905,579.7366769772968,0.26123046875,2
400,105,1338.2479648592382,59.767791064705506,1354.508198964001,80.76796157400724,0.455078125,2
400,116,1205.5190732770484,139.9495193766056,1224.6764915904657,172.93171841122734,0.490234375,2
400,118,-47.23114540697489,954.5323569870078,64.93947880900645,1094.8938260355505,0.0,2
400,126,-140.64249892833618,981.8152510660301,-1.502968546547038,1117.1013750136972,0.0,2
400,131,-123.99992185241837,901.6089457845302,18.742035956259514,1121.4562997145888,0.0,2
400,146,1473.0227004914423,0.0,1489.959246126359,16.701686017882967,0.42626953125,1
400,150,122.15171415457252,811.7652486866489,211.55939079710953,891.7774476359672,0.0,2
400,153,1172.4259528288612,106.2055339119974,1219.0496040919804,142.51611184686925,0.31396484375,2
400,155,65.16504734423253,850.1174962556494,96.84097021261297,878.4704977533897,0.0,2
401,7,856.644470392488,264.78453876937266,884.4838087519654,316.94493071162736,0.43212890625,2
401,8,1573.8488919431284,65.8354089418047,1597.1511080568716,104.06240089862,0.4091796875,2
401,10,1175.7252831760588,92.18586583429968,1230.808322756559,140.47779372712935,0.0,1
401,11,1018.2726734841298,216.8945752210388,1042.511844670411,262.4276748660845,0.583984375,2
401,13,1552.1724030337346,25.68711127573902,1585.9463354875097,55.850704927299084,0.505859375,1
401,65,1766.5990113927323,475.75253011666143,1905.3754892886918,625.1800165022706,0.57177734375,2
401,67,-19.441935894993044,937.2336549672178,48.72539788580843,1082.9587529100838,0.544921875,2
401,76,1688.438473146395,486.77572844827364,1767.4839436541856,579.7305140343735,0.267333984375,2
401,105,1337.9442028928947,59.69913658468376,1354.4600591719422,80.63205257059208,0.45703125,2
401,116,1204.5882817723407,140.65993551318465,1223.480125147034,173.0675329652995,0.490234375,2
401,118,-54.1903754135724,962.011557686651,55.10170515213541,1098.769611811178,0.0,2
401,126,-152.28631520362802,987.277654992264,-13.193437824128011,1122.5215322129116,0.0,2
401,131,-135.05558795874506,904.543791994096,9.404659681235046,1127.0389852817368,0.0,2
401,146,1472.9924598013004,0.0,1490.072143169393,16.6998021797597,0.42626953125,1
401,150,117.65627257742743,813.1545544118356,208.30590640099211,894.2781979413033,0.0,2
401,153,1172.14351348364,106.58360180904485,1218.6040867725744,142.42163565238022,0.31396484375,2
401,155,62.02506277940779,851.4751394431545,93.09428338713647,879.2850836658929,0.0,2
402,7,853.6376292041971,267.04887602778166,881.5349529031915,319.50184609447433,0.60205078125,2
402,8,1573.8579627093534,65.98382785287352,1597.1420372906466,104.05624125819581,0.414794921875,2
402,10,1175.597389007869,92.19382726880464,1230.7583960138363,140.55378382333703,0.0,1
402,11,1015.3299479294972,220.91436881333192,1038.9829084986093,265.1943087128522,0.67724609375,2
402,13,1551.0648527939902,25.41815364114469,1585.0586415068638,55.88888597121712,0.482421875,1
402,65,1768.7543806616125,477.06323852646915,1907.16925311822,625.4031411764768,0.58154296875,2
402,67,-30.07528404658086,941.6386874026674,38.52828000253923,1088.3228464299807,0.0,2
402,76,1688.9580515754349,486.03111414678966,1768.9584468850737,579.9794546325268,0.25390625,2
402,105,1337.1431146167447,59.78246718971049,1354.14931364386,80.82320895168623,0.414794921875,2
402,116,1201.245129809722,142.21337714854252,1221.0879489461186,176.14569734384307,0.5869140625,2
402,118,-61.14957525601756,969.4907583862941,45.26390133111202,1102.6453975868058,0.0,2
402,126,-163.93013247943813,992.7400589184981,-24.883906101190718,1127.941689412126,0.0,2
402,131,-146.11124343900258,907.4786382036617,0.06727278014139415,1132.6216708488848,0.0,2
402,146,1471.3227333688435,0.0,1488.8537666792479,17.103283127090428,0.381103515625,1
402,150,113.16083099216137,814.5438601370224,205.0524220129957,896.7789482466394,0.0,2
402,153,1172.8776916424692,107.19725088952393,1219.6981859986504,142.8952931589944,0.352294921875,2
402,155,58.88507822164327,852.8327826306595,89.34759655459975,880.0996695783958,0.0,2
403,7,851.6119835949504,268.6081881845995,879.475106031428,321.16420638338826,0.611328125,2
403,8,1573.9372650025737,66.40846637063693,1597.0627349974263,104.05464788657109,0.418701171875,2
403,10,1167.8520215469725,110.39948314817667,1204.0724682538535,143.2179260511529,0.31494140625,2
403,11,1012.4359163730824,222.44035708848511,1036.6369345283306,267.22136918384643,0.71240234375,2
403,13,1550.8266126837395,25.53271550826073,1584.5429026775262,55.81138232911984,0.445556640625,1
403,65,1769.2031854903569,477.06188422273306,1908.2139980950235,625.4859428889274,0.56591796875,2
403,67,-40.70855112594871,946.043719838117,28.33108104705007,1093.6869399498776,0.0,2
403,76,1688.995803286882,485.9964575117337,1769.0206290166682,579.9739567919612,0.0,2
403,105,1336.8290987450664,60.04857643720895,1354.0700149904183,80.88651748345822,0.357666015625,2
403,116,1198.9404984616442,143.49478890938718,1219.411942148192,178.47527291369371,0.53515625,2
403,118,-68.1087449343104,976.9699590859374,35.4260673459363,1106.5211833624332,0.0,2
403,126,-175.57395075576648,998.202462844732,-36.574373377735185,1133.3618466113403,0.0,2
403,131,-157.16688829319088,910.4134844132277,-9.27012474702147,1138.204356416033,0.0,2
403,146,1470.2347511646067,0.0,1487.9258855687026,17.22223034037207,0.267333984375,1
403,150,108.66538939877432,815.9331658622092,201.79893763312026,899.2796985519756,0.0,2
403,153,1172.9337686585125,108.05989259400957,1218.8388938089327,143.0599859512314,0.0,2
403,155,55.74509367093897,854.1904258181645,85.6009097150028,880.9142554908989,0.0,2
404,7,850.9433515133612,269.1600214773537,878.7423807379797,321.74715486841524,0.609375,2
404,8,1573.9713961044743,66.68760809050531,1597.0286038955255,104.05475111041682,0.416748046875,2
404,10,1168.0547329591707,110.8572809334129,1203.115397102137,143.36232017461475,0.3173828125,2
404,11,1010.9386907889259,222.97904162629519,1035.3503623049664,267.9431687228697,0.71240234375,2
404,13,1550.7530561210526,25.57636664496211,1584.3317887810513,55.782758455850455,0.445556640625,1
404,65,1769.2265195167067,477.0571178075434,1908.7372725282423,625.5149760126412,0.56787109375,2
404,67,-51.341737133096586,950.4487522735665,18.133801019340922,1099.0510334697742,0.0,2
404,76,1689.033555122235,485.9618008766778,1769.0828110243565,579.9684589513957,0.0,2
404,105,1336.6608374322493,60.25810695332653,1354.1160057603502,80.90130380968615,0.346923828125,2
404,116,1198.0711305581096,144.006195081286,1218.8875586704849,179.57826388281305,0.533203125,2
404,118,-75.06788444845088,984.4491597855806,25.588203196608234,1110.396969138061,0.0,2
404,126,-187.2177700326131,1003.664866770966,-48.26483965376141,1138.7820038105547,0.0,2
404,131,-168.22252252130997,913.3483306227935,-18.607532900253517,1143.7870419831813,0.0,2
404,146,1469.846309294842,0.0,1487.6137011347469,17.26501859211086,0.26806640625,1
404,150,104.1699477972663,817.3224715873959,198.54545326136576,901.7804488573115,0.0,2
404,153,1172.9898464703022,108.92253429849521,1217.9796008234687,143.22467874346842,0.0,2
404,155,52.605109127294895,855.5480690056695,81.85422286834563,881.7288414034019,0.0,2
405,7,848.8105188044314,270.31597905271894,876.5388715397199,322.9073746788212,0.5830078125,2
405,8,1573.9219539756357,66.66074180777662,1597.078046024364,104.05537067294901,0.42626953125,2
405,10,1166.8462919527558,111.82792716280969,1199.771558366431,143.6749311108334,0.291015625,2
405,11,1008.7719565807159,223.64020937298108,1033.6914724525711,269.16318675903426,0.66015625,2
405,13,1550.7420162914075,25.654445408815466,1584.2404684036546,55.83504107875345,0.439697265625,1
405,65,1768.902707281534,476.8034458613482,1909.2489933878649,625.7716208613275,0.55908203125,2
405,67,-61.97484206802448,954.8537847090162,7.936439919411804,1104.4151269896713,0.0,2
405,76,1689.071307081494,485.9271442416218,1769.144992908139,579.9629611108303,0.0,2
405,105,1336.4180779598444,60.447369711059615,1354.3357040206763,81.27484103398385,0.30322265625,2
405,116,1196.1482724229418,144.46793305666537,1216.4710407531252,179.59134562958008,0.556640625,2
405,118,-82.02699379843902,991.9283604852238,15.750308883127843,1114.2727549136887,0.0,2
405,126,-198.86159030997794,1009.1272706972,-59.955304929269374,1144.202161009769,0.0,2
405,131,-179.27814612335987,916.2831768323592,-27.944951679554777,1149.3697275503293,0.0,2
405,146,1468.5787526400468,0.0,1486.7052821489438,17.64933459033385,0.27587890625,1
405,153,1173.0459250778385,109.78517600298083,1217.120307042258,143.38937153570538,0.0,2
405,155,49.46512459071104,856.9057121931745,78.10753601462824,882.5434273159049,0.0,2
405,156,1331.8732828744537,59.755291657177835,1350.1267171255463,82.58416657177831,0.355712890625,2
406,7,846.6423426369734,270.3430862896283,875.2265160214058,324.66019943869276,0.67919921875,2
406,8,1573.8137681155322,66.52028145672341,1597.1862318844676,104.18055043766293,0.42431640625,2
406,10,1166.6233673181243,109.94892521113007,1201.6609071767964,144.8915539317215,0.28857421875,2
406,11,1004.9152345279618,224.59651237965565,1030.363229466584,270.81851015207684,0.70068359375,2
406,13,1550.6942431299706,25.68325448006972,1584.2548846709174,55.97969626519608,0.466796875,1
406,65,1767.8859673384359,476.9521761133928,1908.338487039585,625.6185988252955,0.521484375,2
406,67,-72.6078659307324,959.2588171444659,-2.2610022527372706,1109.7792205095684,0.0,2
406,76,1689.109059164659,485.8924876065659,1769.2071746680156,579.9574632702648,0.0,2
406,105,1336.1149427457028,60.817250900631166,1354.6469397041888,82.09086129654091,0.25244140625,2
406,116,1194.176428799897,145.71724636241964,1214.9362967254701,182.15870908022407,0.57568359375,2
406,118,-88.98607298427483,999.407561184867,5.912384405495104,1118.1485406893162,0.0,2
406,126,-210.50541158786103,1014.5896746234339,-71.6457692042591,1149.6223182089834,0.0,2
406,131,-190.33375909934057,919.218023041925,-37.28238108492522,1154.9524131174774,0.0,2
406,146,1468.1366502477201,0.0,1486.377857028298,17.791839755631518,0.361083984375,1
406,153,1173.1020044811214,110.64781770746647,1216.261012465301,143.5540643279424,0.0,2
406,155,46.32514006118741,858.2633553806796,74.36084915385062,883.358013228408,0.0,2
406,156,1331.6355059607986,59.58925390862777,1350.3644940392014,83.05413422598659,0.43212890625,2
407,7,846.0207105934675,270.44846911899464,874.6403184430097,325.16331548781983,0.67724609375,2
407,8,1573.8234779309103,66.58667309108463,1597.1765220690897,104.10373045073518,0.42822265625,2
407,10,1166.4786245657742,109.29240149302626,1201.405673770028,145.18479305346136,0.289306640625,2
407,11,1003.5508680049923,225.1743555606552,1029.159711436412,271.4109008733361,0.70068359375,2
407,13,1550.754341208277,25.755248442404685,1584.1870130210077,55.97268817389148,0.462890625,1
407,65,1768.3826664420433,477.0061839095147,1909.0798015779224,625.5577831745077,0.5302734375,2
407,67,-83.24080872122036,963.6638495799156,-12.45852549710635,1115.1433140294653,0.0,2
407,76,1689.1468113717299,485.85783097150994,1769.2693563039861,579.9519654296993,0.0,2
407,105,1335.9899195140788,60.88378372744773,1354.7894999934365,82.20461864025276,0.26123046875,2
407,116,1193.6181677355662,146.3424724539616,1214.2673947803,183.08829899892604,0.56982421875,2
407,118,-95.9451220059583,1006.8867618845102,-3.9255702362899854,1122.024326464944,0.0,2
407,126,-222.14923386626236,1020.0520785496678,-83.33623247873052,1155.0424754081978,0.0,2
407,131,-201.38936144925208,922.1528692514908,-46.619821116364875,1160.5350986846256,0.0,2
407,146,1467.5184515789422,0.0,1485.7838750149044,17.842473298963107,0.35400390625,1
407,153,1173.1580846801508,111.51045941195211,1215.4017170925972,143.7187571201794,0.0,2
407,155,43.185155538724004,859.6209985681846,70.61416228601279,884.172599140911,0.0,2
407,156,1331.6765069909475,59.7380904239248,1350.3234930090523,83.1319797587532,0.42626953125,2
407,158,1197.1135331351854,95.35574870907581,1232.5837843992442,138.55641932546843,0.280517578125,2
408,7,843.6120890904074,270.6953851709321,872.808700566103,327.0231179315566,0.640625,2
408,8,1573.675044649646,66.35841601795391,1597.324955350354,104.32328040055562,0.46484375,2
408,10,1166.5974179197412,109.5123009128495,1200.2228114360578,145.0262530926857,0.26123046875,2
408,11,999.3230684437697,227.8234639441691,1024.7200859781449,273.3171185627683,0.77734375,2
408,13,1550.6719785343541,25.595504903588846,1584.271217581164,56.03204534341408,0.401611328125,1
408,65,1767.480771480827,477.02403558737427,1908.4569116311009,625.5329722494353,0.5859375,2
408,67,-93.87367043948834,968.0688820153653,-22.656129813695387,1120.5074075493624,0.0,2
408,76,1688.7350317158457,483.8878308351401,1770.2327972647565,579.7630617533761,0.25830078125,2
408,105,1335.1383288761856,60.89570847145418,1354.6741500265787,82.73215436582129,0.27197265625,2
408,116,1191.5572807201438,146.54369552269185,1212.0626101031678,182.9110615265433,0.51953125,2
408,118,-102.90414086348942,1014.3659625841534,-13.763555042227395,1125.9001122405716,0.0,2
408,126,-233.793057145182,1025.5144824759018,-95.02669475268377,1160.4626326074122,0.0,2
408,131,-212.4449531730944,925.0877154610566,-55.95727177387377,1166.1177842517736,0.0,2
408,146,1466.692250340553,0.0,1485.0617413269918,17.944078047036538,0.0,1
408,153,1173.2141656749266,112.37310111643775,1214.542420924147,143.88344991241638,0.0,2
408,155,40.04517102332082,860.9786417556896,66.86747541111473,884.987185053414,0.0,2
408,156,1331.5103755539017,59.525874245944166,1350.489624446098,83.41038785030112,0.447509765625,2
408,158,1197.5595763153628,95.59069018166078,1231.3958242036017,136.67460501638183,0.30810546875,2
409,7,840.9470317351866,272.9558259159786,870.0683664728335,328.9117601221175,0.64404296875,2
409,8,1573.6465472938332,66.26976123180793,1597.3534527061668,104.28175612739948,0.474609375,2
409,10,1166.6422832709757,109.70910444919474,1199.848058516281,145.6997982470443,0.27587890625,2
409,11,996.5362504454503,229.2918881752901,1022.4229226126826,275.4869719071228,0.6318359375,2
409,13,1550.837902969812,25.96737844430137,1584.1097117442937,56.11611052015209,0.3720703125,1
409,65,1767.0509333671682,477.2762296005985,1908.3017262015549,625.7700555928186,0.56884765625,2
409,67,-104.50645108553633,972.473914450815,-32.85381520250438,1125.8715010692595,0.0,2
409,76,1688.7267688736429,483.6813526876895,1770.3810987146755,579.7412809800596,0.0,2
409,105,1334.6537087273648,60.89158331412025,1354.8070722912407,83.16792831950333,0.263671875,2
409,116,1190.6541754214477,148.00339656726126,1211.4643697772547,184.90022363347526,0.48046875,2
409,118,-109.8631295568682,1021.8451632837966,-23.60157001231717,1129.775898016199,0.0,2
409,126,-245.43688142461986,1030.9768864021357,-106.71715602611872,1165.8827898066265,0.0,2
409,131,-223.5005342708675,928.0225616706224,-65.2947330574518,1171.7004698189216,0.0,2
409,146,1465.8660487947336,0.0,1484.3396079465094,18.04568279510997,0.0,1
409,153,1173.270247465449,113.23574282092338,1213.6831239599505,144.04814270465334,0.0,2
409,155,36.905186514977856,862.3362849431946,63.12078852915644,885.8017709659171,0.0,2
409,156,1331.3356492858152,59.32229039566378,1350.6643507141848,83.75801127066472,0.490234375,2
409,158,1196.305138516507,95.5845477265224,1231.2225217373066,137.86574448927655,0.388671875,2
410,7,839.9653329008265,273.8001466223497,869.1059879839455,329.58961743224114,0.642578125,2
410,8,1573.6278447915226,66.23337938533231,1597.3721552084774,104.2652330973324,0.47265625,2
410,10,1166.893631377634,109.77369342827652,1199.520854906346,145.93790446973097,0.281494140625,2
410,11,995.5461003373633,229.80831184322517,1021.6665168902674,276.2612548700407,0.6259765625,2
410,13,1550.8760950009516,26.108249053092827,1584.0773151588255,56.20989559553602,0.375732421875,1
410,65,1766.810399476389,477.36892020236644,1908.3182445742746,625.8580731760118,0.56689453125,2
410,67,-115.13915065936436,976.8789468862647,-43.05158166353337,1131.2355945891563,0.0,2
410,76,1688.7185068694305,483.47487454023894,1770.5293993266043,579.7195002067431,0.0,2
410,105,1334.4632479636402,60.880800281748876,1354.878153826167,83.20200290448638,0.264404296875,2
410,116,1190.4214086128297,148.64712472068973,1211.2292866403964,185.4937800938872,0.4765625,2
410,118,-116.82208808609465,1029.3243639834398,-33.43961514655926,1133.6516837918268,0.0,2
410,126,-257.08070670457596,1036.4392903283697,-118.40761629903542,1171.302947005841,0.0,2
410,131,-234.55610474257142,930.9574078801882,-74.63220496709906,1177.28315538607,0.0,2
410,146,1465.0398469414838,0.0,1483.6174748734577,18.1472875431834,0.0,1
410,153,1173.3263300517178,114.09838452540902,1212.8238262000073,144.21283549689036,0.0,2
410,155,33.76520201369512,863.6939281306996,59.37410164013794,886.61635687842,0.0,2
410,156,1331.3065490019883,59.18637244526593,1350.6934509980117,83.81200266408308,0.4921875,2
410,158,1195.9168834987051,95.64565115159944,1231.162165045103,138.18557220901562,0.403564453125,2
411,7,838.4313316744872,274.33247002083056,868.0670108942811,331.0305202463218,0.6298828125,2
411,8,1573.67981813394,66.46544687898344,1597.3201818660598,104.2585142339612,0.46875,2
411,10,1167.898359855014,111.90267763791785,1198.5375910150149,146.26175716953276,0.263671875,2
411,11,992.6868733995109,229.71658740399664,1019.1297856469834,277.24688024761235,0.658203125,2
411,13,1550.9255231637094,25.91102647355477,1584.033135259842,55.93414033671395,0.329345703125,1
411,65,1766.8516761701414,477.89650440567743,1908.1916414133414,625.8891487881315,0.5126953125,2
411,67,-125.77176916097241,981.2839793217144,-53.24942919678233,1136.5996881090534,0.0,2
411,76,1689.1816215990987,484.9528525635371,1769.8765518940786,579.7421603713893,0.25390625,2
411,105,1334.2422147676486,61.09076968755112,1354.7121406207677,83.47151739744143,0.0,2
411,116,1188.3497136485055,148.85597091788634,1208.3092511710627,184.19747753646,0.517578125,2
411,118,-123.78101645116877,1036.803564683083,-43.27769044495372,1137.5274695674545,0.0,2
411,126,-268.7245329850503,1041.9016942546036,-130.09807557143387,1176.723104205055,0.0,2
411,131,-245.6116645882061,933.892254089754,-83.9696875028155,1182.8658409532181,0.0,2
411,146,1464.5376814120411,0.0,1482.9153914654698,17.782374598550977,0.312255859375,1
411,153,1173.3824134337333,114.96102622989466,1211.9645276443175,144.37752828912735,0.0,2
411,155,30.625217519472603,865.0515713182048,55.62741474405921,887.4309427909232,0.0,2
411,156,1331.4646099418787,59.580050121084184,1350.535390058121,83.88363036640598,0.501953125,2
411,158,1195.4694928937424,95.79262783632223,1230.4146365657255,137.6491361152885,0.4091796875,2
412,7,835.7249360897335,273.89275923891915,865.9907187468084,331.9030762809023,0.61865234375,2
412,8,1573.6207362708706,66.30284267236621,1597.3792637291294,104.25558832381753,0.470703125,2
412,10,1167.4664650429133,112.34691491970102,1198.0136201820194,146.60598156500168,0.0,2
412,11,989.7334690940984,231.85236624889785,1015.2962138031517,278.31638417732836,0.57763671875,2
412,13,1550.7706838850281,25.586463530054704,1584.1928114111602,55.95381639108838,0.36669921875,1
412,65,1766.786575495809,478.3403159109671,1908.2246238057548,626.1467756729917,0.4580078125,2
412,67,-136.40430659036048,985.689011757164,-63.44735780225125,1141.9637816289505,0.0,2
412,76,1689.2242471583195,484.90755743339855,1769.9424096336354,579.7246320829979,0.0,2
412,105,1334.0211800811371,61.30073909335337,1354.5461289058883,83.7410318903965,0.0,2
412,116,1187.3371005856875,148.95168975937162,1206.5510328490045,183.14573486740608,0.53515625,2
412,118,-130.73991465209053,1044.2827653827262,-53.1157959075005,1141.403255343082,0.0,2
412,126,-280.36836026604294,1047.3640981808376,-141.7885338433141,1182.1432614042694,0.0,2
412,131,-256.66721380777165,936.8271002993198,-93.30718066460119,1188.4485265203662,0.0,2
412,146,1462.8260790484926,0.0,1481.0844228894596,17.692010494844034,0.264404296875,1
412,153,1173.4384976114952,115.8236679343803,1211.1052282928813,144.54222108136435,0.0,2
412,155,27.485233032310312,866.4092145057098,51.88072784092026,888.2455287034261,0.0,2
412,156,1331.5487265091665,59.795398081236094,1350.4512734908333,83.96290265819076,0.5234375,2
412,158,1194.9513281125653,96.6224685601411,1229.4774301528475,137.32887317917925,0.263671875,2
413,7,834.765379281519,273.6965242990729,865.2350029745876,332.19515190661735,0.63330078125,2
413,8,1573.5268391240486,65.99223000374874,1597.4731608759514,104.254218873556,0.474609375,2
413,10,1167.034561791314,112.79115220148421,1197.4896577885227,146.95020596047058,0.0,2
413,11,988.785502543289,232.63491858938664,1013.8555288224766,278.6709790143109,0.57763671875,2
413,13,1550.7307214300356,25.464151929605485,1584.2367552566964,55.961487170500334,0.357666015625,1
413,65,1766.8909948273702,478.9983001694443,1908.1085219361723,626.2414564257044,0.43212890625,2
413,67,-147.0367629475286,990.0940441926136,-73.64536747994015,1147.3278751488474,0.0,2
413,76,1689.2668728364254,484.86226230326,1770.008267254307,579.7071037946065,0.0,2
413,105,1333.8001439041059,61.51070849915562,1354.380118681529,84.01054638335155,0.0,2
413,116,1187.033879799768,148.89085507399352,1205.9550670784513,182.72790221864884,0.53125,2
413,118,-137.69878268885998,1051.7619660823693,-62.95393153419964,1145.2790411187095,0.0,2
413,126,-292.01218854755376,1052.8265021070715,-153.478991114676,1187.5634186034838,0.0,2
413,131,-267.72275240126794,939.7619465088856,-102.644684452456,1194.0312120875142,0.0,2
413,146,1462.2740816123317,0.0,1480.453194367002,17.630993276660305,0.260498046875,1
413,153,1173.4945825850039,116.68630963886594,1210.2459281456986,144.70691387360134,0.0,2
413,155,24.34524855220824,867.7668576932148,48.13404093072108,889.0601146159291,0.0,2
413,156,1331.557974609842,59.81282328909777,1350.442025390158,84.04712846434482,0.529296875,2
413,158,1194.5532681099635,96.91346051452368,1229.3795587210216,137.3515825923509,0.3056640625,2
414,7,831.327354216482,275.6720004300969,862.2753490635378,335.3194249166637,0.66357421875,2
414,8,1573.5917914337435,66.24448383176579,1597.4082085662567,104.253463703952,0.466796875,2
414,10,1166.6026501002164,113.23538948326738,1196.965703834525,147.29443035593948,0.0,2
414,11,984.1967372225383,233.3864416138825,1009.7860943367367,280.7478942771003,0.62060546875,2
414,13,1550.6940203023692,25.441256645052984,1584.2215959746786,55.9566878343779,0.0,1
414,65,1767.6348840783596,478.74272184328066,1909.3476458774098,626.2740728464146,0.4658203125,2
414,67,-157.66913823247674,994.4990766280633,-83.84345822984905,1152.6919686687443,0.0,2
414,76,1689.3094986334165,484.81696717312155,1770.0741247560934,579.6895755062152,0.0,2
414,105,1333.5791062365545,61.72067790495787,1354.2141099476894,84.28006087630662,0.0,2
414,116,1181.631669645749,148.34214588794188,1203.1034598836102,187.07104294918457,0.422607421875,2
414,118,-144.65762056147707,1059.2411667820127,-72.79209732505112,1149.1548268943375,0.0,2
414,126,-303.6560178295829,1058.2889060333055,-165.16944738551973,1192.9835758026982,0.0,2
414,131,-278.77828036869505,942.6967927184513,-111.98219886638006,1199.6138976546622,0.0,2
414,146,1461.0563901133678,0.0,1479.3032694212818,17.73098332651049,0.28369140625,1
414,153,1173.5506683542587,117.54895134335158,1209.3866272027692,144.87160666583833,0.0,2
414,155,21.20526407916639,869.1245008807198,44.387354013461675,889.8747005284322,0.0,2
414,156,1331.1880775100306,60.193449777263744,1349.8123541029952,84.32146489336688,0.56591796875,2
414,158,1190.9121247519324,94.56952644905746,1228.7640721747578,138.00776339737337,0.57177734375,1
415,7,829.2928860628924,276.64872608398304,861.0012178684319,338.1820829721687,0.62451171875,2
415,8,1573.5426083366976,66.09208317092929,1597.4573916633024,104.25292989702784,0.470703125,2
415,10,1166.1707299696197,113.67962676505056,1196.4417583200252,147.6386547514084,0.0,2
415,11,980.6487389149238,233.88555174390387,1006.3178028487926,281.7370840283361,0.59814453125,2
415,13,1550.6573181899205,25.418361360500484,1584.2064376774429,55.951888498255485,0.0,1
415,65,1767.649625471963,478.14323346477494,1910.0765370199454,626.2834352534973,0.446533203125,2
415,67,-168.3014324452049,998.904109063513,-94.04163005197792,1158.0560621886414,0.0,2
415,76,1689.352124549293,484.771672042983,1770.1399821389948,579.6720472178238,0.0,2
415,105,1333.3580670784834,61.930647310760115,1354.04810270437,84.54957536926167,0.0,2
415,116,1178.6908035843294,148.51004171389525,1201.1768901641428,189.45129705340906,0.521484375,2
415,118,-151.61642826994182,1066.7203674816558,-82.63029328005493,1153.030612669965,0.0,2
415,126,-315.29984811213023,1063.7513099595396,-176.85990265584516,1198.4037330019128,0.0,2
415,131,-289.833797710053,945.6316389280171,-121.31972390637333,1205.1965832218102,0.0,2
415,146,1460.1647229506916,0.0,1478.4525823427662,17.77074939503392,0.0,1
415,153,1173.6067549192603,118.41159304783721,1208.5273254640933,145.03629945807532,0.0,2
415,155,18.065279613184767,870.4821440682248,40.640667089142056,890.6892864409351,0.0,2
415,156,1331.1018834915194,60.398278840738655,1349.5226948169445,84.47999811399524,0.57958984375,2
415,158,1189.5666876562952,93.85627526953647,1228.6039758472928,138.1196231567751,0.490234375,1
416,7,828.6313876290951,276.9997027591136,860.5040300233921,339.23944286611066,0.62451171875,2
416,8,1573.4899182181728,65.9103228457408,1597.5100817818272,104.25255118877111,0.47265625,2
416,10,1165.7388013995246,114.12386404683375,1195.9178212450245,147.98287914687734,0.0,2
416,11,979.4378059015971,234.0383044212916,1005.0354283098833,282.0700416087527,0.60205078125,2
416,13,1550.6206150926898,25.395466075947986,1584.1912803649896,55.94708916213306,0.0,1
416,65,1767.6153717938025,477.911641088895,1910.3829233951255,626.284250549445,0.448486328125,2
416,67,-178.9336455857131,1003.3091414989627,-104.23988294632674,1163.4201557085385,0.0,2
416,76,1689.3947505840545,484.72637691284456,1770.205839403011,579.6545189294325,0.0,2
416,105,1333.1370264298923,62.14061671656236,1353.8820969515702,84.81908986221674,0.0,2
416,116,1177.6400101280856,148.73431273016053,1200.3897853970263,190.50436084884126,0.513671875,2
416,118,-158.57520581425422,1074.199568181299,-92.46851939921106,1156.9063984455925,0.0,2
416,126,-326.94367939519583,1069.2137138857736,-188.55035692565235,1203.8238902011271,0.0,2
416,131,-300.8893044253417,948.566485137583,-130.6572595724358,1210.7792687889585,0.0,2
416,146,1459.2730556604815,0.0,1477.6018953917849,17.81051546355735,0.0,1
416,153,1173.6628422800084,119.27423475232285,1207.6680229296712,145.2009922503123,0.0,2
416,155,14.925295154263367,871.8397872557299,36.893980157762215,891.5038723534383,0.0,2
416,156,1331.121307343806,60.53478817157562,1349.3675532936415,84.59456470068085,0.58154296875,2
416,158,1188.8906835962014,93.52385891108025,1228.7519080964857,138.22601872517728,0.509765625,1
417,7,827.0431430922935,277.8354766277951,858.8614945090555,340.32346495289636,0.67724609375,2
417,8,1573.505325489188,65.84150209385089,1597.494674510812,104.12863920254864,0.445556640625,2
417,10,1165.306864389931,114.56810132861692,1195.3938926095225,148.32710354234624,0.0,2
417,11,976.8325218978389,235.53749174438036,1001.9726267571967,282.8903461859777,0.544921875,2
417,13,1550.5839110106767,25.37257079139549,1584.1761240373185,55.94228982601064,0.0,1
417,65,1767.5661181851567,477.82110968688056,1910.5247401447107,626.2820135692061,0.513671875,2
417,67,-189.5657776540013,1007.7141739344124,-114.43821691289553,1168.7842492284353,0.0,2
417,76,1689.437376737701,484.68108178270603,1770.2716965481418,579.636990641041,0.0,2
417,105,1332.9159842907814,62.35058612236461,1353.7160926892905,85.0886043551718,0.0,2
417,116,1175.2114829104985,149.40666422429243,1198.3771138607517,192.0858964683266,0.60205078125,2
417,118,-165.5339531944143,1081.6787688809422,-102.30677568251954,1160.7821842212202,0.0,2
417,126,-338.58751167877966,1074.6761178120075,-200.24081019494128,1209.2440474003415,0.0,2
417,131,-311.9448005145612,951.5013313471487,-139.99480586456744,1216.3619543561067,0.0,2
417,146,1458.3813882427373,0.0,1476.7512085683372,17.850281532080782,0.0,1
417,153,1173.718930436503,120.1368764568085,1206.8087195995022,145.36568504254933,0.0,2
417,156,1331.1772029195265,60.70729992399644,1349.2669105684981,84.75506832819761,0.57568359375,2
417,158,1188.4885707998735,93.09704515986903,1229.003152642132,138.0810372127342,0.72314453125,1
418,7,824.3079855473327,278.8626181367278,856.5668722577752,342.398361038805,0.630859375,2
418,8,1573.4439838005273,65.69211321640783,1597.5560161994729,104.20542968881688,0.416748046875,2
418,10,1164.8749189408386,115.01233861040009,1194.869972413519,148.67132793781514,0.0,2
418,11,974.0310499908164,238.0573262659237,998.8612082207994,284.64469922465196,0.59716796875,2
418,13,1550.48774364313,24.888622996770177,1584.4863729445192,55.96597744183222,0.4072265625,1
418,65,1767.718615141284,478.03285610680297,1910.39703853868,626.0312412848909,0.5107421875,2
418,67,-200.19782865006954,1012.1192063698621,-124.63663195168431,1174.1483427483324,0.0,2
418,76,1689.232437489366,485.2169646294907,1769.8115346659088,579.7429790526961,0.27978515625,2
418,105,1332.6949406611504,62.56055552816686,1353.5500899175306,85.35811884812686,0.0,2
418,116,1173.7064956396218,150.01571863061378,1196.3335898238122,191.9423970004726,0.60205078125,2
418,118,-172.49267041042202,1089.1579695805854,-112.14506212998037,1164.657969996848,0.0,2
418,131,-323.00028597771154,954.4361775567145,-149.33236278276829,1221.9446399232547,0.0,2
418,146,1457.4897206974592,0.0,1475.9005218724237,17.890047600604213,0.0,1
418,153,1173.7750193887439,120.99951816129412,1205.949415473587,145.5303778347863,0.0,2
418,156,1331.161681455559,60.520008866417605,1349.271645435959,84.80874645239722,0.58154296875,2
418,158,1188.4412834682375,93.19158151221515,1229.0372708717337,137.77830558839793,0.642578125,1
419,7,823.3476187778672,279.35221156038153,855.714545076463,343.26743081804386,0.6318359375,2
419,8,1573.4591714288035,65.69837729487585,1597.5408285711967,104.17287397158691,0.416748046875,2
419,10,1164.4429650522477,115.45657589218327,1194.3460606570143,149.01555233328403,0.0,2
419,11,973.05721371367,238.96786668206397,997.817761971675,285.26190482259113,0.59716796875,2
419,13,1550.5264275968043,24.837665829524056,1584.4565504646228,55.96716514707262,0.4072265625,1
419,65,1767.7283005233892,478.1114707753227,1910.3870539168365,625.9345958690399,0.4814453125,2
419,67,-210.8297985739178,1016.5242388053118,-134.83512806269306,1179.5124362682293,0.0,2
419,76,1689.1947338456948,485.24046823088617,1769.8327483055969,579.7455484396695,0.275146484375,2
419,105,1332.4738955409996,62.77052493396911,1353.3840886362905,85.62763334108192,0.0,2
419,116,1173.2223591077448,150.04947282750402,1195.5851194094485,191.71157807505634,0.60400390625,2
419,118,-179.4513574622774,1096.6371702802287,-121.98337874159353,1168.5337557724756,0.0,2
419,131,-334.0557608147926,957.3710237662804,-158.6699303270383,1227.5273254904027,0.0,2
419,146,1456.598053024647,0.0,1475.049835304044,17.929813669127643,0.0,1
419,153,1173.8311091367316,121.86215986577976,1205.0901105519251,145.69507062702328,0.0,2
419,156,1331.2040973196874,60.446377663678845,1349.2301156298413,84.82299508598777,0.58154296875,2
419,158,1188.3299972895827,93.23875039069378,1229.1874986050939,137.6633725583308,0.642578125,1
420,7,819.537985284556,279.5109803977637,853.0912472337166,345.99169601700305,0.6494140625,2
420,8,1573.3342266548073,65.26882105072872,1597.665773345193,104.22244898083767,0.447509765625,2
420,10,1164.011002724158,115.90081317396644,1193.8221573400078,149.35977672875293,0.0,2
420,11,968.8409216944776,239.01940870346093,994.5069271250928,287.44058914550425,0.63720703125,2
420,13,1550.682736137015,25.31619761375095,1584.303225130568,56.21547052177927,0.290283203125,1
420,65,1767.8923930452472,478.3870623345364,1910.2145044031272,625.6495603182547,0.4716796875,2
420,67,-221.4616874255461,1020.9292712407614,-145.0337052459218,1184.8765297881264,0.0,2
420,76,1690.2327723917206,484.7500698808438,1770.7821394621094,579.7463276278779,0.273681640625,2
420,105,1332.252848930329,62.980494339771354,1353.2180888455707,85.89714783403699,0.0,2
420,116,1171.339833785848,152.9909414678694,1193.191807077065,193.7988027181159,0.69775390625,2
420,118,-186.41001434998046,1104.1163709798718,-131.82172551735906,1172.409541548103,0.0,2
420,146,1455.7063852243011,0.0,1474.1991488631988,17.969579737651074,0.0,1
420,153,1173.8871996804655,122.7248015702654,1204.2308048345164,145.85976341926028,0.0,2
420,156,1330.637969917373,60.29217283898287,1348.811582515055,85.31727400630515,0.6533203125,2
420,158,1188.0631974479732,93.01644644971478,1229.5028535242222,137.37346607079755,0.544921875,1
421,7,816.5464547270204,282.08997035542683,849.8563697995316,348.0789084101812,0.626953125,2
421,8,1573.2680787122706,64.98526613039166,1597.7319212877292,104.24119462356636,0.42626953125,2
421,10,1163.5790319565697,116.34505045574963,1193.2982624625001,149.70400112422186,0.0,2
421,11,965.2800221735,239.8706975425981,991.4819369816613,289.80874164924046,0.61328125,2
421,13,1550.981234688553,25.745639917910044,1584.0067169171234,56.4325212874752,0.257568359375,1
421,65,1767.8956806814865,478.4886784473886,1910.200329853923,625.542002011485,0.4599609375,2
421,67,-232.09349520495442,1025.3343036762112,-155.2323635013705,1190.2406233080235,0.0,2
421,76,1690.5541783660935,484.0728876416829,1771.1965499820508,579.7468182371417,0.25537109375,2
421,105,1332.0318008291383,63.1904637455736,1353.0520905453704,86.16666232699204,0.0,2
421,116,1169.561387670171,153.29215065178317,1191.4940576307229,194.43570492410862,0.69287109375,2
421,118,-193.36864107353117,1111.595571679515,-141.66010245727688,1176.2853273237306,0.0,2
421,146,1454.8147172964211,0.0,1473.3484625498872,18.009345806174505,0.0,1
421,153,1173.9432910199462,123.58744327475104,1203.3714983213617,146.0244562114973,0.0,2
421,156,1330.3371102827489,59.98773969760319,1348.7457906044613,85.62142602070082,0.66015625,2
421,158,1187.8709796703508,93.0640307365789,1229.7433681127902,137.39031084413818,0.501953125,1
422,7,815.4637044732557,283.0737103068388,848.6595107596032,348.82791564592924,0.6298828125,2
422,8,1573.324445262114,65.12654306313453,1597.675554737886,104.2482492776224,0.43212890625,2
422,10,1163.1470527494828,116.7892877375328,1192.7743760244914,150.0482255196908,0.0,2
422,11,964.069153484517,240.16575390497263,990.329196908405,290.68233677216637,0.609375,2
422,13,1551.1822665812444,25.96931828431424,1583.8072493705815,56.575236529089096,0.259033203125,1
422,65,1767.8429373060376,478.52386977332503,1910.2424183675744,625.5025727599686,0.4814453125,2
422,67,-242.72522191214276,1029.7393361116608,-165.43110282903916,1195.6047168279204,0.0,2
422,76,1690.7739438773501,483.81929587980267,1771.2451511618895,579.7472104086612,0.28369140625,2
422,105,1331.810751237428,63.40043315137585,1352.88609373569,86.43617681994711,0.0,2
422,116,1168.9748638994147,153.38477841481088,1190.8796821945714,194.6447153350606,0.69091796875,2
422,118,-200.32723763292955,1119.0747723791583,-151.4985095613471,1180.1611130993585,0.0,2
422,146,1453.923049241007,0.0,1472.4977763641095,18.049111874697935,0.0,1
422,153,1173.9993831551733,124.45008497923668,1202.51219101246,146.1891490037343,0.0,2
422,156,1330.3221515672572,59.931231676617344,1348.6275215565454,85.67069644086148,0.66015625,2
422,158,1187.5879211283232,92.96527236283032,1230.071248742547,137.52348828790917,0.533203125,1
423,7,813.4072551148602,283.4165249826634,847.0423786172928,350.52892581741,0.6494140625,2
423,8,1573.321794582339,64.99866955226683,1597.6782054176608,104.18895285274263,0.416748046875,2
423,10,1162.7150651028974,117.23352501931598,1192.2504980259812,150.3924499151597,0.0,2
423,11,960.859808315892,241.58657726812336,986.9684614137359,291.5793068145826,0.57958984375,2
423,13,1551.4749170532982,26.5790884995921,1583.5158841435255,56.84425489525918,0.269775390625,1
423,65,1767.979470486744,479.03020152550727,1910.0960572290355,625.4890403216472,0.444580078125,2
423,67,-253.3568675471111,1034.1443685471106,-175.62992322892777,1200.9688103478175,0.0,2
423,76,1690.9197849187992,484.22272333946836,1771.189172853957,579.7475523682841,0.30078125,2
423,105,1331.5897001551975,63.6104025571781,1352.72009841653,86.70569131290216,0.0,2
423,116,1167.8107520008614,155.18023807402687,1189.7440667055196,196.04201067091293,0.673828125,2
423,118,-207.28580402817556,1126.5539730788014,-161.3369468295696,1184.036898874986,0.0,2
423,146,1453.031381058059,0.0,1471.647090305866,18.088877943221366,0.0,1
423,153,1174.055476086147,125.31272668372232,1201.6528829078125,146.35384179597128,0.0,2
423,156,1330.3998531311897,59.94048674755726,1348.5077513919205,85.6203263929238,0.6494140625,2
423,158,1187.3873168566506,92.81039991608034,1230.3108803948135,137.45221897477828,0.54296875,1
424,7,810.6434017890167,282.54549304080143,845.5979526586074,352.8358889733157,0.662109375,2
424,8,1573.2986461058165,64.89121075863925,1597.7013538941835,104.22824581810923,0.42431640625,2
424,10,1162.2830690168132,117.67776230109916,1191.7266284669695,150.7366743106286,0.0,2
424,11,957.7482413545738,242.7130456612366,983.8173310108261,292.7329051582286,0.5849609375,2
424,13,1551.489478952031,26.70121169912522,1583.4866032622915,56.92385928107912,0.0,1
424,65,1768.961490948632,479.2177944644506,1911.0919292359242,625.485298601784,0.421630859375,2
424,67,-263.9884321098595,1038.5494009825602,-185.82882470103638,1206.3329038677143,0.0,2
424,76,1691.1110906342396,484.87691513713025,1771.0198364860628,579.747857823618,0.286865234375,2
424,105,1331.368647582447,63.820371962980346,1352.5541045878892,86.97520580585723,0.0,2
424,116,1165.479991424391,155.4696951302084,1187.3681362539066,196.41479217731023,0.6689453125,2
424,118,-214.24434025926925,1134.0331737784445,-171.17541426194447,1187.9126846506135,0.0,2
424,146,1452.139712747577,0.0,1470.7964043751563,18.128644011744797,0.0,1
424,153,1174.1115698128672,126.17536838820796,1200.7935740074176,146.51853458820827,0.0,2
424,156,1330.594411117416,60.28342952624085,1348.3056358063095,85.77892980832176,0.642578125,2
424,158,1187.1578847536698,92.88160279214303,1230.5759426561563,137.5506123144787,0.505859375,1
425,7,809.7140786804259,282.192523626181,845.0120404058683,353.6792718153056,0.662109375,2
425,8,1573.3026256024098,64.85338120405633,1597.6973743975902,104.24318020213633,0.422607421875,2
425,10,1161.8510644912303,118.12199958288234,1191.2027673474563,151.0808987060975,0.0,2
425,11,956.6797185499521,243.106049754919,982.7000839150684,293.1257102977464,0.5849609375,2
425,13,1551.5040424979268,26.82333489865834,1583.4573207338947,57.00346366689905,0.0,1
425,65,1769.2720719441438,479.28355048769214,1911.5188815093243,625.485105107866,0.422607421875,2
425,67,-274.6199156003879,1042.9544334180098,-196.02780724536495,1211.6969973876112,0.0,2
425,76,1691.134816818907,485.12609943206814,1770.9934895098495,579.7481249232607,0.27978515625,2
425,105,1331.1475935191768,64.0303413687826,1352.3881122497687,87.2447202988123,0.0,2
425,116,1164.6398683402579,155.6155430896344,1186.5441988009554,196.76960456020413,0.6689453125,2
425,118,-221.20284632621062,1141.5123744780878,-181.01391185847172,1191.7884704262412,0.0,2
425,146,1451.248044309561,0.0,1469.9457185719807,18.168410080268227,0.0,1
425,153,1174.167664335334,127.03801009269358,1199.9342643112768,146.68322738044526,0.0,2
425,156,1330.7816911611233,60.475977922835,1348.1232817130654,85.77132241147149,0.640625,2
425,158,1186.956769013719,92.91451738433352,1230.8087536754942,137.5895315313486,0.50390625,1
426,7,806.9218775040171,283.48126153259904,842.5120982251049,356.12840569399856,0.7294921875,2
426,8,1573.3812515498864,65.0891551522349,1597.6187484501133,104.24876664583755,0.4111328125,2
426,10,1161.419051526149,118.56623686466551,1190.6789146674419,151.4251231015664,0.0,2
426,11,952.2607940559694,244.6993909825525,978.594284880918,295.2019394969391,0.69775390625,2
426,13,1552.618596941202,25.72013787199503,1584.916388377128,56.53581760431613,0.33447265625,1
426,65,1769.538406230416,479.7996338480085,1911.517308045605,625.4861275105019,0.376708984375,2
426,67,-285.2513180186964,1047.3594658534596,-206.22687086191357,1217.0610909075083,0.0,2
426,76,1691.1005342814929,485.21923682030126,1771.0175843032907,579.7483510773425,0.25537109375,2
426,105,1330.9265379653868,64.24031077458484,1352.2221214021683,87.51423479176735,0.0,2
426,116,1160.9512599387333,159.28439610652703,1181.8275803388024,198.35216666995706,0.5947265625,2
426,118,-228.1613222289996,1148.991575177731,-190.85243961915123,1195.664256201869,0.0,2
426,146,1450.356375744011,0.0,1469.095032896339,18.208176148791658,0.0,1
426,153,1174.2237596535472,127.90065179717922,1199.0749538193893,146.84792017268225,0.0,2
426,156,1330.9182362493136,60.795507711556844,1347.995466822639,86.01029454802145,0.642578125,2
426,158,1185.2318117346506,92.56058954126273,1230.581019968806,138.22429160944324,0.548828125,1
427,7,805.2375814987404,289.54474929622916,839.3574031489495,359.20869429502807,0.732421875,2
427,8,1573.4158232234827,65.18142427833911,1597.5841767765176,104.25075495227952,0.4072265625,2
427,10,1160.9870301215688,119.01047414644869,1190.1550704269262,151.7693474970353,0.0,2
427,11,947.8733604697069,246.62358520444482,974.0263583775316,296.56287545688156,0.443603515625,2
427,13,1552.8241258698815,25.347134017238297,1585.1065185465395,56.444926761902884,0.375732421875,1
427,65,1769.567193472398,479.9889985849825,1911.57367495756,625.4875223091974,0.384033203125,2
427,67,-295.88263936478484,1051.7644982889092,-216.42601555068205,1222.4251844274052,0.0,2
427,76,1691.2164031532539,485.25879344807123,1771.0972568631335,579.7457052744031,0.0,2
427,105,1330.7054809210767,64.4502801803871,1352.0561320450875,87.78374928472242,0.0,2
427,116,1157.4100465093607,159.90667967557974,1178.269478143105,198.9146807414632,0.521484375,2
427,146,1449.8273487324855,0.0,1467.6769597576867,16.94920447786178,0.251708984375,1
427,153,1174.279855767507,128.76329350166486,1198.2156425317553,147.01261296491924,0.0,2
427,156,1330.4612447670834,60.79023794992106,1347.4707164625916,86.21899054206963,0.658203125,2
427,158,1185.0594168230004,92.5539857075756,1231.0140201763327,138.46292786351506,0.401611328125,1
428,7,804.6951603884949,291.89344796503553,838.2055773982455,360.3293215752984,0.73095703125,2
428,8,1573.432826205092,65.21763055773481,1597.5671737949078,104.25137492902488,0.405517578125,2
428,10,1160.55500027749,119.45471142823186,1189.631234625909,152.11357189250424,0.0,2
428,11,946.2832103164835,247.31832798529538,972.4190071382424,297.03005577885745,0.443603515625,2
428,13,1553.0014651041267,25.24824028502247,1585.0649674187475,56.382181129034755,0.375732421875,1
428,65,1769.5120682132783,480.0537869780427,1911.647300372475,625.4889035880303,0.382080078125,2
428,67,-306.5138796386534,1056.169530724359,-226.62524131167066,1227.7892779473023,0.0,2
428,76,1691.3322717939084,485.2983500758412,1771.176929654082,579.7430594714638,0.0,2
428,105,1330.4844223862467,64.66024958618934,1351.8901441785265,88.05326377767747,0.0,2
428,116,1156.1734145457328,160.1065544231409,1177.0355148055933,199.09409242828698,0.5205078125,2
428,146,1449.4462331864074,0.0,1467.5478903242583,16.917630436299955,0.251708984375,1
428,153,1174.335952677213,129.6259352061505,1197.3563304483746,147.17730575715623,0.0,2
428,156,1330.3500614946797,60.78581051899155,1347.2178634675936,86.2924095385219,0.658203125,2
428,158,1184.3494578690304,92.55713646127748,1230.8610293815375,138.5524608083153,0.4072265625,1
429,7,802.3001626711788,293.96882617044355,836.1290275453218,362.920405392408,0.763671875,2
429,8,1573.6390625736044,65.8517788112036,1597.3609374263958,104.12757979612851,0.414794921875,2
429,10,1160.1229619939127,119.89894871001505,1189.1074072643905,152.45779628797314,0.0,2
429,11,943.9267841276996,249.026626928255,969.819029430591,298.6460565004759,0.7294921875,2
429,13,1553.2339131331125,25.274280954092724,1584.8742747052966,56.17280914418001,0.39990234375,1
429,65,1769.4312926703042,480.56812747074895,1911.7226859535826,625.9865422909468,0.376708984375,2
429,67,-317.14503884030194,1060.5745631598086,-236.82454814487915,1233.1533714671993,0.0,2
429,76,1691.448140203457,485.33790670361117,1771.256602676137,579.7404136685243,0.0,2
429,105,1330.263362360897,64.87021899199159,1351.7241578024857,88.32277827063254,0.0,2
429,116,1157.23207994138,163.3830304277475,1177.1953334586763,200.37351578897932,0.61669921875,2
429,146,1449.1776992867822,0.0,1467.6168397849083,17.34665619914871,0.251708984375,1
429,153,1174.392050382666,130.48857691063614,1196.4970175692476,147.34199854939322,0.0,2
429,156,1330.0114567582173,61.33728480576211,1346.4393874520772,86.37609678472201,0.64794921875,2
429,158,1185.1482735383595,92.43984152845779,1231.7244834925086,138.33721587738899,0.482421875,1
430,7,799.4957233657391,296.4289724864014,833.4325067525353,365.80658902935795,0.75048828125,2
430,8,1573.7030809589905,66.09274722434158,1597.2969190410095,104.08057895577917,0.39794921875,2
430,10,1159.6909152708367,120.34318599179822,1188.5835883423706,152.80202068344204,0.0,2
430,11,942.2577325501007,251.24144513409973,967.8419096056409,300.57332482238354,0.75341796875,2
430,13,1551.8377164579995,24.355906559143385,1584.2919174670305,56.03137657868291,0.462890625,1
430,65,1768.9765649309327,481.74790528063363,1910.1794798383266,625.6780102155803,0.3876953125,2
430,67,-327.77611696973054,1064.9795955952584,-247.02393605030764,1238.5174649870964,0.0,2
430,76,1691.5640083818994,485.37746333138114,1771.3362759292982,579.7377678655849,0.0,2
430,105,1330.042300845027,65.08018839779383,1351.5581729169646,88.5922927635876,0.0,2
430,116,1155.3789576245251,164.83630991314223,1175.6715486481958,202.339563818429,0.62255859375,2
430,146,1448.438866530112,0.0,1466.893929505139,17.361555076559323,0.0,1
430,153,1174.4481488838653,131.35121861512178,1195.6377038943742,147.50669134163022,0.0,2
430,156,1329.9228131256857,61.731654171919814,1346.1136222463874,86.58819438305318,0.64599609375,2
430,158,1185.4214494388598,92.39967125395401,1232.1012568089786,138.25277832908722,0.470703125,1
431,7,798.5810382038885,297.55957187267074,832.394483106178,366.83684241540885,0.75048828125,2
431,8,1573.7128100799348,66.1803058239749,1597.2871899200654,104.06352951757653,0.39599609375,2
431,10,1159.258860108262,120.7874232735814,1188.0597778598494,153.14624507891097,0.0,2
431,11,941.776003816753,252.03407566725502,967.1589079406494,301.2529402913468,0.75341796875,2
431,13,1551.3103122709772,24.014976444388314,1584.0765579674962,55.97921226323035,0.462890625,1
431,65,1768.7007544752628,482.18458493689207,1909.6910875651563,625.560039175811,0.385009765625,2
431,67,-338.4071140269391,1069.384628030708,-257.22340502795606,1243.8815585069933,0.0,2
431,76,1691.6798763292354,485.4170199591511,1771.4159494135654,579.7351220626456,0.0,2
431,105,1329.8212378386374,65.29015780359609,1351.3921895219635,88.86180725654266,0.0,2
431,116,1154.7365462909418,165.20648238551246,1175.179068169851,202.89841369699354,0.62451171875,2
431,146,1447.7000337002623,0.0,1466.1710192985486,17.376453953969936,0.0,1
431,153,1174.5042481808111,132.21386031960742,1194.778389423754,147.6713841338672,0.0,2
431,156,1329.9273730455998,61.87462122081959,1345.9669926199042,86.66220456619158,0.64794921875,2
431,158,1185.4933092213569,92.45050072815226,1232.2849842019903,138.2811490650869,0.46875,1
432,7,794.8659280339011,298.91946535101226,829.5925451895558,369.8705698294411,0.77880859375,2
432,8,1573.6370780284321,65.96134120726975,1597.3629219715679,104.05772254991996,0.4111328125,2
432,10,1158.8267965061889,121.23166055536458,1187.5359758168267,153.4904694743799,0.0,2
432,11,936.6797624944255,254.39483664216044,962.0882063082116,303.32057425770284,0.73388671875,2
432,13,1549.9958070235289,24.319659649164894,1583.1399779915175,56.32919598744054,0.4609375,1
432,65,1768.2950896471161,482.08746985240623,1909.811196387568,625.7647953376215,0.384033203125,2
432,76,1691.7957440454654,485.4565765869211,1771.4956231289389,579.7324762597061,0.0,2
432,105,1329.600173341728,65.50012720939833,1351.2262076174825,89.13132174949772,0.0,2
432,116,1150.2838050604603,165.1762515191252,1172.3651313621326,205.683295350088,0.65673828125,2
432,146,1446.9612007972337,0.0,1465.4481091651376,17.391352831380548,0.0,1
432,153,1174.5603482735035,133.07650202409306,1193.9190741573873,147.83607692610423,0.0,2
432,156,1329.7558200766157,61.67436768207368,1346.0982746866932,87.1814868890221,0.6689453125,2
432,158,1185.4365589252725,92.2881176127085,1232.44468896854,138.2289848165493,0.501953125,1
433,7,791.4692151243067,300.85784341705835,826.7294521140329,372.42741206228084,0.751953125,2
433,8,1573.5697222616766,65.69091098765851,1597.4302777383232,103.99408120540836,0.388671875,2
433,10,1158.394724464617,121.67589783714776,1187.0121822133028,153.8346938698488,0.0,2
433,11,932.5445516091746,255.36189873997637,958.6054409931565,305.4177329082397,0.72802734375,2
433,13,1549.548619153895,24.62693681233856,1582.7316650576252,56.340837155364724,0.49609375,1
433,65,1767.868764552727,481.54324261816936,1910.13349167142,625.8417832311884,0.392333984375,2
433,76,1691.9116115305894,485.49613321469104,1771.5752970754188,579.7298304567668,0.0,2
433,105,1329.3791073542984,65.71009661520058,1351.060227203521,89.40083624245278,0.0,2
433,116,1147.1493606206263,165.3930563610557,1169.9611473816517,206.4553026048539,0.6669921875,2
433,146,1446.222367821026,0.0,1464.7251991049059,17.40625170879116,0.0,1
433,156,1329.7075369003956,61.59610832897998,1346.140195725734,87.49370632277817,0.67041015625,2
433,158,1185.3379395094255,92.23007117317839,1232.586757626002,138.33185115555253,0.53515625,1
434,7,790.1333527018703,301.3020313587972,825.8133646395678,373.33483934287955,0.75341796875,2
434,8,1573.5421486630205,65.58757504816427,1597.4578513369797,103.97064573692134,0.390380859375,2
434,10,1157.9626439835465,122.12013511893093,1186.4883970492776,154.1789182653177,0.0,2
434,11,931.0616755064192,255.6855481022451,957.401229981798,306.16172461528856,0.72802734375,2
434,13,1549.300742953486,24.74820147615192,1582.667260016383,56.34501589608867,0.49609375,1
434,65,1767.8782667441296,481.57664588902173,1910.0885395898272,625.6224724311752,0.374755859375,2
434,76,1690.7461428552424,483.82966302754437,1771.3289144478242,579.7489821639193,0.2509765625,2
434,105,1329.158039876349,65.92006602100282,1350.8942482800796,89.67035073540784,0.0,2
434,116,1145.8841043026218,165.43369419748439,1169.2015100528479,206.70569009220426,0.6689453125,2
434,146,1445.4835347716391,0.0,1464.0022891178533,17.421150586201772,0.0,1
434,156,1329.7047569462432,61.43936136095561,1346.151820897895,87.60650978039595,0.673828125,2
434,158,1185.2845276872677,92.2116664995105,1232.6603217756185,138.37001203648265,0.53125,1
435,7,786.8429830396733,303.627168292825,822.5056763080511,374.8349213753788,0.7216796875,2
435,8,1573.4639486004332,65.23865302618773,1597.536051399567,103.90061656410928,0.416748046875,2
435,10,1157.5305550629773,122.5643724007141,1185.964620324751,154.5231426607866,0.0,2
435,11,927.2345630511244,255.26670082517956,954.5104491542603,307.37604070967006,0.7841796875,2
435,13,1549.302741747942,25.539251594098808,1582.5615234595036,56.71791295627878,0.39990234375,1
435,65,1767.4100462685622,480.589412548065,1910.547303316899,625.5389537464359,0.42529296875,2
435,76,1690.8888005760764,483.7454470274506,1771.1563449615858,579.7493896315468,0.26220703125,2
435,105,1328.9369709078799,66.13003542680508,1350.7282708471582,89.9398652283629,0.0,2
435,116,1144.1546387824922,165.6612202391011,1168.335233217686,207.98585050994012,0.6689453125,2
435,146,1444.744701649073,0.0,1463.2793792039797,17.436049463612385,0.0,1
435,156,1329.8893665921125,61.86758305334838,1345.9804096697353,87.88794546638435,0.6533203125,2
435,158,1185.2500447152747,92.20818158004803,1232.705686288758,138.38338291423793,0.61328125,1
436,7,784.2334189819452,304.4587302033486,820.7812825133964,377.30755902336375,0.69775390625,2
436,8,1573.4390066297926,65.10758084548814,1597.5609933702074,103.87497897832478,0.4072265625,2
436,10,1157.0984577029094,123.0086096824973,1185.4408520397228,154.86736705625552,0.0,2
436,11,923.907442859164,256.173528658135,951.54692625611,309.1385463589385,0.72314453125,2
436,13,1549.0586618144387,25.528680831168696,1582.7815938009658,56.92065680860091,0.359375,1
436,65,1767.0147221372054,479.7186169081117,1910.9423107206621,625.5078902161331,0.486328125,2
436,76,1690.8804665314524,483.6521721691439,1771.2245914205441,579.7485826747044,0.0,2
436,105,1328.7159004488906,66.34000483260732,1350.5622949047565,90.20937972131796,0.0,2
436,116,1141.2449163851827,166.09089918838941,1166.464957875718,210.26915706085754,0.60400390625,2
436,146,1444.0058684533276,0.0,1462.556469363285,17.450948341022997,0.0,1
436,156,1330.1666360522015,63.01731745009158,1345.717945515633,88.48199386896215,0.64599609375,2
436,158,1185.7187016365026,92.33368007315761,1233.2331634885763,138.51098026215155,0.56591796875,1
437,7,783.3002105296717,304.7306172794439,820.2083739182086,378.1825355324057,0.69921875,2
437,8,1573.4339457301937,65.05963781450868,1597.5660542698063,103.8662498065722,0.405517578125,2
437,10,1156.666351903343,123.45284696428047,1184.9170921941934,155.21159145172442,0.0,2
437,11,922.7506823240188,256.4860479301555,950.4795756674979,309.7694464707571,0.72314453125,2
437,13,1548.9105939523865,25.523284451810774,1582.9315152155227,56.99462093668253,0.361083984375,1
437,65,1767.0851347964024,479.8829127996141,1910.8748365642543,625.4967422042439,0.478515625,2
437,76,1690.8721331898478,483.55889731083727,1771.2928371764829,579.7477757178619,0.0,2
437,105,1328.4948284993816,66.54997423840958,1350.396320452875,90.47889421427303,0.0,2
437,116,1140.184612892774,166.23654050634062,1165.7868019253983,211.11569736987155,0.60205078125,2
437,146,1443.2670351844033,0.0,1461.83355959577,17.46584721843361,0.0,1
437,156,1330.3278033134866,63.44954288989082,1345.5715387173066,88.6988556275992,0.64599609375,2
437,158,1185.8839476174917,92.38390139831722,1233.4465642100272,138.5581284993489,0.544921875,1
438,7,779.6861447069665,311.89644000771324,815.5587361635414,383.1064666050565,0.7138671875,2
438,8,1573.3373207033646,64.79611153291648,1597.6626792966354,103.98762927441459,0.39599609375,2
438,10,1156.234237664278,123.89708424606366,1184.3933407881627,155.55581584719334,0.0,2
438,11,918.9485413835685,261.4712474766534,945.7945537535604,312.90124452391444,0.71533203125,2
438,13,1548.1207793807164,23.91117250555995,1583.7335567513012,56.896433489768,0.373779296875,1
438,65,1766.6861398405172,479.45219620169564,1911.2778578702403,625.9885615868284,0.42333984375,2
438,76,1690.8638005512628,483.46562245253057,1771.361082229402,579.7469687610194,0.0,2
438,105,1328.2737550593527,66.75994364421182,1350.2303474915134,90.74840870722808,0.0,2
438,116,1137.054830994622,166.99461181023267,1162.5505362776025,211.64387400785378,0.72509765625,2
438,146,1442.5282018422997,0.0,1461.110649901434,17.48074609584422,0.0,1
438,156,1329.7399544793925,62.91889203066799,1345.1763914836633,88.58450504282658,0.67578125,2
438,158,1185.1495054715967,92.28112748884757,1233.332166238591,138.94568678347042,0.56201171875,1
439,7,776.8006804209663,316.2184675341172,812.4659075924528,386.91002920966423,0.732421875,2
439,8,1573.3136128899187,64.57545505474364,1597.6863871100813,103.91083002471575,0.4072265625,2
439,10,1155.8021149857143,124.34132152784683,1183.8695978216306,155.90004024266224,0.0,2
439,11,915.1568732711905,263.10068596208714,942.5839129460871,315.79056125952445,0.673828125,2
439,13,1548.3155144030527,24.190555908628188,1583.5490093843534,56.706593757559176,0.403564453125,1
439,65,1766.5667150357167,479.0445427123197,1911.4010854992464,625.9269855802199,0.349609375,2
439,76,1690.8554686156974,483.3723475942239,1771.4293265793015,579.746161804177,0.0,2
439,105,1328.0526801288036,66.96991305001407,1350.0643760206713,91.01792320018315,0.0,2
439,116,1135.6578554163402,168.1201685464287,1160.6364683745753,211.6788295368525,0.74169921875,2
439,146,1441.7893684270168,0.0,1460.387740280277,17.495644973254834,0.0,1
439,156,1329.1736999431969,63.51592509598361,1344.3959297387962,88.8432143241265,0.689453125,2
439,158,1184.9338583999659,92.49035277236423,1233.2256638811411,138.96690695607515,0.529296875,1
440,7,775.7927303327823,317.757259663637,811.4056848167401,388.2489608675505,0.732421875,2
440,8,1573.3164557971913,64.49453631187832,1597.683544202809,103.88196799898444,0.4072265625,2
440,10,1155.3699838676519,124.78555880963,1183.345863294597,156.24426463813114,0.0,2
440,11,913.8457743926579,263.6707029902444,941.4414963715512,316.81898085638136,0.67041015625,2
440,13,1548.401056660687,24.339265164346187,1583.480201988223,56.598450709654,0.403564453125,1
440,65,1766.5509242963544,479.1404863431827,1911.42051588634,626.1494235494123,0.33984375,2
440,76,1690.8471373831517,483.2790727359172,1771.4975702261813,579.7453548473345,0.0,2
440,105,1327.8316037077348,67.17988245581631,1349.8984060403493,91.2874376931382,0.0,2
440,116,1135.1825965512367,168.5235206651724,1160.0048753067697,211.6444987578782,0.74169921875,2
440,146,1441.0505349385548,0.0,1459.6648307322992,17.510543850665446,0.0,1
440,156,1328.9982140453496,63.79984937738323,1344.0675568486138,88.87094919279801,0.689453125,2
440,158,1184.7756915986047,92.5720966903317,1233.2617438292896,138.97179535845908,0.53125,1
441,7,772.5496690342549,318.37900838254984,809.0790825329486,390.89960177033475,0.73583984375,2
441,8,1573.3937747862901,64.59086158938689,1597.6062252137099,103.74808230145958,0.38671875,2
441,10,1154.937844310091,125.22979609141319,1182.822137207062,156.58848903360004,0.0,2
441,11,911.419331807331,265.3106742795156,939.2159638008906,318.37875893595253,0.662109375,2
441,13,1548.5795557198264,24.95646308192343,1583.3159947232666,56.7426420965066,0.32421875,1
441,65,1766.780701161219,479.18108652985126,1911.1940488774098,625.7377339006309,0.403564453125,2
441,76,1690.8388068536256,483.1857978776106,1771.5658131700416,579.7445478904921,0.0,2
441,116,1132.397289400405,169.3933559668394,1157.5504942245211,213.33106311194288,0.6318359375,2
441,146,1440.3117013769138,0.0,1458.9419212575006,17.525442728076058,0.0,1
441,156,1328.0392668690538,64.70804910840621,1342.8596458250918,89.30932148755244,0.6943359375,2
441,158,1183.5133562692351,92.72749264738944,1232.4989513386747,139.09478954530346,0.55810546875,1
442,7,769.2198001651468,319.78090286309157,806.5254851746652,393.5451432625369,0.7734375,2
442,8,1573.3943575359149,64.56895885002092,1597.605642464085,103.76001009069049,0.401611328125,2
442,11,908.1268210172972,267.11966355129664,936.010881300471,319.89892948081103,0.73388671875,2
442,13,1550.1516566297162,26.249531101440255,1583.7471566634663,56.67228237310769,0.32080078125,1
442,65,1767.0826885840656,479.695574876383,1910.8950706263079,625.5803103710051,0.3720703125,2
442,76,1690.8304770271188,483.0925230193039,1771.6340554108822,579.7437409336495,0.0,2
442,116,1129.1194641523794,169.94526128979373,1155.0410021772252,215.65361162913806,0.609375,2
442,146,1439.5728677420936,0.0,1458.2190118558813,17.54034160548667,0.0,1
442,156,1327.6076709874962,65.54027251856753,1342.495505898482,89.96638978339442,0.7041015625,2
442,158,1182.348558361056,92.9102213116314,1231.9123464556174,139.3863724148151,0.521484375,1
443,7,767.9885317772782,320.2465587879792,805.6659484863698,394.4760444797295,0.7734375,2
443,8,1573.4335751813303,64.62510471770821,1597.5664248186697,103.70366121287697,0.39794921875,2
443,11,906.9209453104719,267.7544692714825,934.9575483568303,320.414536576385,0.732421875,2
443,13,1551.6733423708922,26.737571114542042,1585.0089663576023,56.644579349218034,0.322509765625,1
443,65,1766.9732865076792,479.39610419373554,1911.0071479680942,625.5210614558205,0.38037109375,2
443,76,1690.822147903632,482.99924816099724,1771.7022969487034,579.7429339768071,0.0,2
443,116,1127.9925645976568,170.1365532125604,1154.066088629039,216.5100301961046,0.609375,2
443,146,1438.8340340340942,0.0,1457.496102527441,17.555240482897283,0.0,1
443,156,1327.4118930839109,65.83801835594795,1342.4179568460029,90.20191694671695,0.70263671875,2
443,158,1181.7932486940513,92.9787413965966,1231.8179376396893,139.49362012578098,0.525390625,1
443,162,1438.6656431692502,3.5728948473284596,1453.2868375286769,24.56398497818978,0.315673828125,2
444,7,762.9322159756373,321.8264116279658,802.2364631493111,399.16710558251765,0.7490234375,2
444,8,1573.5493367541158,65.08254716558415,1597.4506632458842,103.74531560343605,0.4072265625,2
444,11,902.1693802098944,269.6753172246372,930.1490833452758,321.7886125094271,0.7578125,2
444,13,1552.3503211653838,27.224503235713563,1585.3421253770484,56.50839623327475,0.313232421875,1
444,65,1767.1457312578118,479.77963810041695,1910.836973257465,625.4994804476778,0.37109375,2
444,76,1690.8138194831645,482.90597330269054,1771.770537783505,579.7421270199646,0.0,2
444,116,1124.532804938174,169.93998957674415,1151.0086257653254,217.5309934770341,0.53515625,2
444,146,1438.0952002529157,0.0,1456.7731932721802,17.570139360307895,0.0,1
444,156,1326.4806835081476,66.18523282200475,1341.2760037601615,90.15520169104542,0.69921875,2
444,158,1181.0440140077812,93.00359298061237,1231.348241048668,139.40682468328157,0.548828125,1
444,162,1438.470335093349,3.070837042116848,1453.3917512451562,24.494833033461695,0.27587890625,2
445,7,759.3254816543622,324.4422581380348,799.1097298744315,402.3397117821367,0.70751953125,2
445,8,1573.685324732639,65.56822967825421,1597.3146752673608,103.69998513913454,0.385009765625,2
445,11,897.3500476119749,271.09456842365483,925.5968045773014,323.98824497722427,0.66357421875,2
445,13,1551.6333389101212,27.711955696498258,1584.4002635721572,56.77275751190402,0.33984375,1
445,65,1767.1969228239584,479.926074127775,1910.7878523897314,625.4922133399532,0.376708984375,2
445,76,1690.8054917657169,482.8126984443839,1771.838777915287,579.7413200631222,0.0,2
445,116,1123.3263423273463,173.24450978464435,1147.8861227279717,217.88912020000015,0.611328125,2
445,146,1437.3563663985578,0.0,1456.050284090098,17.585038237718507,0.0,1
445,156,1326.233451918017,67.17755502444527,1340.769949664888,90.62740027483717,0.68603515625,2
445,158,1181.2190219336687,93.01175369750833,1231.7217228850504,139.24643470757357,0.56396484375,1
445,162,1438.6280460001803,3.6784954897210564,1453.2320531714474,24.609425511150867,0.296630859375,2
446,7,757.9741166524169,325.3922712185858,798.0326713741791,403.4768362846103,0.70751953125,2
446,8,1573.6882565786957,65.62528083910323,1597.3117434213043,103.68383168073626,0.392333984375,2
446,11,895.6780806499147,271.58327469940537,923.940612984145,324.7653387739071,0.66357421875,2
446,13,1551.3503266978487,27.88283765844477,1584.0581312360625,56.870055564876395,0.33642578125,1
446,65,1766.9933184566812,479.4850484003674,1910.9932645535991,625.4903180592274,0.3857421875,2
446,76,1690.7971647512886,482.7194235860772,1771.9070173440493,579.7405131062796,0.0,2
446,116,1122.9921112940815,174.39528406257836,1146.7638033183043,218.08536699737954,0.611328125,2
446,146,1436.617532471021,0.0,1455.3273749811954,17.59993711512912,0.0,1
446,156,1326.1397952972989,67.53174381816606,1340.6154283442036,90.79329827257266,0.6875,2
446,158,1181.1960379864213,93.01364096199616,1231.9720026461534,139.183103225374,0.56982421875,1
446,162,1438.686596659877,3.892562561284512,1453.1976610855281,24.64943782999383,0.2958984375,2
447,7,754.5789672456094,327.2827068076899,794.5539932133818,405.04488888435407,0.67919921875,2
447,8,1573.7769500769489,66.01765972834242,1597.2230499230513,103.67865106255046,0.37939453125,2
447,11,894.3203133124376,273.19658997499835,922.2881584391146,325.98906972051,0.76904296875,2
447,13,1551.261015775998,27.999255656612945,1583.9087138853909,56.905134941560235,0.34521484375,1
447,65,1767.131901742258,479.8139145151647,1910.8562385679238,625.4903548039304,0.345947265625,2
447,76,1690.78883843988,482.62614872777056,1771.975256069792,579.7397061494372,0.0,2
447,116,1121.56124974022,174.91452987585475,1144.7874097127076,218.00108537994194,0.56591796875,2
447,146,1435.878698470305,0.0,1454.604465945472,17.61483599253973,0.0,1
447,156,1326.1021042501982,68.2736311697725,1340.588794297498,91.4719468580507,0.67724609375,2
447,158,1180.608694649582,93.01329159200144,1231.6684262973515,139.15744250433954,0.56005859375,1
447,162,1438.9972650221096,4.953162314816366,1452.9075364846985,24.728163198733,0.368408203125,2
447,164,978.210957041527,122.8125,1034.789042958473,164.89516674257737,0.309814453125,2
448,7,751.2089346059664,329.6620854611389,791.5411447721327,407.76847662033947,0.6826171875,2
448,8,1573.8243320980846,66.28742952870999,1597.1756679019152,103.67763400523741,0.37939453125,2
448,11,891.2022683098131,273.1381109995948,920.5310664197052,328.5017092295991,0.7216796875,2
448,13,1550.0994111403256,28.28330729679545,1582.9769311971302,57.10446768679545,0.3486328125,1
448,65,1767.1721178867797,479.93936885378173,1910.8174468588652,625.4910967668152,0.31396484375,2
448,76,1690.7805128314908,482.53287386946386,1772.043494092515,579.7388991925948,0.0,2
448,116,1119.4571940795513,175.57538374505032,1142.767535870723,218.68541978325734,0.56396484375,2
448,146,1435.1398643964096,0.0,1453.8815569829273,17.629734869950344,0.0,1
448,156,1326.0186001842221,68.90813225854914,1340.6739588101943,92.33931572616888,0.66357421875,2
448,158,1180.2536797443436,92.88823780218964,1231.7013873015906,139.14638568789408,0.61865234375,1
448,162,1438.658646225284,5.719011840494085,1452.2041051441859,24.82076826462167,0.39599609375,2
448,164,978.2905687350574,122.66887334275917,1034.7094312649426,164.65993856254627,0.275146484375,2
449,7,749.9746582893054,330.5037248730157,790.5278435045291,408.7217539438818,0.6806640625,2
449,8,1573.8211525928434,66.38433181268184,1597.1788474071568,103.67804195711687,0.37939453125,2
449,11,890.223100304133,273.21401678571635,919.8019946384833,329.2855386387308,0.71533203125,2
449,13,1549.5751989111207,28.41159480978146,1582.719277122743,57.20864371272229,0.3486328125,1
449,65,1767.318590848102,479.9862799961635,1910.6722156373366,625.4919958482424,0.3115234375,2
449,76,1690.7721879261214,482.4395990111572,1772.1117314122187,579.7380922357523,0.0,2
449,116,1118.6626039173473,175.5441383142555,1142.1575326374943,218.91179129909693,0.56201171875,2
449,146,1434.4010302493352,0.0,1453.158648093562,17.644633747360956,0.0,1
449,156,1325.9900232876414,69.12833949702326,1340.7237935912528,92.65111946352005,0.66357421875,2
449,158,1180.0583215950164,92.84038359851345,1231.7905546013587,139.14111101387212,0.6298828125,1
449,162,1438.506606719149,5.968331947357903,1452.0049159325267,24.850953474532663,0.39599609375,2
449,164,978.326499343361,122.76200858192205,1034.673500656639,164.73086339539006,0.27587890625,2
450,7,744.5292979368713,334.69611017142483,785.4598398235846,413.4294050027478,0.67724609375,2
450,8,1573.9340267734706,66.78988003883669,1597.0659732265294,103.55430399752625,0.338134765625,2
450,11,885.6223614049752,274.66090145497503,916.1404244509978,332.70425398418723,0.70556640625,2
450,13,1550.288514808271,27.920592338541624,1583.7174965645906,57.027206527580006,0.449462890625,1
450,65,1766.877215539333,479.01149599112335,1911.1146807039931,625.4928829431901,0.325927734375,2
450,76,1690.7638637237717,482.3463241528505,1772.1799680289025,579.7372852789098,0.0,2
450,116,1112.893611765811,180.09016303766074,1135.634453815925,221.07542599786453,0.55078125,2
450,146,1433.6621960290818,0.0,1452.4357392773761,17.65953262477157,0.0,1
450,156,1324.922454851034,69.4413359267928,1339.8329306728674,93.25122220855847,0.62451171875,2
450,158,1180.1530454665885,93.19360672069952,1231.6708413196138,138.89046509992278,0.61328125,1
450,162,1437.9232548489306,6.1044963781203005,1451.4420117316706,24.859622431844052,0.338134765625,2
450,164,978.3841248756684,122.75198639448286,1034.6158751243318,164.6349990516041,0.0,2
451,7,740.8295621507048,336.7184812989786,782.3893644992121,416.6138501179105,0.7138671875,2
451,8,1573.9471804825096,66.93724079365336,1597.0528195174902,103.50856238522438,0.33984375,2
451,11,882.1544660058137,276.63811183857104,912.7170051019782,335.17929312249225,0.67724609375,2
451,13,1550.5440772507477,27.606433048024556,1584.1078262671085,56.89569568340278,0.4765625,1
451,65,1766.93999945838,479.1390114505674,1911.052818506862,625.4936685924681,0.282958984375,2
451,76,1690.7555402244413,482.25304929454387,1772.2482039425668,579.7364783220673,0.0,2
451,116,1108.7568301492333,182.55469813732287,1131.2000670346401,222.3696488407867,0.5390625,2
451,146,1432.923361735649,0.0,1451.7128305343692,17.67443150218218,0.0,1
451,156,1324.4641027099115,69.41983155594927,1339.5736732297407,93.587536313707,0.61669921875,2
451,158,1180.6479222561084,93.32726505675959,1232.178438073763,138.794647583705,0.57177734375,1
451,162,1437.8463592250114,6.683325490846997,1451.1234609325072,24.892971810984776,0.355712890625,2
451,164,978.4417504076289,122.74196420704367,1034.558249592371,164.53913470781814,0.0,2
452,7,739.5119277284134,337.4212335004859,781.3157031932781,417.7416525677655,0.71240234375,2
452,8,1573.9584845402876,67.1113491425845,1597.0415154597124,103.492652195409,0.33984375,2
452,11,881.044222282205,277.36528167798684,911.3549639682519,336.07721795041823,0.67724609375,2
452,13,1550.6890924831991,27.54478745663448,1584.2075163354143,56.844964191244145,0.478515625,1
452,65,1766.9654525625494,479.1907159887739,1911.0282228369883,625.494415339741,0.28857421875,2
452,76,1690.7472174281309,482.15977443623717,1772.3164391532118,579.7356713652249,0.0,2
452,116,1107.2511663963471,183.4023369658774,1129.7764820939103,222.80409864152688,0.537109375,2
452,146,1432.1845273690371,0.0,1450.9899218645414,17.689330379592793,0.0,1
452,156,1324.3084905119201,69.39687994594566,1339.4807159431343,93.70116470747811,0.61669921875,2
452,158,1180.2682807969509,93.25130014359036,1231.9488874535198,138.63479177504996,0.61669921875,1
452,162,1437.7811158896222,6.876878221173307,1451.0684692406307,24.90313373574007,0.35400390625,2
452,164,978.4993759392426,122.73194201960447,1034.5006240607574,164.44327036403217,0.0,2
453,7,736.0179854704439,338.84320750410654,778.2104130338558,420.2877535747797,0.708984375,2
453,8,1573.8670402422376,66.92097013560611,1597.1329597577624,103.48789552576565,0.322509765625,2
453,11,878.3870969379769,278.3353799382361,909.3485021915262,338.5609402490415,0.6494140625,2
453,13,1550.6349543940412,27.239074630285877,1584.352311373305,56.79432414059779,0.453369140625,1
453,65,1766.7674302879486,478.7171075722149,1911.226995947612,625.4950748123081,0.33447265625,2
453,76,1690.7388953348398,482.06649957793053,1772.3846736608368,579.7348644083825,0.0,2
453,116,1105.6434058916552,183.03462532954282,1128.478470950602,222.80293542672666,0.43212890625,2
453,146,1431.445692929246,0.0,1450.2670132678927,17.704229257003405,0.0,1
453,156,1324.2018883574492,68.87994032713088,1339.5179432515038,93.48294994012738,0.61669921875,2
453,158,1180.0027964969913,93.22103955313483,1231.9931194595422,138.69988430958682,0.60205078125,1
453,162,1437.044363904079,6.612524967190389,1450.7573351685667,24.905334253296104,0.306640625,2
453,164,978.5570014705095,122.72191983216527,1034.4429985294905,164.34740602024618,0.0,2
454,7,731.8322744769528,340.9146986078701,774.1827846942448,422.40102903938106,0.7041015625,2
454,8,1573.9486447167385,67.34206780953554,1597.0513552832613,103.48712741524714,0.303955078125,2
454,11,875.616550502881,281.10284719572894,906.6030332066941,341.88829483060425,0.70068359375,2
454,13,1550.697522846684,27.029329402277355,1584.3214908519833,56.558846448441,0.478515625,1
454,65,1766.7124876420487,478.54074370920506,1911.282584623282,625.4956443093563,0.37939453125,2
454,76,1690.7305739445683,481.97322471962383,1772.4529074654424,579.7340574515399,0.0,2
454,116,1102.9175867091428,183.85850835829123,1126.2963208009326,224.5222320836169,0.49609375,2
454,146,1430.7068584162757,0.0,1449.5441047444233,17.719128134414017,0.0,1
454,156,1323.6853271545588,68.79630371612164,1339.0447314123414,93.26557839985446,0.58154296875,2
454,158,1179.9131390710895,93.20840300618715,1232.0081927635483,138.60144615491754,0.640625,1
454,162,1436.8834840128277,6.870807488854167,1450.4247549763127,24.9345656530338,0.0,2
454,164,978.6146270014295,122.71189764472608,1034.3853729985703,164.2515416764602,0.0,2
455,7,730.3027994475165,341.638509313157,772.7725534332955,423.11675128845496,0.7041015625,2
455,8,1573.9501942078696,67.49606475501663,1597.0498057921304,103.48796476895525,0.303955078125,2
455,11,874.7158235216706,282.13299856765605,905.5621571482404,343.1114132214623,0.70068359375,2
455,13,1550.7058271999686,26.948771154298164,1584.3225060255686,56.53163325614571,0.478515625,1
455,65,1766.7103592158512,478.4778069433379,1911.2852917016626,625.496155265038,0.38037109375,2
455,76,1690.7222532573164,481.8799498613172,1772.5211405670284,579.7332504946975,0.0,2
455,116,1101.9644416314045,184.1317017847305,1125.5668023839553,225.13753660119096,0.49609375,2
455,146,1429.9680238301264,0.0,1448.821196294133,17.73402701182463,0.0,1
455,156,1323.4673098696312,68.7542074167036,1338.9077617279152,93.17048280108489,0.58154296875,2
455,158,1179.8292349880003,93.2025500298023,1232.0728637346392,138.56524102530832,0.642578125,1
455,162,1436.722604184373,7.129090010517945,1450.0921747212624,24.963797052771493,0.0,2
455,164,978.6722525320029,122.70187545728689,1034.3277474679971,164.15567733267423,0.0,2
455,165,1318.684601629805,66.54840804939464,1336.291524947993,90.91445551606888,0.29833984375,2
456,7,723.7519305222102,345.1716997155787,767.5764806990953,428.9669023753021,0.6875,2
456,8,1573.9578317529097,67.67263267979406,1597.0421682470903,103.4891281530349,0.34326171875,2
456,11,871.1401082108557,286.1542419810165,901.7286174511646,346.69381894140446,0.70751953125,2
456,13,1550.7252059384434,27.227879354798105,1584.304283914657,56.83185408507667,0.486328125,1
456,65,1766.6595349702332,478.37650407649016,1911.3291761516712,625.4900196603996,0.0,2
456,76,1690.7139332730842,481.7866750030105,1772.589372965595,579.732443537855,0.0,2
456,116,1100.3272215979102,184.69002670517835,1124.7659184787067,227.31717518098887,0.462890625,2
456,146,1429.2291891707978,0.0,1448.098287917022,17.74892588923524,0.0,1
456,156,1321.610158512221,68.60694088798188,1337.6827411024792,93.74486361033463,0.57177734375,2
456,158,1181.7578239577583,92.95124372865244,1234.1165336209926,138.5528001321113,0.482421875,1
456,162,1436.5617244187147,7.387372532181722,1449.759594403415,24.993028452509186,0.0,2
456,164,978.7298780622293,122.69185326984768,1034.2701219377707,164.05981298888827,0.0,2
456,165,1318.584994411664,66.64752450155308,1336.117870626261,90.91109889077504,0.0,2
457,7,718.6669649426943,348.16289870380433,763.5065441040093,433.3047760612107,0.7216796875,2
457,8,1573.8297757042444,67.23410561897815,1597.1702242957556,103.36564647839577,0.35400390625,2
457,11,866.7481628911379,288.1381512348698,897.5638637430329,348.9789184589355,0.72314453125,2
457,13,1550.777336447076,27.33332537842514,1584.25041070718,56.88408292442995,0.482421875,1
457,65,1766.6087099980891,478.2752012096424,1911.3730613282064,625.4838840557612,0.0,2
457,76,1690.7056139918714,481.69340014470384,1772.6576046611415,579.7316365810126,0.0,2
457,116,1097.2467196145801,185.6080414269033,1121.17900507025,227.86665766579236,0.56396484375,2
457,146,1428.49035443829,0.0,1447.37537961309,17.763824766645854,0.0,1
457,156,1320.9089130788286,68.79189215913267,1337.247837960467,94.07648489330802,0.56005859375,2
457,158,1182.0311050993662,92.8562533368182,1234.3497075846167,138.5492444267386,0.474609375,1
457,162,1436.8425417295357,7.197649266575114,1450.4919592352853,24.94588904827767,0.29833984375,2
457,164,978.787503592109,122.6818310824085,1034.212496407891,163.96394864510228,0.0,2
457,165,1318.4853871935882,66.74664095371152,1335.9442163044641,90.90774226548119,0.0,2
458,7,716.4961214783663,349.247187264517,761.8790173188535,434.88373014166837,0.7216796875,2
458,8,1573.7660405548481,67.12803595119848,1597.2339594451516,103.38232588850016,0.352294921875,2
458,11,865.1564874342735,288.83729667122606,896.0898564403452,349.7761526391994,0.72314453125,2
458,13,1550.807682080326,27.372148263423675,1584.2174225338176,56.903425199819864,0.482421875,1
458,65,1766.557884299419,478.17389834279464,1911.4169472312676,625.4777484511228,0.0,2
458,76,1690.6972954136784,481.60012528639714,1772.7258356536688,579.73082962417,0.0,2
458,116,1096.2222214238661,186.04561989572517,1119.803891844311,228.1550277329131,0.56201171875,2
458,146,1427.7515196326033,0.0,1446.6524713823371,17.778723644056466,0.0,1
458,156,1320.611904235303,68.85719616350688,1337.1413516181813,94.19447175370286,0.55810546875,2
458,158,1182.2277633307958,92.88268660680407,1234.3338143187927,138.4871003022099,0.470703125,1
458,162,1436.7265163224374,7.276880291835726,1450.620592472574,24.946545720266897,0.29736328125,2
458,164,978.8451291216419,122.6718088949693,1034.1548708783582,163.86808430131632,0.0,2
458,165,1318.3857799755776,66.84575740586996,1335.7705619826022,90.90438564018734,0.0,2
459,7,713.91449531012,352.2822297004413,758.8330819570973,436.61035532016894,0.72802734375,2
459,8,1573.79642560841,67.39489153949508,1597.20357439159,103.45176078287051,0.352294921875,2
459,11,862.4560251714505,289.5370628582486,893.8879789136811,351.4805477633447,0.7578125,2
459,13,1550.828728961811,27.385515354514,1584.1936653939806,56.91018640545502,0.490234375,1
459,65,1766.5070578742223,478.0725954759469,1911.460833860855,625.4716128464845,0.0,2
459,76,1690.6889775385048,481.5068504280905,1772.7940659431763,579.7300226673276,0.0,2
459,116,1094.7565845677775,186.30138768835732,1118.5432660334654,229.34263651455086,0.509765625,2
459,146,1427.0126847537372,0.0,1445.9295632247636,17.79362252146708,0.0,1
459,156,1320.441228243387,69.12270996304294,1337.1913526425506,94.5994407593681,0.546875,2
459,158,1182.264527980735,92.83141730830695,1234.3536532071223,138.52666492832142,0.498046875,1
459,162,1436.606122848388,7.270801645319192,1450.7470602745757,24.915209378422173,0.259033203125,2
459,164,978.902754650828,122.66178670753011,1034.0972453491722,163.77221995753035,0.0,2
459,165,1318.2861727576321,66.9448738580284,1335.596907660675,90.9010290148935,0.0,2
460,7,709.4900435468884,354.6014312046034,754.9324695919153,439.87830201865785,0.75634765625,2
460,8,1573.6164400265584,66.87130370203523,1597.3835599734418,103.4789549395395,0.3701171875,2
460,11,860.0529272812735,291.4691155307297,891.660795555404,353.7796871741897,0.767578125,2
460,13,1550.75537211695,27.14142909415907,1584.2644808905352,56.85022946518295,0.49609375,1
460,65,1766.4562307224996,477.9712926090991,1911.5047212169688,625.465477241846,0.0,2
460,76,1690.680660366351,481.4135755697838,1772.8622955296646,579.7292157104852,0.0,2
460,116,1092.9967142893274,186.86411408514425,1117.4356790763795,231.23359631628645,0.33984375,2
460,156,1319.7275380529609,68.84909431994572,1336.9037930216455,94.86760969294441,0.60205078125,2
460,158,1182.9210983854368,93.06033931581264,1234.6986227335576,138.54263062449738,0.435791015625,1
460,162,1436.54085536289,7.442579211209853,1450.5544459659632,24.92807229569965,0.0,2
460,164,978.9603801796673,122.65176452009092,1034.0396198203327,163.67635561374436,0.0,2
460,165,1318.1865655397519,67.04399031018684,1335.4232533386826,90.89767238959965,0.0,2
461,7,707.9214322781175,355.4101523310662,753.5618436450297,441.0270594038353,0.7548828125,2
461,8,1573.5477788447183,66.6737423546567,1597.4522211552814,103.48951690305176,0.3701171875,2
461,11,859.2373130408905,292.1568223913313,890.8978804110858,354.58979149755635,0.76611328125,2
461,13,1550.7438814892587,27.048635256043454,1584.2737548761972,56.82723238390355,0.49609375,1
461,65,1766.4054028442506,477.8699897422514,1911.5486092996089,625.4593416372077,0.0,2
461,76,1690.6723438972167,481.32030071147716,1772.9305244131328,579.7284087536427,0.0,2
461,116,1092.4102216574117,187.05461928877565,1117.050623310945,231.92565659997032,0.34326171875,2
461,156,1319.4511937917787,68.74100108550064,1336.824408723232,94.96127948211671,0.60205078125,2
461,158,1183.1817417053594,93.14749080957668,1234.8057442492425,138.54955396777115,0.441650390625,1
461,162,1436.4755880024707,7.6143567771005145,1450.3618315322715,24.940935212977127,0.0,2
461,164,979.0180057081596,122.64174233265172,1033.9819942918402,163.5804912699584,0.0,2
461,165,1318.0869583219367,67.14310676234528,1335.2495990166249,90.8943157643058,0.0,2
462,7,702.4642567338535,361.0529814489714,747.8026429575604,445.7944962569922,0.67578125,2
462,8,1573.4521709088713,66.35104460648077,1597.5478290911285,103.4938969929758,0.39990234375,2
462,11,855.7931895393109,294.5780629201499,888.0292091596953,358.02393740111296,0.7548828125,2
462,13,1550.6947019137965,26.827973484129146,1584.3208904865,56.756487162634286,0.42626953125,1
462,65,1766.3545742394754,477.76868687540366,1911.5924981087749,625.4532060325693,0.0,2
462,76,1690.664028131102,481.22702585317046,1772.9987525935817,579.7276017968002,0.0,2
462,116,1089.0860887823537,190.5237451774176,1112.32116050989,233.13190628391467,0.6513671875,2
462,156,1319.3797152121042,68.69519825821456,1336.7891838007013,94.86473499004883,0.60009765625,2
462,158,1183.2890624640804,93.24190762509326,1234.8237379216412,138.6148702332232,0.309814453125,2
462,162,1436.4103207671305,7.786134342991176,1450.1692169735013,24.953798130254604,0.0,2
462,164,979.0756312363053,122.63172014521253,1033.9243687636947,163.48462692617244,0.0,2
462,165,1317.987351104187,67.24222321450372,1335.0759446945024,90.89095913901195,0.0,2
463,7,697.5699152745792,364.61241173035484,742.7217130216982,448.99689934339096,0.7373046875,2
463,8,1573.455892365084,66.35268872722746,1597.544107634916,103.49581367946725,0.37939453125,2
463,11,852.3796621278613,297.4100388514605,885.2846549717718,362.2051031406257,0.74755859375,2
463,13,1550.695133250063,26.74507628389228,1584.3186744189748,56.7297202574451,0.42626953125,1
463,65,1766.3037449081742,477.6673840085559,1911.6363876444675,625.4470704279308,0.0,2
463,76,1690.655713068007,481.1337509948638,1773.066980071011,579.7267948399577,0.0,2
463,116,1084.8377336035942,191.0825413785678,1108.6192173272682,235.30061658098168,0.517578125,2
463,156,1318.8928751021908,69.29012429321025,1336.278756914598,95.31107243614193,0.51171875,2
463,158,1182.2241527617725,92.71859865538642,1233.9384064680792,138.32991624383396,0.2666015625,1
463,162,1436.3450536568691,7.957911908881837,1449.9766022896517,24.96666104753208,0.0,2
463,164,979.1332567641042,122.62169795777334,1033.866743235896,163.38876258238645,0.0,2
463,165,1317.887743886502,67.34133966666217,1334.9022903723142,90.88760251371811,0.0,2
464,7,695.8489795210689,365.86738627676084,740.9252538090403,450.1032512391113,0.7373046875,2
464,8,1573.4597512738594,66.35492521089418,1597.5402487261406,103.49678129399916,0.37939453125,2
464,11,851.1639039272171,298.44377742256995,884.307504742942,363.7383819520717,0.74755859375,2
464,13,1550.7127294388495,26.714918992610244,1584.2994662840515,56.71980312809911,0.42626953125,1
464,65,1766.2529148503465,477.5660811417082,1911.6802779066861,625.4409348232925,0.0,2
464,76,1690.6473987079314,481.0404761365571,1773.1352068454207,579.7259878831153,0.0,2
464,116,1083.972594757872,191.394379598447,1107.648359699193,235.9469152219106,0.515625,2
464,156,1318.703033194128,69.45135563362078,1336.1158024139552,95.41085586613079,0.51171875,2
464,158,1181.8423545638298,92.52122821777546,1233.5767261479969,138.22317772082232,0.262939453125,1
464,162,1436.2797866716867,8.129689474772498,1449.7839874807232,24.97952396480956,0.0,2
464,164,979.1908822915562,122.61167577033413,1033.8091177084439,163.29289823860046,0.0,2
464,165,1317.7881366688825,67.4404561188206,1334.7286360500611,90.88424588842426,0.0,2
464,166,1183.0644627285071,93.393153336212,1233.4597417197754,138.759076668106,0.338134765625,2
465,7,691.777563676081,367.98246083666373,737.4888534984234,453.1410430993364,0.73095703125,2
465,8,1573.3947797205492,66.10976966840511,1597.6052202794508,103.49734201197379,0.394287109375,2
465,11,848.5250695060124,300.00359503420094,882.3789238329981,366.937289207815,0.7431640625,2
465,13,1550.735282054683,26.58124809380073,1584.2754822093964,56.59266743711685,0.390380859375,1
465,65,1766.2020840659927,477.4647782748604,1911.724168895431,625.434799218654,0.0,2
465,76,1690.6390850508753,480.9472012782505,1773.2034329168105,579.7251809262729,0.0,2
465,116,1080.3242916813188,191.59885337837346,1104.8743058625585,237.99230055536896,0.64599609375,2
465,156,1318.6629660811957,69.63112780267119,1336.0483885447604,95.4401379107624,0.494140625,2
465,158,1181.5985420161578,92.26234247645068,1233.5370935276346,138.24616818545064,0.296630859375,1
465,162,1436.2145198115834,8.301467040663159,1449.5913725467162,24.992386882087036,0.0,2
465,164,979.2485078186614,122.60165358289494,1033.7514921813386,163.1970338948145,0.0,2
465,165,1317.6885294513281,67.53957257097905,1334.5549817277429,90.88088926313041,0.0,2
465,166,1183.0099081527558,93.28390311543907,1233.5599672177962,138.77620326395692,0.303955078125,2
466,7,687.3048063173574,370.67209633542956,733.9330822884714,457.64734439623845,0.7294921875,2
466,8,1573.310059823305,65.77181492298848,1597.689940176695,103.49771172468785,0.403564453125,2
466,11,845.6813098917372,302.25436599116915,879.731077359642,369.79520157621255,0.72802734375,2
466,13,1550.7582345282037,26.56310685119204,1584.2512655112612,56.57592420573418,0.36669921875,1
466,65,1766.1512525551125,477.3634754080127,1911.7680606107017,625.4286636140157,0.0,2
466,116,1078.2409968593224,193.59559931054062,1102.6934327091908,239.22331449826504,0.67724609375,2
466,156,1318.254384040113,69.94175858746094,1335.451078908434,95.566743095088,0.49609375,2
466,158,1181.5526332101585,92.18689529709903,1233.5340769914924,138.2085006484219,0.0,1
466,162,1436.1492530765588,8.47324460655382,1449.3987574876298,25.005249799364513,0.0,2
466,164,979.3061333454199,122.59163139545575,1033.6938666545802,163.10116955102853,0.0,2
466,165,1317.588922233839,67.63868902313749,1334.3813274053596,90.87753263783657,0.0,2
466,166,1182.4604877585807,93.37597223790065,1233.0019369860847,138.7759064373019,0.301513671875,1
467,7,685.7356061643671,371.61689501150363,732.6739517740955,459.26944445809323,0.7294921875,2
467,8,1573.2918308234732,65.64593585716341,1597.708169176527,103.49799351885028,0.401611328125,2
467,11,844.7072344093843,303.0655638329716,878.7613069389535,370.8150914966644,0.72802734375,2
467,13,1550.7799757692223,26.55802510811072,1584.2284081894213,56.57039169235938,0.368408203125,1
467,65,1766.1004203177063,477.26217254116494,1911.8119530524991,625.4225280093773,0.0,2
467,116,1077.463696689266,194.3404189803878,1102.0201399664984,239.64644843199378,0.67919921875,2
467,156,1318.1298636656977,70.05351343559124,1335.2200546346862,95.60687886804955,0.49609375,2
467,158,1181.5067242233033,92.11144811774737,1233.5310606362063,138.17083311139316,0.0,1
467,162,1436.0839864666132,8.645022172444481,1449.2061423034647,25.01811271664199,0.0,2
467,164,979.3637588718315,122.58160920801656,1033.6362411281684,163.00530520724257,0.0,2
467,165,1317.4893150164148,67.73780547529593,1334.2076730829108,90.87417601254272,0.0,2
467,166,1182.2351505853492,93.40187825157224,1232.8473624958567,138.77209036565583,0.304931640625,1
468,7,679.6495771106974,376.30978701384316,726.1473841333849,463.2204752994931,0.74755859375,2
468,8,1573.3658265880213,65.8480394118375,1597.634173411979,103.4982356932748,0.39990234375,2
468,11,839.9403138681745,306.5011550891481,874.1411363593269,374.79546364916143,0.740234375,2
468,13,1551.9336625586316,26.58869997800511,1585.054379351898,56.60001880532745,0.383056640625,1
468,65,1766.0495873537739,477.16086967431715,1911.8558462208225,625.4163924047389,0.0,2
468,116,1074.4367577003597,194.8352044812019,1099.7153604591438,241.49307311154735,0.673828125,2
468,156,1317.6147305550442,70.02770939636552,1334.633316064887,95.55299342062814,0.5,2
468,158,1182.1335479730185,93.6400166896884,1232.8647091349026,138.49533203302713,0.25537109375,2
468,162,1436.0187199817465,8.816799738335142,1449.0135269942207,25.030975633919468,0.0,2
468,164,979.4213843978963,122.57158702057737,1033.5786156021036,162.9094408634566,0.0,2
468,165,1317.389707799056,67.83692192745437,1334.034018760397,90.87081938724887,0.0,2
468,166,1182.213129314511,93.80085006730829,1232.7461025279201,138.89980828995743,0.30078125,1
469,7,673.4904402407235,379.2503770785381,720.8217358117338,467.3388739256177,0.7373046875,2
469,8,1573.3655310790903,65.80456444068813,1597.6344689209095,103.49845335332539,0.422607421875,2
469,11,836.3847471961114,309.96199874654246,870.353929020683,377.9526945079307,0.7578125,2
469,13,1551.3795294874783,26.601748827689143,1584.3732568321452,56.48807993880284,0.359375,1
469,65,1765.9987536633153,477.0595668074694,1911.8997401156723,625.4102568001005,0.0,2
469,116,1071.8244324256054,195.73026246468928,1097.5068027253662,242.88793313002404,0.6875,2
469,156,1316.348096715987,70.19840774920347,1333.5247359426987,95.83634221034892,0.458984375,2
469,158,1182.1575922543195,93.72334657498612,1232.7926697528508,138.49351434795562,0.0,2
469,162,1435.9534536219587,8.988577304225803,1448.8209115598975,25.043838551196945,0.0,2
469,164,979.4790099236143,122.56156483313816,1033.5209900763857,162.81357651967062,0.0,2
469,165,1317.2901005817623,67.93603837961281,1333.8603644378181,90.86746276195503,0.0,2
469,166,1181.162375956609,94.19842479544846,1231.6876564207741,139.07308007928285,0.322509765625,2
470,7,671.2343036711783,380.2791244507192,718.9817085950804,468.7979067445672,0.7373046875,2
470,8,1573.3392942206024,65.6666585461955,1597.6607057793976,103.49863407085829,0.42431640625,2
470,11,835.1477366757355,311.22012025240093,868.9743980043202,379.0694144055667,0.7578125,2
470,13,1551.134243051425,26.576912795713753,1584.1435770857138,56.47738003286025,0.357666015625,1
470,65,1765.9479192463302,476.9582639406217,1911.9436347370481,625.404121195462,0.0,2
470,116,1070.8661440602625,196.04238180124682,1096.7674755319292,243.38030706294828,0.6875,2
470,156,1315.8622358134478,70.25787768348115,1333.1420336233602,95.93757462897129,0.462890625,2
470,158,1182.181636949961,93.80667646028385,1232.7206299564584,138.49169666288412,0.0,2
470,162,1435.88818738725,9.160354870116464,1448.6282960004955,25.056701468474422,0.0,2
470,164,979.5366354489855,122.55154264569897,1033.4633645510144,162.71771217588463,0.0,2
470,165,1317.1904933645337,68.03515483177125,1333.6867101151738,90.86410613666118,0.0,2
470,166,1180.708284703611,94.33518653105443,1231.3917985637968,139.132903478532,0.32763671875,2
471,7,667.5901835598977,382.545088177549,715.4407043708175,471.21042021231204,0.78271484375,2
471,8,1573.4076079143952,65.86375580084204,1597.5923920856046,103.49879080616347,0.38671875,2
471,11,832.8983199586033,313.1059009580035,867.4661274862705,382.8538608095735,0.7607421875,2
471,13,1552.087171318142,26.47565003886245,1584.9922459492645,56.56716984389493,0.422607421875,1
471,65,1765.897084102819,476.85696107377396,1911.98753008495,625.3979855908236,0.0,2
471,116,1066.770493245643,195.14690818160693,1093.5004034145707,244.0139651453127,0.716796875,2
471,156,1315.888205031476,71.88424986506647,1332.820541467806,96.83608222312942,0.4921875,2
471,158,1182.205682059943,93.89000634558158,1232.6485897457255,138.48987897781262,0.0,2
471,162,1435.82292127762,9.332132436007123,1448.4356803160147,25.069564385751903,0.0,2
471,164,979.5942609740099,122.54152045825978,1033.40573902599,162.62184783209867,0.0,2
471,165,1317.0908861473704,68.13427128392969,1333.5130557924645,90.86074951136733,0.0,2
471,166,1181.2956632057303,94.6315268204811,1231.5719852821176,138.89696272432298,0.34326171875,1
472,7,662.9663473748557,384.30435660624784,711.684330751374,474.4868374955331,0.7646484375,2
472,8,1573.2321965349593,65.32143129267209,1597.7678034650407,103.62287128282978,0.435791015625,2
472,11,831.310632715157,316.32690557517435,865.8209047885044,385.9231823447513,0.75341796875,2
472,13,1551.3686796746395,26.500319063381866,1584.4103675305114,56.725308438069845,0.381103515625,1
472,65,1765.8462482327818,476.7556582069262,1912.0314261593785,625.3918499861852,0.0,2
472,116,1063.56009684996,196.61025191348807,1089.1715531563189,243.616295410209,0.65673828125,2
472,156,1314.8088630318457,72.37176421673281,1331.8248106169835,97.2957667059025,0.52734375,2
472,158,1182.2297275842652,93.9733362308793,1232.5765491206519,138.48806129274112,0.0,2
472,162,1435.757655293069,9.503910001897783,1448.243064506455,25.082427303029377,0.0,2
472,164,979.6518864986875,122.53149827082058,1033.3481135013124,162.5259834883127,0.0,2
472,165,1316.991278930272,68.23338773608813,1333.3394014696898,90.85739288607348,0.0,2
472,166,1181.2088538161029,94.35143163186319,1231.9675795267601,138.9336669450418,0.306640625,1
473,7,661.3222649554119,384.89547911733024,710.3868236708213,475.6374381054652,0.7646484375,2
473,8,1573.2216893241007,65.18125005789003,1597.7783106758993,103.6078453502671,0.43212890625,2
473,11,830.8030569476471,317.49580320942425,865.2867912725949,387.006408067139,0.75341796875,2
473,13,1551.1249915929802,26.572732473768532,1584.1546404489866,56.78550033410267,0.388671875,1
473,65,1765.7954116362182,476.65435534007844,1912.075322960333,625.3857143815468,0.0,2
473,116,1062.452466948423,197.15051283205895,1087.5601530717795,243.39615919451367,0.65673828125,2
473,156,1314.4327696510516,72.60404303145796,1331.4630937044246,97.39507767964504,0.52734375,2
473,158,1182.2537735229282,94.05666611617703,1232.5045080812383,138.48624360766962,0.0,2
473,162,1435.692389433597,9.675687567788444,1448.0504485718163,25.095290220306858,0.0,2
473,164,979.7095120230183,122.52147608338139,1033.2904879769817,162.4301191445267,0.0,2
473,165,1316.8916717132392,68.33250418824657,1333.1657471468504,90.85403626077964,0.0,2
473,166,1181.2065252936661,94.24223212191343,1232.0957900932822,138.82038603360087,0.332763671875,1
474,7,653.798907011242,387.98250059349425,704.286385159179,481.374919556472,0.78125,2
474,8,1573.268247485628,65.19303326965402,1597.731752514372,103.53997097573091,0.42626953125,2
474,11,826.476224946391,320.8221885997422,861.5090195752259,391.265797802949,0.7294921875,2
474,13,1550.9745030872296,26.47750282551011,1584.114485032235,56.8079783212938,0.422607421875,1
474,65,1765.7445743131284,476.5530524732307,1912.119220487814,625.3795787769084,0.0,2
474,116,1057.0099997471123,199.31693218323733,1082.2020452514519,246.26814583136536,0.544921875,2
474,156,1314.281892274304,72.74108718350621,1331.3743540141704,97.48432721105883,0.537109375,2
474,158,1182.2778198759315,94.13999600147476,1232.432466627484,138.48442592259815,0.0,2
474,162,1435.627123699204,9.847465133679105,1447.8578325120986,25.10815313758434,0.0,2
474,164,979.7671375470023,122.5114538959422,1033.2328624529978,162.33425480074075,0.0,2
474,165,1316.7920644962712,68.43162064040501,1332.9920928239453,90.85067963548579,0.0,2
474,166,1181.7334685539715,94.32152825848964,1232.6304454251856,138.902297972655,0.39599609375,1
474,167,1499.2147087128492,26.764875085399524,1513.1159582574599,45.83895828588915,0.285400390625,2
475,7,645.7658848392095,389.0919627062109,699.0723799302472,487.3693883741774,0.751953125,2
475,8,1573.264542955499,65.07768138274889,1597.7354570445011,103.51385884197066,0.42626953125,2
475,11,823.3409622437464,323.61231652633666,858.7761022930301,394.76147682682506,0.708984375,2
475,13,1550.8658473425432,26.473153117385213,1584.1519665413762,56.97042608236464,0.43017578125,1
475,65,1767.3301849608733,479.22604284219545,1910.6685895064745,624.7553375946965,0.26220703125,2
475,116,1053.0382416290051,201.9477430221418,1078.3532580926326,249.40349171485514,0.57568359375,2
475,156,1314.180016152393,72.78091011141035,1331.4210547088996,97.63300383440233,0.55078125,2
475,158,1182.3018666432752,94.22332588677247,1232.3604247593892,138.48260823752662,0.0,2
475,162,1435.56185808989,10.019242699569764,1447.6652163273022,25.121016054861812,0.0,2
475,164,979.8247630706395,122.501431708503,1033.1752369293604,162.2383904569548,0.0,2
475,165,1316.6924572793687,68.53073709256346,1332.8184385009754,90.84732301019194,0.0,2
475,166,1182.3044725751895,95.03506747044769,1232.4638867323995,138.86986051991167,0.304931640625,1
475,167,1498.895939678774,26.62891770332204,1512.9513232663708,45.91449016482109,0.0,2
476,7,642.462054248801,389.46233946426395,697.0084566719404,489.5912141246308,0.751953125,2
476,8,1573.2772434919466,65.0372667748183,1597.7227565080534,103.50398785490978,0.42822265625,2
476,11,822.2186004278223,324.6044054614784,857.8255149442921,396.00463178791097,0.708984375,2
476,13,1550.8358614221568,26.441588516350944,1584.1563950257218,57.00039160167968,0.42822265625,1
476,65,1767.365371111944,479.26190571419363,1910.6334802974684,624.7186418073283,0.0,2
476,116,1051.7190280441978,203.1633412163138,1076.8861832984205,250.5583440811507,0.57568359375,2
476,156,1314.1365942888956,72.78561606577554,1331.4738649988997,97.6805435029082,0.548828125,2
476,158,1182.3259138249593,94.3066557720702,1232.2883824769538,138.48079055245515,0.0,2
476,162,1435.4965926056545,10.191020265460423,1447.4726000174264,25.133878972139293,0.0,2
476,164,979.8823885939299,122.49140952106382,1033.1176114060702,162.1425261131688,0.0,2
476,165,1316.5928500625312,68.6298535447219,1332.6447841779402,90.8439663848981,0.0,2
476,166,1182.361741126427,95.1099275567074,1232.5610795500236,138.91962822397122,0.325927734375,1
476,167,1498.577170644373,26.49296032124455,1512.7866882756073,45.990022043753015,0.0,2
477,7,640.1356605982614,394.36941696008364,693.1871338071303,491.30266336595844,0.80810546875,2
477,8,1573.2612818436698,65.02530927126219,1597.7387181563302,103.623924742051,0.42431640625,2
477,11,819.939989967166,327.85215769690313,855.5622274770188,398.8364565925679,0.740234375,2
477,13,1550.8062046234154,26.461411492001577,1584.177897872917,57.10324378543622,0.42431640625,1
477,65,1767.0656784024538,479.55896765790845,1910.9341053485584,625.6342524885467,0.3388671875,2
477,116,1049.0151889925596,202.84383903008333,1074.7949741735958,251.19495743433046,0.56396484375,2
477,156,1314.042519627851,72.5915267233071,1331.6000845746837,97.75219956065642,0.541015625,2
477,158,1182.349961420984,94.38998565736793,1232.2163397801783,138.47897286738365,0.0,2
477,162,1435.4313272464983,10.362797831351084,1447.2799835824721,25.14674188941677,0.0,2
477,164,979.9400141168735,122.48138733362461,1033.0599858831265,162.04666176938284,0.0,2
477,165,1316.493242845759,68.72896999688034,1332.4711298548398,90.84060975960425,0.0,2
477,166,1183.9898132209144,96.0064050737921,1232.9898117207072,138.8125112472628,0.451416015625,2
477,167,1498.2584016096462,26.35700293916706,1512.6220532851696,46.065553922684956,0.0,2
478,7,636.4014142020102,399.41374611796095,688.4872866679297,494.0335909870959,0.74462890625,2
478,8,1573.2699290951145,65.02382603043658,1597.7300709048852,103.66931009779897,0.414794921875,2
478,11,817.653514375151,331.6034663129156,853.3342199363766,402.2852580364051,0.74609375,2
478,13,1550.8359950983702,26.500684894381948,1584.1464526723378,57.11010609986481,0.449462890625,1
478,65,1767.942967726524,481.40871663971615,1910.057016238524,625.0531273969627,0.299072265625,2
478,116,1045.6681431534362,204.16279568541674,1071.5895215528426,252.86791793497557,0.68603515625,2
478,156,1312.8415312296313,72.51088885214071,1330.859396185634,97.89586722943534,0.5390625,2
478,158,1178.4163263158864,99.95884067199933,1227.8341115894905,141.65377847530894,0.3310546875,2
478,162,1435.366062012421,10.534575397241746,1447.0873670224387,25.159604806694247,0.0,2
478,164,979.9976396394702,122.47136514618542,1033.0023603605298,161.95079742559687,0.0,2
478,165,1316.3936356290517,68.82808644903878,1332.297475531674,90.8372531343104,0.0,2
478,166,1184.8597659252007,96.65025948938833,1232.891191631815,138.582568753217,0.422607421875,2
478,167,1497.9396325745936,26.221045557089575,1512.4574182950578,46.14108580161689,0.0,2
479,7,635.0769943834084,401.2239174550694,686.9366649034425,494.9435353553758,0.74755859375,2
479,8,1573.2531417261805,64.96433301666428,1597.7468582738195,103.74788955354735,0.414794921875,2
479,11,816.8224881511818,332.9419701516144,852.627646388114,403.4940594251665,0.74609375,2
479,13,1550.8559746632811,26.51630224824783,1584.1272049938584,57.11123429563678,0.447509765625,1
479,65,1767.94355539751,481.8118464286988,1910.056495201915,625.0970341635916,0.30810546875,2
479,116,1044.4430841885003,204.5101602775558,1070.5002788411816,253.5863431871002,0.689453125,2
479,156,1312.3168260145687,72.47373233952254,1330.6706926006475,97.94352551960357,0.54296875,2
479,158,1177.41672780498,100.08222761095872,1228.470084786482,141.78758574594247,0.32763671875,2
479,162,1435.3007969034225,10.706352963132405,1446.8947503373263,25.172467723971728,0.0,2
479,164,980.0552651617202,122.46134295874623,1032.9447348382798,161.85493308181088,0.0,2
479,165,1316.2940284124097,68.92720290119722,1332.1238212084434,90.83389650901655,0.0,2
479,166,1185.1606604700182,96.87731908933415,1232.8637618861906,138.4977197113314,0.42626953125,2
479,167,1497.6208635392154,26.08508817501209,1512.292783305272,46.21661768054882,0.0,2
480,7,628.6780022169658,407.766949545156,679.6299249971255,500.6372842336823,0.74462890625,2
480,8,1573.295363951372,65.06781941645586,1597.7046360486277,103.77705277435582,0.445556640625,2
480,11,811.7465033694624,335.9582259042395,848.3888085028614,408.056281865956,0.74609375,2
480,13,1550.7560599141566,26.398947495220007,1584.2285812383966,57.23410030542951,0.462890625,1
480,65,1767.2798591873395,480.6978350052825,1910.720209863938,625.3641315340012,0.32421875,2
480,116,1042.1153975715447,206.81919810987773,1067.2228327451153,253.56944612756,0.60595703125,2
480,156,1309.8432728198018,72.57731395463325,1328.9492198108978,99.3134231574871,0.51171875,2
480,158,1166.63715566433,101.7632616326131,1212.997452641394,142.21050071510416,0.355712890625,2
480,162,1435.235531919503,10.878130529023064,1446.7021335271352,25.1853306412492,0.0,2
480,165,1316.194421195833,69.02631935335566,1331.9501668851476,90.83053988372271,0.0,2
480,166,1187.344938549415,96.3217704081371,1234.7871647525792,138.21634615045053,0.29345703125,2
480,167,1497.3020945035112,25.9491307929346,1512.1281483158116,46.29214955948076,0.0,2
481,7,622.1513208534035,412.6173121231129,673.3334630862656,505.65147111553495,0.7744140625,2
481,8,1573.35565159766,65.2333608520281,1597.6443484023403,103.78728479546741,0.437744140625,2
481,11,808.4276559910691,339.10968439862415,845.392713604661,411.4119855759911,0.74169921875,2
481,13,1550.7643824593076,26.355144153513592,1584.221777908329,57.21757086859135,0.453369140625,1
481,65,1766.8392984616903,480.0249046699289,1911.1607719095182,625.7124544681419,0.376708984375,2
481,116,1038.793833771701,205.52597888301966,1063.632814956754,251.61062381430884,0.59814453125,2
481,156,1309.047263308143,72.85589554985276,1328.1941721823705,99.82143196469566,0.515625,2
481,158,1164.615498592545,101.60701895327594,1209.3594041829735,142.23082958984173,0.338134765625,2
481,162,1435.1702670606624,11.049908094913725,1446.509516591865,25.198193558526683,0.0,2
481,165,1316.0948139793213,69.1254358055141,1331.7765125617864,90.82718325842886,0.0,2
481,166,1188.4812626439732,96.41904159488988,1235.1544754608083,138.05134192895162,0.37744140625,1
481,167,1496.9833254674813,25.81317341085711,1511.963513326677,46.36768143841269,0.0,2
482,7,619.8118250290208,414.33264699368294,671.1503333127891,507.420068010535,0.7744140625,2
482,8,1573.3851976139945,65.235748174304,1597.6148023860053,103.72834170361143,0.439697265625,2
482,11,807.1966465544181,340.2271376747972,844.3913035320829,412.59067379196205,0.74169921875,2
482,13,1550.75245022221,26.277572536222486,1584.2352574584136,57.209699504800554,0.46875,1
482,65,1766.701151547887,479.76716633157434,1911.2989139038125,625.842476034652,0.37744140625,2
482,116,1037.5797976263448,205.0205739554368,1062.4829349933011,251.1117154257082,0.60009765625,2
482,156,1308.7945255290904,72.95933238860836,1327.8883900886992,100.00738124180947,0.513671875,2
482,158,1163.9404031063145,101.53190191900742,1207.091391669531,142.23066375308835,0.338134765625,2
482,162,1435.1050023269008,11.221685660804386,1446.316899531516,25.211056475804163,0.0,2
482,165,1315.995206762875,69.22455225767254,1331.60285823836,90.82382663313501,0.0,2
482,166,1189.011455132642,96.51027490781108,1235.1555897219096,138.05461174216163,0.361083984375,1
482,167,1496.6645564311257,25.677216028779625,1511.7988783378685,46.44321331734463,0.0,2
483,7,615.4739164092723,417.0921507360274,667.1673110544383,510.6866459503784,0.80810546875,2
483,8,1573.4022421353684,65.29953888564015,1597.5977578646316,103.76736188007443,0.439697265625,2
483,11,804.2160624618572,340.68491495125284,842.7642970364507,415.3992914264063,0.751953125,2
483,13,1550.7055415389223,26.15649239515503,1584.2835663824974,57.23632933551963,0.458984375,1
483,65,1765.4946578687477,481.4072014076306,1908.532626129292,625.6406181299878,0.35302734375,2
483,116,1033.3271938719627,205.05579173637142,1059.0707392345134,253.14165372823024,0.57177734375,2
483,156,1308.676841686653,72.93211128214062,1327.8359245829884,100.25071425924531,0.5283203125,2
483,158,1161.8531288557317,103.11032113467543,1201.2322627940114,142.34727881184006,0.363037109375,2
483,162,1435.039737718218,11.393463226695046,1446.124282346088,25.223919393081637,0.0,2
483,165,1315.8955995464937,69.32366870983098,1331.4292039148688,90.82047000784117,0.0,2
483,166,1190.6212372539135,96.84971066011296,1235.708057774271,137.99623986355377,0.30322265625,1
483,167,1496.3457873944442,25.54125864670214,1511.6342433493855,46.51874519627657,0.0,2
484,7,609.49461927336,419.756541253612,661.8959872087753,514.523558947314,0.79443359375,2
484,8,1573.4472759428136,65.26243452635244,1597.5527240571867,103.59576091756642,0.42626953125,2
484,11,801.2398598686858,342.50520280126784,840.2289999908381,418.09352562413557,0.767578125,2
484,13,1550.7065108246873,26.050130654753893,1584.2838321698848,57.1835776688107,0.455078125,1
484,65,1764.9455094476123,481.5285729811674,1907.5797271227038,625.5610784333796,0.36376953125,2
484,116,1030.1978385503774,207.7423557616482,1055.5590474042506,255.34694034835428,0.65673828125,2
484,156,1309.5426798297244,74.08118370594222,1327.9224166245754,100.5167959204177,0.470703125,2
484,158,1162.4466535065112,105.33179789965786,1197.8437349882124,142.38127882869313,0.2958984375,2
484,162,1434.9744732346144,11.565240792585705,1445.931665035581,25.236782310359118,0.0,2
484,165,1315.7959923301776,69.42278516198942,1331.255549591312,90.81711338254732,0.0,2
484,166,1191.6607262731388,97.22004375867752,1235.4429739018294,137.60182875360212,0.388671875,1
484,167,1496.0270183574369,25.40530126462465,1511.4696083612282,46.594277075208495,0.0,2
485,7,607.3621122011116,420.6622495039386,660.0585697783836,515.8636772929938,0.79443359375,2
485,8,1573.4326431693908,65.24894506087725,1597.5673568306092,103.65455533628763,0.42626953125,2
485,11,800.1875904915153,343.12839491995965,839.330529105003,419.0325007302521,0.767578125,2
485,13,1550.7240784174082,26.011340543343593,1584.267386625741,57.16246431947087,0.455078125,1
485,65,1764.796519146897,481.5673758830919,1907.1861060983535,625.5299829403464,0.36474609375,2
485,116,1029.1437126671528,208.63837022716478,1054.2875025653111,256.04573582319097,0.6533203125,2
485,156,1309.9454919418633,74.45672153984921,1327.9387963576476,100.54212070440077,0.470703125,2
485,158,1163.117256160184,106.1172763394051,1196.3722217091504,142.51297091514235,0.2861328125,2
485,162,1434.9092088760895,11.737018358476366,1445.739047599995,25.249645227636595,0.0,2
485,165,1315.6963851139267,69.52190161414786,1331.0818952676902,90.81375675725347,0.0,2
485,166,1192.0846463368653,97.28734136069056,1235.265670431471,137.5204242611025,0.39599609375,1
485,167,1495.708249320104,25.26934388254716,1511.304973373397,46.669808954140436,0.0,2
486,7,597.9887547770606,425.82846312531507,651.966692261938,523.1553631341271,0.7744140625,2
486,8,1573.331570787809,64.87287327862526,1597.668429212191,103.67682858830963,0.445556640625,2
486,11,795.8486275606522,346.97011347859404,835.2500376217174,423.4630165242302,0.73583984375,2
486,13,1550.717889044682,25.967530183699623,1584.2745755501553,57.18459399726113,0.441650390625,1
486,65,1765.625205641557,481.5754641245063,1908.1643775191724,625.5172774863355,0.3583984375,2
486,116,1023.5246128530529,208.20197733755882,1049.3169932845478,257.2662728730232,0.7138671875,2
486,156,1310.352269444297,74.15255194978802,1328.7107174786956,100.8524487578316,0.48046875,2
486,158,1161.5643665907023,106.88809671744094,1194.2575124636653,142.66927936999272,0.0,2
486,162,1434.8439446426435,11.908795924367027,1445.5464300393303,25.262508144914072,0.0,2
486,166,1192.1043086555287,96.86706424252235,1235.3032721475086,137.55664110968698,0.361083984375,1
486,167,1495.389480282445,25.133386500469676,1511.1403383858913,46.74534083307237,0.0,2
487,7,590.7004030421961,429.9005435854564,645.069852776688,528.0187100964529,0.83984375,2
487,8,1573.2404027840203,64.60863372023319,1597.7595972159797,103.8085320834338,0.437744140625,2
487,11,792.3285108013182,350.81996894444075,831.7941335639745,427.5170851234574,0.73583984375,2
487,13,1550.6754097747532,25.82910847646952,1584.3179287685807,57.19234487103065,0.447509765625,1
487,65,1765.6952502046488,481.3241746227543,1908.7942727891418,625.760115359835,0.440673828125,2
487,116,1019.6088963196412,210.82931614892172,1044.5253870663223,258.3102992196406,0.6279296875,2
487,156,1308.801865554957,73.72681234492829,1327.7658460284529,101.26768324153066,0.517578125,2
487,158,1160.0114712433656,107.6589170954768,1192.1428089960355,142.82558782484313,0.0,2
487,162,1434.7786805342764,12.080573490257686,1445.3538123535864,25.275371062191553,0.0,2
487,166,1191.7109940593991,97.07787188629388,1234.6957909326059,137.82171415723573,0.447509765625,1
487,167,1495.0707112444604,24.99742911839219,1510.9757033987114,46.8208727120043,0.0,2
488,7,588.0932078766455,431.35033124188755,642.5764396577557,529.7513439747514,0.8408203125,2
488,8,1573.224113878518,64.4488962204912,1597.7758861214818,103.7967039299743,0.437744140625,2
488,11,791.090499485572,352.2128831242928,830.5480440064919,428.9664115288647,0.73583984375,2
488,13,1550.7080422598185,25.778489853945345,1584.2860579294102,57.132935887074254,0.445556640625,1
488,65,1765.9141243419967,481.4727183105297,1908.8490805782276,625.6026779066615,0.448486328125,2
488,116,1018.1951300610488,211.5703754833477,1042.8519825006153,258.6664157993301,0.6279296875,2
488,156,1308.2486176947189,73.62017474721893,1327.3843428428195,101.3562642282466,0.515625,2
488,158,1158.4585701181736,108.42973747351265,1190.0281113062608,142.9818962796935,0.0,2
488,162,1434.7134165509883,12.252351056148346,1445.1611945427637,25.288233979469027,0.0,2
488,166,1191.615321110335,97.15258938214876,1234.3833794464708,137.9249649439859,0.455078125,1
488,167,1494.75194220615,24.8614717363147,1510.8110684118571,46.89640459093624,0.0,2
489,7,583.8234130231897,434.7402477985266,638.3708548409626,532.7354530419359,0.7919921875,2
489,8,1573.2677945579392,64.51449515956253,1597.7322054420608,103.79152438332136,0.42822265625,2
489,11,788.5426993213827,354.3817545028149,828.4003337501576,432.121315472764,0.73388671875,2
489,13,1550.736569541071,25.63781542934795,1584.2582268315696,56.98616218708892,0.47265625,1
489,65,1765.964199858889,481.5250085138048,1908.909627913657,625.5416093167541,0.439697265625,2
489,116,1016.6289974121336,213.92960753711347,1040.4903846879283,259.38881011958176,0.71044921875,2
489,156,1307.6220787183117,73.81927661523024,1326.6959062265737,101.62394249096842,0.57958984375,2
489,158,1156.9056632151264,109.2005578515485,1187.913419394341,143.1382047345439,0.0,2
489,162,1434.6481526927791,12.424128622039007,1444.9685766068621,25.301096896746508,0.0,2
489,166,1191.4541702824501,98.10770974197816,1233.3756388632642,138.02750915264096,0.3115234375,2
489,167,1494.433173167514,24.725514354237212,1510.6464334253292,46.97193646986817,0.0,2
490,7,576.5923013231787,436.9052000298492,632.8533920273762,537.6877296278635,0.7841796875,2
490,8,1573.197974424397,64.23364103884218,1597.802025575603,103.85081569028003,0.443603515625,2
490,11,784.459820372915,356.35804558580315,824.9765266462896,435.4358421466516,0.751953125,2
490,13,1550.5919452292082,25.21567841803749,1584.4034639848685,56.930442184290484,0.4921875,1
490,65,1766.1613325539697,482.0372078536361,1908.759165350866,625.5179029586664,0.400634765625,2
490,116,1013.9764261837888,216.1619632832372,1037.9082770044827,261.75855729431214,0.7490234375,2
490,156,1307.3908823840018,74.13775882021298,1326.451644398429,102.08505794387806,0.61328125,2
490,158,1155.352750534224,109.97137822958435,1185.7987332602763,143.29451318939428,0.0,2
490,166,1190.9635586110307,99.1516970007145,1232.4016592544453,138.38071115211272,0.357666015625,2
490,167,1494.114404128552,24.589556972159727,1510.4817984391266,47.04746834880011,0.0,2
491,7,573.9571141563534,437.64064280932973,630.9431221555332,539.4562436947193,0.78125,2
491,8,1573.1918689525937,64.1303073264458,1597.8081310474063,103.87271166347419,0.441650390625,2
491,11,782.9946897688651,357.03877423736236,823.7390191906703,436.60890075776183,0.751953125,2
491,13,1550.5660441966877,25.059040618646176,1584.4298678369487,56.909776416836294,0.490234375,1
491,65,1766.1887744012174,482.2261986663775,1908.753498190632,625.5085455940257,0.39794921875,2
491,116,1013.0875253485281,216.94560681449246,1037.046782263694,262.59726956409986,0.74755859375,2
491,156,1307.312145254351,74.19354898344314,1326.377323558349,102.31223594645397,0.611328125,2
491,158,1153.7998320754666,110.7421986076202,1183.684052904067,143.45082164424468,0.0,2
491,166,1190.7083278303369,99.52953569829165,1232.1039385111794,138.51193283517324,0.359375,2
491,167,1493.7956350892644,24.45359959008224,1510.3171634532498,47.12300022773205,0.0,2
491,170,1181.283665490417,102.24067717715238,1219.0735170897615,141.86518804176666,0.318359375,2
492,7,564.4237199516373,442.9558872298423,622.4344448194119,546.1231000734381,0.79833984375,2
492,8,1573.2081281148828,64.15626036372646,1597.7918718851174,103.94205021545731,0.451416015625,2
492,11,777.564834838491,362.6128694352885,818.5151633237829,442.3482478089379,0.75927734375,2
492,13,1550.5825774523482,24.941729369757972,1584.4138057851846,56.840787005119736,0.494140625,1
492,65,1767.149007508286,482.2917925967615,1909.7911934602264,625.5047600805808,0.43505859375,2
492,116,1007.2920796543104,216.57279544992392,1032.4409538472962,264.2406149436183,0.74462890625,2
492,156,1307.2914411885008,74.88623665680112,1326.3664217556081,103.18730266947593,0.6875,2
492,158,1152.2469078388542,111.51301898565605,1181.5693783257127,143.60713009909506,0.0,2
492,166,1190.8586747869529,99.84843713896774,1231.9589446400666,138.55274489844203,0.0,2
492,167,1493.4768660496509,24.317642208004752,1510.1525284676989,47.198532106663976,0.0,2
492,170,1188.4831976492203,100.66200242908855,1226.203098567591,139.847376830412,0.382080078125,1
493,7,556.8922501094289,446.6084967092435,615.5487530831513,549.777758384221,0.8173828125,2
493,8,1573.2965037519896,64.35486686322213,1597.7034962480107,103.90590821705221,0.441650390625,2
493,11,774.5713373021036,366.63428635225114,815.6521732708012,446.40980545578833,0.74755859375,2
493,13,1550.5288772775025,24.716171952758284,1584.4679292375827,56.815169493029416,0.513671875,1
493,65,1767.2598857533326,481.8145546763369,1910.4335199226655,625.5031316158618,0.38671875,2
493,116,1002.3604731419063,219.7082080860064,1026.7868022678479,265.68253269216234,0.73583984375,2
493,156,1307.4342949605775,75.94434421964145,1326.2360791884187,103.94032994477665,0.67236328125,2
493,158,1150.6939778243866,112.2838393636919,1179.4547095252137,143.76343855394546,0.0,2
493,166,1191.0090214829804,100.16733857964383,1231.8139510295427,138.59355696171082,0.0,2
493,167,1493.1580970097116,24.181684825927263,1509.9878934824737,47.274063985595916,0.0,2
493,170,1190.6709394250877,100.5100942365707,1228.4009372664057,139.2671103330104,0.388671875,1
494,7,554.1533539968107,448.38769572389816,613.138545881004,551.0346947988073,0.8154296875,2
494,8,1573.3395414097658,64.4333508778814,1597.6604585902344,103.89128201561961,0.437744140625,2
494,11,773.0169934163481,368.56924217047214,814.1943195080721,448.33904532497934,0.74609375,2
494,13,1550.565940333054,24.634824985709113,1584.431227855812,56.74458235207172,0.513671875,1
494,65,1767.2812016982734,481.6303687156391,1910.6894679864192,625.5023575353764,0.383056640625,2
494,116,1000.5538662503511,220.88318003261597,1024.7744703032015,266.1834642279016,0.73583984375,2
494,156,1307.5217134103443,76.40334115612703,1326.1795940551965,104.27569627485968,0.67724609375,2
494,158,1149.1410420320638,113.05465974172775,1177.3400465025697,143.91974700879587,0.0,2
494,166,1191.159367918419,100.48624002031991,1231.6689576796073,138.6343690249796,0.0,2
494,167,1492.8393279694465,24.045727443849778,1509.8232584975742,47.34959586452785,0.0,2
494,170,1191.0426648682667,100.42566061190577,1229.1025583102714,139.04367846527992,0.393310546875,1
495,7,550.1588850536865,453.3897265412339,608.663917541851,554.8235096959821,0.81884765625,2
495,8,1573.3640437432016,64.46475489782506,1597.6359562567984,103.88515319403997,0.437744140625,2
495,11,770.4632417072957,371.1816149203774,811.863373035299,450.930325064031,0.75048828125,2
495,13,1550.5487694802896,24.423401046133314,1584.4487308919079,56.65683629209284,0.521484375,1
495,65,1767.4808082267457,481.5583031209864,1910.5860808956027,625.0063662084817,0.337158203125,2
495,116,997.6422533390245,222.77438558773048,1021.4963928295232,267.3285175252563,0.640625,2
495,156,1307.617449451641,76.68994651294945,1326.1154607486712,104.38787199413589,0.66552734375,2
495,158,1147.5881004618857,113.8254801197636,1175.2253892577805,144.07605546364624,0.0,2
495,166,1191.3097140932693,100.805141460996,1231.5239645902607,138.6751810882484,0.0,2
495,167,1492.5205589288557,23.909770061772292,1509.6586235130007,47.42512774345978,0.0,2
495,170,1190.9688947802747,100.61787380116411,1229.2460703540532,138.93174584250596,0.350341796875,1
496,7,544.157403909923,457.6500472853422,602.9239224286337,559.5915612104143,0.830078125,2
496,8,1573.3806731668926,64.47795448617714,1597.6193268331072,103.88234106678075,0.435791015625,2
496,11,767.2853983004634,375.5342473811142,808.4481790478188,454.27111429927106,0.7578125,2
496,13,1550.5972253254606,24.40944675989713,1584.4005616159855,56.62462822233446,0.53515625,1
496,65,1767.3085815693573,481.03321996463995,1910.7857929715633,624.8191762255691,0.341552734375,2
496,116,993.8166165737165,223.42993700601224,1018.2457832009425,269.2155590696103,0.533203125,2
496,156,1306.7897318363005,77.15880561809603,1324.9900447779696,104.41558805595132,0.68408203125,2
496,158,1146.0351531138526,114.59630049779945,1173.110737790847,144.23236391849665,0.0,2
496,166,1191.4600600075307,101.12404290167208,1231.3789717615023,138.71599315151718,0.0,2
496,167,1469.6124071516883,28.951553824729636,1485.5421642590002,49.58682149504011,0.267333984375,2
496,170,1190.5917634717755,100.44534108874589,1229.3967381422353,138.65892766221148,0.36669921875,1
497,7,542.0787704099043,459.14485717806406,600.9190808453703,561.2636933910318,0.830078125,2
497,8,1573.393585735774,64.48403450637002,1597.6064142642263,103.88085379847355,0.435791015625,2
497,11,766.1161794066215,377.08436808781823,807.3281910172215,455.4195734686044,0.7578125,2
497,13,1550.6379149253607,24.40905245789914,1584.3601325055622,56.61367617162621,0.53515625,1
497,65,1767.2295140455956,480.8351378650795,1910.8675688403105,624.7507908444297,0.342529296875,2
497,116,993.0010113855536,223.6399772821375,1017.5964158174526,269.88157341289025,0.533203125,2
497,156,1306.4524801457396,77.19885813732361,1324.608497110733,104.41130965059102,0.6826171875,2
497,158,1144.4821999879646,115.3671208758353,1170.9960921017685,144.38867237334702,0.0,2
497,166,1191.6104056612037,101.44294434234817,1231.233979193333,138.75680521478597,0.0,2
497,167,1468.8830361740536,28.957456795461617,1485.4420834997077,49.604978628983474,0.267333984375,2
497,170,1190.0995025880816,100.39633796687163,1229.624144248409,138.71035721215188,0.362060546875,1
498,7,530.8551872722107,464.77637081427906,589.7283220075501,567.4410475173677,0.70556640625,2
498,8,1573.437004329863,64.61112926003835,1597.5629956701373,103.87992299528634,0.416748046875,2
498,11,759.6945966881938,380.54403453115015,802.1718266748571,461.1997605186541,0.7958984375,2
498,13,1550.5902590534267,24.104100229255707,1584.4080176917396,56.48711516340023,0.56005859375,1
498,65,1766.764664223048,480.2662214547907,1911.3262482152065,625.2230028682568,0.3486328125,2
498,116,987.4403630954986,225.64733340089794,1011.9778147092634,271.5707511914248,0.642578125,2
498,156,1306.3770486172507,76.83038225711873,1324.437171581604,104.15038682154918,0.67578125,2
498,158,1142.929241084221,116.13794125387113,1168.881452190545,144.54498082819742,0.0,2
498,166,1191.760751054288,101.76184578302426,1231.088986885752,138.79761727805476,0.0,2
498,167,1467.6453028410529,29.047375122526937,1484.2568448600616,49.76032943261031,0.0,2
498,170,1188.4678623726363,100.00844844158148,1228.9830433867949,138.4929312881821,0.513671875,1
499,7,519.943807021242,467.2904532906095,581.1492462998885,573.6009833323712,0.7646484375,2
499,8,1573.4232687251654,64.53585715889322,1597.5767312748349,103.87923793303116,0.420654296875,2
499,11,754.9949714313158,383.2365340519985,798.7684788301486,466.22089113615425,0.79443359375,2
499,13,1550.542770730278,23.869378231969186,1584.4557014781585,56.440481064335835,0.56396484375,1
499,65,1766.1959726735372,479.31282608796346,1911.8866568214885,625.6499882176406,0.3583984375,2
499,116,983.0588689877346,226.9858287834198,1007.3749299682113,272.5391248117714,0.658203125,2
499,156,1306.3338200565306,76.68228136120763,1324.409700236882,104.29041744538291,0.69091796875,2
499,158,1141.3762764026226,116.90876163190698,1166.7668180571764,144.7012892830478,0.0,2
499,166,1191.9110961867837,102.08074722370034,1230.94399483876,138.83842934132355,0.0,2
499,167,1466.4075694490182,29.137293449592256,1483.07160627945,49.91568023623715,0.0,2
499,170,1187.49999785678,99.62317630215355,1228.998063883303,138.42772084251914,0.56201171875,1
500,7,515.9148165931255,468.15054284399446,578.124853011339,575.8214337731013,0.76611328125,2
500,8,1573.3905842227757,64.4458580689122,1597.6094157772243,103.9406280639547,0.418701171875,2
500,11,753.2739659919306,384.17954625171194,797.5748247505527,468.04244526325215,0.79443359375,2
500,13,1550.5532843691487,23.785057709332733,1584.4453615980278,56.42431029068764,0.56201171875,1
500,65,1766.045948051037,478.9563886849646,1912.0281956721965,625.811599145396,0.3603515625,2
500,116,981.5391360376979,227.44236294667093,1005.7600901333143,272.8574232676042,0.658203125,2
500,156,1306.4091631794895,76.61937707197205,1324.3275412010166,104.21205870150183,0.689453125,2
500,158,1139.823305943169,117.67958200994283,1164.6521897016632,144.8575977378982,0.0,2
500,166,1192.0614410586907,102.39964866437643,1230.7990030523565,138.87924140459234,0.0,2
500,167,1465.1698359979491,29.22721177665758,1481.886367757872,50.071031039863996,0.0,2
500,170,1186.9062886811403,99.49047495458932,1229.1564616416786,138.41678633528494,0.56005859375,1
501,7,513.0593319076133,473.98075880050663,574.7981031827546,581.659907981152,0.8310546875,2
501,8,1573.4182568832518,64.47427507869044,1597.5817431167482,103.90166251199571,0.414794921875,2
501,11,749.8669854539413,385.661642025059,795.197234879324,471.3084579369184,0.75634765625,2
501,13,1550.5833824144242,23.696524074470094,1584.415421359156,56.3580197646847,0.56787109375,1
501,65,1766.469242768534,479.5692688470008,1911.5965730442174,625.6245843309837,0.333740234375,2
501,116,978.0557500983799,228.43876263079937,1002.3446005125146,274.05279726818105,0.64404296875,2
501,156,1306.1676678918473,77.14581990191073,1323.5967890355546,104.35952464241362,0.69580078125,2
501,158,1138.2703297058604,118.45040238797868,1162.5375671240051,145.01390619274858,0.0,2
501,166,1192.2117856700088,102.71855010505251,1230.6540115265414,138.92005346786112,0.0,2
501,167,1463.932102487846,29.317130103722903,1480.7011292953282,50.22638184349084,0.0,2
501,170,1186.2306051129885,99.07725965176667,1229.5998139575552,138.42508239745524,0.5927734375,1
502,7,503.90048667240444,476.1037276404506,568.2605024859786,587.686628184329,0.83203125,2
502,8,1573.4003206848565,64.42390586142403,1597.5996793151432,103.94838293836196,0.418701171875,2
502,11,747.2138597633887,389.31734514275354,792.8970433297116,475.1368777180227,0.78125,2
502,13,1550.6732665990778,23.853256603768944,1584.3256774625854,56.39615250039547,0.56201171875,1
502,65,1767.0690499239818,480.30603670310165,1910.9888533183002,625.0559719462583,0.338134765625,2
502,116,974.1643834641184,228.77244154681347,998.9124036483789,275.45440518344986,0.609375,2
502,156,1305.6512166320042,77.40135667886932,1322.7685856061837,104.47001083666811,0.69091796875,2
502,158,1136.7173476906964,119.22122276601453,1160.4229503242022,145.17021464759898,0.0,2
502,166,1192.3621300207385,103.0374515457286,1230.509020261315,138.9608655311299,0.0,2
502,167,1462.6943689187087,29.407048430788223,1479.5158908918188,50.38173264711769,0.0,2
502,170,1185.7659864718719,98.93223669510164,1229.9262091477365,138.56199974716554,0.57958984375,1
503,7,500.47791938007435,476.82503060247603,566.0267244250012,589.8602981325246,0.83203125,2
503,8,1573.4000959047216,64.40553630937991,1597.5999040952786,103.96570270411283,0.418701171875,2
503,11,746.2434434796631,390.63433397513523,792.1823374492604,476.4894947019483,0.78125,2
503,13,1550.7238902688978,23.91748131857617,1584.2751804758398,56.41220073725012,0.56396484375,1
503,65,1767.2727290342193,480.5886787739021,1910.778070635652,624.8406454440958,0.34326171875,2
503,116,972.8281663667279,228.86449047705787,997.6890112062173,275.9477633793116,0.609375,2
503,156,1305.5255807395415,77.4899969192046,1322.4113012450355,104.50487938187825,0.69091796875,2
503,158,1135.1643598976775,119.99204314405038,1158.3083393022546,145.32652310244939,0.0,2
503,166,1192.5124741108796,103.35635298640469,1230.3640292566774,139.0016775943987,0.0,2
503,167,1461.4566352905374,29.496966757853542,1478.3306525473433,50.53708345074453,0.0,2
503,170,1185.3733277817307,98.76425132250077,1230.2196822883027,138.62260023661742,0.5830078125,1
504,7,491.958513554513,486.73555527839426,556.2033739538196,597.8555866705383,0.79052734375,2
504,8,1573.3736178123995,64.337456951411,1597.6263821876007,104.03369934016192,0.420654296875,2
504,11,739.3802435420089,396.4500976312028,785.8316757502489,483.2755767930227,0.7490234375,2
504,13,1550.757713610516,23.976183024878733,1584.2414669842103,56.45042458775758,0.556640625,1
504,65,1767.325986424332,481.19226459366246,1910.7187794774632,625.257914934378,0.404541015625,2
504,116,968.0368973215516,230.58285904333837,992.886399555053,277.8164440994849,0.71533203125,2
504,156,1303.9128799635914,77.88880696543575,1320.883915249727,105.1329444015744,0.66552734375,2
504,158,1133.6113663268034,120.76286352208623,1156.1937340581617,145.48283155729976,0.0,2
504,166,1192.6628179404322,103.67525442708077,1230.2190385126287,139.0424896576675,0.0,2
504,167,1459.646613842366,30.602736442877813,1474.5217445044361,50.00496487682882,0.3056640625,2
504,170,1186.2033484392996,98.95840715838135,1231.2931461049366,138.7764360364308,0.403564453125,1
504,173,1331.7676899718447,40.401381319552534,1356.2323100281553,61.631029633817796,0.445556640625,2
505,7,481.76068651679157,493.40849302217606,545.9503802402787,603.7345652618559,0.7958984375,2
505,8,1573.307344223797,64.06521506931745,1597.6926557762029,104.05888557581241,0.437744140625,2
505,11,733.0014373997101,400.0477102758926,780.5087333912888,488.20038641230053,0.7890625,2
505,13,1550.674358491248,23.784542092951593,1584.3249186249896,56.49681485818368,0.56005859375,1
505,65,1766.331655674396,481.41875177458974,1909.7227646886915,625.4166144938165,0.392333984375,2
505,116,963.4478037650377,233.17452561863206,988.1317407331559,280.21415953697635,0.6513671875,2
505,156,1303.0696593149876,77.41341478123633,1320.5722132544895,105.73389499147285,0.65478515625,2
505,158,1132.058366978074,121.53368390012209,1154.079134591924,145.63914001215016,0.0,2
505,166,1192.813161509396,103.99415586775686,1230.0740480291684,139.08330172093628,0.0,2
505,167,1458.325884392863,30.783119222829722,1473.1348928737802,50.09909457696605,0.0,2
505,170,1187.4937059604113,98.7938977634033,1232.6703285637636,138.84099547639448,0.355712890625,2
505,173,1332.8200553380227,39.45294522737981,1357.4426922875816,60.840193624767394,0.470703125,2
506,7,478.0227393356447,495.7948299794643,542.3862288511605,605.7933571053173,0.796875,2
506,8,1573.2959131747548,63.963405142598326,1597.704086825245,104.06774362937446,0.439697265625,2
506,11,730.5817797973774,401.3285697011763,778.6645428537684,489.96522123298223,0.7890625,2
506,13,1550.6647900273463,23.71466716761678,1584.3345685411664,56.51497072729566,0.56005859375,1
506,65,1765.9378992583815,481.5013515517684,1909.3657889025228,625.4764236264795,0.3857421875,2
506,116,961.9031673357682,234.1188104284182,986.3774242739903,280.83261958461645,0.6513671875,2
506,156,1302.803703575108,77.2302674045452,1320.4277831700742,105.95374506588688,0.65673828125,2
506,158,1130.5053618514896,122.30450427815794,1151.9645409035418,145.79544846700054,0.0,2
506,166,1192.963504817771,104.31305730843295,1229.9290578062964,139.12411378420506,0.0,2
506,167,1457.0051549682548,30.96350200278163,1471.7480412182294,50.19322427710329,0.0,2
506,170,1188.0094468394332,98.73916948259989,1233.1208200667752,138.86966382921452,0.35400390625,2
506,173,1333.218893429689,39.1118073195198,1357.7920324204779,60.53899795059765,0.470703125,2
507,7,472.15924919900516,498.7772048379363,537.0446595287276,609.6175057915339,0.72802734375,2
507,8,1573.3363221093591,64.0502812171988,1597.6636778906409,104.07038340103566,0.43017578125,2
507,11,727.6220576943468,405.63561470677206,775.3344489570122,493.44916421043996,0.7841796875,2
507,13,1550.8439428184304,24.030904113294085,1584.155490511839,56.491467154326216,0.541015625,1
507,65,1766.7677566946932,481.5292243921885,1910.243557464444,625.4984024855517,0.4091796875,2
507,116,959.4200298519853,234.67772924580314,983.9044379931878,281.51311519406397,0.62255859375,2
507,156,1303.1728586809907,77.03151751309778,1320.9165543938939,105.90627287678527,0.67919921875,2
507,158,1128.95235094705,123.07532465619377,1149.8499529930143,145.95175692185094,0.0,2
507,166,1193.1138478655575,104.63195874910903,1229.7840678440134,139.16492584747385,0.0,2
507,167,1454.7247034022712,29.17558388968907,1470.4138206242324,49.441649528697,0.299072265625,2
507,170,1188.7897414269453,98.60226279307902,1233.6492815340632,138.76072856514696,0.30322265625,1
507,173,1333.0139877338709,41.00033576740951,1358.2108682368298,62.96568376598516,0.57373046875,2
508,7,464.2701093589759,504.45399214849516,529.2856539086039,615.5936226834519,0.81640625,2
508,8,1573.3280682847483,63.96164521380524,1597.6719317152515,104.07069140805754,0.42431640625,2
508,11,723.0453343249471,408.6567703676409,771.8408356611841,498.0996023487517,0.81396484375,2
508,13,1550.8613154080347,23.998900457345133,1584.1381891013264,56.451906905114825,0.541015625,1
508,65,1767.0686943459402,481.5365283789555,1910.5933948518696,625.5059645896624,0.37744140625,2
508,116,956.0300670393532,237.81597373613863,979.7162655377634,282.9638322029016,0.57958984375,2
508,156,1302.3431517510896,77.01296716175784,1320.1432082595181,105.9399108433076,0.6669921875,2
508,158,1127.3993342647555,123.84614503422962,1147.7353708603423,146.10806537670132,0.0,2
508,166,1193.2641906527554,104.95086018978512,1229.6390781423188,139.20573791074264,0.0,2
508,167,1453.5564835258285,28.583143068007836,1469.5650218453295,49.16577871309215,0.3173828125,2
508,170,1188.917027319628,96.94871215426596,1234.9614405682098,138.59915602542682,0.414794921875,1
508,173,1334.549148798418,39.0778774383106,1358.7892086049671,60.191292828813765,0.490234375,2
509,7,461.5094151796861,506.47406561962526,526.5381494196386,617.7060515202141,0.81396484375,2
509,8,1573.3355424915999,63.92976693166737,1597.6644575084,104.07022486649984,0.42431640625,2
509,11,721.3677208714961,409.7107639646011,770.6685004138105,499.74940714461485,0.8154296875,2
509,13,1550.9025692831658,24.019111075581606,1584.0969935040932,56.406518746742634,0.541015625,1
509,65,1767.1681385192996,481.5363332679896,1910.7391514545586,625.5080908972525,0.367431640625,2
509,116,954.8744826603102,238.9576569960451,978.2962609695536,283.4587205144628,0.57958984375,2
509,156,1302.0350492677387,77.0034520189748,1319.8658634780147,105.94464204304722,0.6689453125,2
509,158,1125.8463118046056,124.61696541226547,1145.6207945055253,146.26437383155172,0.0,2
509,166,1193.4145331793648,105.2697616304612,1229.494088701213,139.24654997401143,0.0,2
509,167,1453.1272548432871,28.37357075011601,1469.3166438971678,49.129725575888486,0.316650390625,2
509,170,1189.0875038123465,96.33519057647086,1235.2996849187048,138.5409753131853,0.416748046875,1
509,173,1335.0992617439042,38.4080418235428,1358.9794847050948,59.18995785671813,0.494140625,2
